prd_id,prd_key,prd_nm,prd_cost,prd_line,prd_start_dt,prd_end_dt
3556,BI-TB-869-48,LL LL Road Rear Wheel - Blue- 48,2224.0,M ,2024-02-08,
4587,CO-TF-473-44,LL HL Mountain Tire - Blue- 44,3289.0,S ,2017-06-07,
2522,CL-SO-805-42,ML Hitch Rack - White- 42,3319.0,S ,2019-09-23,2020-05-31
1968,CO-CH-449-58,LL LL Mountain Frame - White- 58,2301.0,R ,2021-11-07,2026-08-10
4401,AC-BS-376-44,LL LL Road Front Wheel - Silver- 44,879.0,M ,2013-10-20,
1945,AC-HP-765-60,HL AWC Logo Cap - Blue- 60,535.0,R ,2015-03-11,2014-07-04
2122,CO-BR-815-60,ML Sport - White- 60,2870.0,R ,2020-08-04,
2839,AC-PU-946-44,LL Front Derailleur - Yellow- 44,857.0,M ,2017-03-11,
1655,AC-LO-699-52,HL ML Road Pedal - White- 52,3478.0,,2018-01-11,
5049,CL-SH-226-62,ML Long - Red- 62,332.0,R ,2024-11-19,2027-02-18
893,AC-CL-473-38,LL ML Road Frame - Yellow- 38,3019.0,M ,2022-05-06,2024-01-28
4274,AC-LI-433-52,ML LL Touring Seat/Saddle - Black- 52,1993.0,M ,2019-08-22,
1212,CO-DE-531-38,HL Rear Derailleur - Blue- 38,1301.0,T ,2023-11-17,
1099,CL-TI-434-52,LL ML Fork - Silver- 52,2014.0,M ,2018-02-27,
355,AC-HP-868-48,HL HL Fork - Silver- 48,1983.0,T ,2019-07-11,2023-12-15
2686,CO-FO-818-60,LL Short - Black- 60,,S ,2019-07-06,2021-12-21
4648,CL-SO-949-60,LL Half - Yellow- 60,1668.0,R ,2021-05-30,
4853,CO-BB-882-38,LL ML Mountain Frame - Yellow- 38,1237.0,R ,2019-12-24,
4433,CL-SH-832-52,ML Touring Pedal - White- 52,607.0,R ,2023-10-12,2028-01-27
6024,CO-CS-664-42,LL HL Bottom Bracket - Blue- 42,2773.0,S ,2015-01-11,
6307,CO-BB-683-58,ML Mountain Bike Socks - White- 58,,S ,2024-09-22,
1665,CO-RF-787-58,ML ML Road Seat/Saddle - Silver- 58,1037.0,T ,2014-09-19,2018-03-30
5635,BI-TB-954-42,HL Fender Set - White- 42,3207.0,T ,2018-10-11,
2709,CL-BS-301-52,LL HL Mountain Tire - Black- 52,513.0,,2021-04-06,2025-05-26
3622,BI-MB-399-38,HL Touring Pedal - Yellow- 38,3223.0,T ,2013-12-28,
458,AC-LI-755-42,HL Women's Mountain Shorts - Red- 42,,T ,2011-04-17,
6887,AC-BS-559-58,HL Mountain - Red- 58,,M ,2024-02-13,2026-05-22
890,BI-MB-218-42,HL Touring Pedal - Red- 42,3335.0,T ,2015-04-18,2018-10-11
1400,CO-BR-582-60,LL HL Fork - Black- 60,2320.0,S ,2011-10-26,
2273,CO-PD-218-48,LL LL Road Tire - Black- 48,2761.0,S ,2016-11-17,
4048,AC-HP-795-62,HL Cable Lock - Red- 62,217.0,S ,2024-12-11,2026-09-12
6182,CL-TI-827-58,HL ML Road Seat/Saddle - White- 58,2546.0,M ,2019-12-30,2023-03-10
5228,CO-RF-356-52,ML Front Derailleur - Silver- 52,47.0,M ,2012-02-10,
3935,CO-HB-690-48,LL HL Road Front Wheel - White- 48,1842.0,T ,2023-06-06,
5594,BI-RB-266-62,ML ML Road Rear Wheel - Yellow- 62,442.0,,2015-01-16,2017-04-19
6639,BI-TB-909-62,ML HL Road Seat/Saddle - Black- 62,,R ,2019-12-03,
5165,BI-TB-662-60,HL LL Road Seat/Saddle - White- 60,2809.0,M ,2023-08-11,
5445,AC-PA-613-48,HL Front Derailleur - White- 48,1372.0,T ,2013-01-29,
3699,AC-LI-444-58,ML Patch Kit/8 Patches - White- 58,98.0,R ,2023-05-01,
313,CO-MF-916-58,HL ML Crankset - Red- 58,1136.0,S ,2021-03-31,
5600,CO-HB-318-58,HL Taillights - Blue- 58,638.0,T ,2014-09-29,
3032,CO-CS-874-44,HL ML Headset - Blue- 44,1188.0,S ,2014-01-11,
1757,AC-FE-798-60,HL LL Mountain Tire - White- 60,580.0,T ,2024-09-11,
2840,AC-HE-232-60,HL Cable Lock - Black- 60,-50.0,S ,2021-02-21,
794,BI-MB-718-42,ML HL Mountain Frame - Blue- 42,459.0,S ,2012-12-20,
5795,AC-CL-767-60,LL LL Crankset - Blue- 60,2525.0,R ,2024-11-12,
911,BI-TB-116-38,ML ML Mountain Front Wheel - White- 38,742.0,T ,2016-05-22,2019-08-23
579,CO-FO-685-44,LL ML Touring Seat/Saddle - Yellow- 44,1652.0,R ,2013-07-14,
5772,CO-SA-774-48,HL LL Road Front Wheel - Yellow- 48,1486.0,T ,2022-03-26,
6300,CO-HB-485-48,HL LL Road Tire - Yellow- 48,,S ,2015-03-17,
4449,CO-TF-758-48,LL ML Mountain Front Wheel - Yellow- 48,1610.0,S ,2014-11-05,
595,AC-PA-593-58,HL ML Bottom Bracket - White- 58,53.0,,2012-07-08,
3701,CO-CS-778-52,LL LL Mountain Tire - White- 52,3349.0,M ,2017-12-17,2022-01-12
5270,BI-MB-334-38,LL Full - Black- 38,,S ,2023-12-30,2026-06-22
2116,CL-BS-794-44,ML HL Road Seat/Saddle - Blue- 44,2085.0,M ,2011-07-31,2013-11-25
546,AC-LO-521-48,ML LL Mountain Rear Wheel - Black- 48,138.0,M ,2016-02-03,
5911,CO-BR-310-42,LL Mountain Bike Socks - Silver- 42,780.0,M ,2024-10-05,2028-01-18
1087,AC-BR-830-58,ML HL Headset - White- 58,2309.0,R ,2017-08-09,
1616,BI-MB-904-42,HL ML Road Handlebars - Blue- 42,3074.0,R ,2024-07-15,2028-04-30
1913,CO-DE-105-48,LL HL Road Front Wheel - Silver- 48,14.0,S ,2011-04-21,2014-02-26
4682,AC-LO-244-48,ML ML Road Rear Wheel - White- 48,1750.0,R ,2019-06-27,2022-02-05
1277,AC-LI-381-60,LL Mountain - Silver- 60,592.0,R ,2015-12-07,
4747,CL-GL-721-58,HL ML Crankset - Yellow- 58,2531.0,S ,2023-09-09,2024-10-09
5433,AC-HE-814-44,ML ML Mountain Pedal - Yellow- 44,,R ,2014-11-26,
3196,AC-HE-519-44,ML LL Road Frame - Yellow- 44,3489.0,S ,2020-10-29,
4112,CL-SH-462-42,ML Sport - Red- 42,24.0,S ,2021-06-25,
1754,AC-PA-885-38,ML LL Touring Seat/Saddle - Red- 38,2395.0,S ,2017-12-25,2021-10-31
827,CO-HS-640-52,HL Mountain Bike Socks - Red- 52,1909.0,R ,2023-08-24,2026-12-14
2112,CO-WH-903-44,HL LL Mountain Handlebars - Yellow- 44,2156.0,T ,2015-01-07,
1567,CO-BB-608-42,HL Taillights - White- 42,1050.0,T ,2014-06-07,
1482,AC-FE-837-38,HL Front Derailleur - Black- 38,3056.0,T ,2013-02-11,
213,CO-DE-312-60,HL HL Mountain Tire - Black- 60,1193.0,M ,2022-02-03,2023-05-14
5103,CL-JE-216-38,LL ML Mountain Pedal - White- 38,1779.0,S ,2016-10-25,
2621,AC-HE-643-60,ML HL Mountain Tire - Silver- 60,634.0,M ,2014-08-01,2018-12-16
3385,AC-HE-378-44,LL Road Bottle Cage - Yellow- 44,3108.0,T ,2024-12-05,
4448,BI-RB-173-60,LL HL Road Rear Wheel - Yellow- 60,2056.0,S ,2014-11-23,2018-08-04
3212,AC-BC-479-42,HL LL Mountain Rear Wheel - Yellow- 42,388.0,T ,2020-07-25,2023-11-18
1903,CO-CS-377-60,LL Classic Vest - Red- 60,,,2020-12-22,2024-05-30
5362,CO-HB-798-44,HL LL Mountain Handlebars - Yellow- 44,2350.0,S ,2019-03-24,
3370,AC-FE-356-44,LL HL Mountain Front Wheel - Yellow- 44,280.0,M ,2018-10-27,
601,CO-DE-652-60,LL LL Bottom Bracket - Black- 60,3229.0,M ,2011-09-30,
2428,AC-PA-737-48,LL Touring - Silver- 48,2849.0,R ,2018-12-18,2020-06-29
3779,AC-FE-255-52,ML ML Bottom Bracket - Blue- 52,3254.0,T ,2019-11-21,2023-12-19
3915,CO-WH-898-38,LL HL Road Rear Wheel - Red- 38,2909.0,M ,2021-05-17,
4888,CO-DE-862-52,ML LL Mountain Seat/Saddle - White- 52,1312.0,S ,2019-01-27,
5763,AC-BC-638-48,HL ML Fork - Red- 48,2668.0,M ,2021-06-10,
1707,CO-HB-352-48,LL LL Road Seat/Saddle - Red- 48,2657.0,M ,2019-10-05,2023-07-25
4633,CO-HS-143-62,LL ML Touring Seat/Saddle - White- 62,3472.0,S ,2012-05-27,2014-06-12
1840,CO-HB-144-42,ML LL Mountain Pedal - White- 42,2673.0,M ,2015-08-08,
3373,AC-CL-177-60,ML LL Mountain Rear Wheel - Silver- 60,2516.0,S ,2020-01-29,
1009,CL-CA-601-58,HL Chain - Yellow- 58,8.0,T ,2011-04-03,2013-12-20
1663,AC-TT-707-42,ML ML Fork - Red- 42,2333.0,T ,2013-12-23,
5264,CL-SO-584-62,LL HL Crankset - Black- 62,1249.0,S ,2011-01-06,2013-01-19
1158,CO-HS-943-38,HL Mountain Pump - Blue- 38,2734.0,R ,2021-10-09,
3836,AC-CL-148-38,HL HL Touring Handlebars - Yellow- 38,1686.0,T ,2016-03-09,2017-01-02
4126,CL-JE-559-42,ML HL Mountain Seat/Saddle - Red- 42,,,2022-08-29,2024-12-24
1974,AC-PA-826-42,ML Taillights - Blue- 42,700.0,S ,2015-08-23,
1225,CL-SO-941-48,ML Long - Yellow- 48,2202.0,T ,2022-02-15,
3957,AC-LI-668-38,ML Headlights - White- 38,2794.0,R ,2017-01-09,
1240,CO-BR-915-60,LL Fender Set - Black- 60,1906.0,T ,2012-04-07,2013-02-23
772,CL-SH-180-42,ML LL Road Frame - Blue- 42,,S ,2015-09-04,2019-12-26
805,CL-TI-442-42,HL LL Touring Frame - Silver- 42,687.0,,2019-01-25,
5916,CL-SO-153-42,HL HL Road Front Wheel - Blue- 42,531.0,M ,2016-12-03,2017-12-27
5079,CO-DE-195-52,ML HL Mountain Handlebars - Yellow- 52,1277.0,T ,2025-02-15,
396,CO-CS-773-60,LL ML Road Frame - Black- 60,3277.0,R ,2016-12-15,2020-09-25
3576,CO-HS-897-58,LL LL Touring Handlebars - Black- 58,2621.0,T ,2012-02-03,2011-07-10
2104,AC-FE-651-58,LL Rear Brakes - Blue- 58,235.0,M ,2019-06-01,2023-09-24
2807,CO-TF-902-58,LL HL Touring Frame - Yellow- 58,784.0,M ,2017-07-16,2020-12-13
6573,CL-JE-119-62,LL HL Mountain Seat/Saddle - Black- 62,1804.0,R ,2021-04-21,2022-09-08
4054,CO-CS-475-52,LL Road - Yellow- 52,918.0,T ,2023-06-28,2028-02-28
4049,AC-LI-851-48,ML ML Touring Seat/Saddle - Red- 48,997.0,R ,2020-12-20,
1700,CO-FO-265-58,HL Headlights - Silver- 58,515.0,T ,2017-07-25,
4262,AC-FE-962-42,LL Half - Blue- 42,706.0,T ,2022-03-23,2025-10-11
6348,AC-LO-373-52,LL HL Mountain Frame - Black- 52,,M ,2015-09-08,
4079,CL-CA-200-44,LL Classic Vest - Red- 44,,T ,2012-03-11,
6233,AC-PA-485-62,LL Hitch Rack - Red- 62,,,2013-11-21,
3080,CO-FO-372-58,LL ML Mountain Front Wheel - Silver- 58,3239.0,M ,2017-08-06,
2118,CO-BB-550-38,HL LL Headset - Yellow- 38,1917.0,,2012-11-13,
1881,AC-TT-656-58,ML HL Bottom Bracket - Red- 58,2436.0,R ,2013-07-06,2016-07-31
1021,CO-BB-471-42,ML Bike Wash - Black- 42,974.0,M ,2023-01-25,2024-02-07
6406,CO-FO-425-48,LL Minipump - Silver- 48,169.0,S ,2018-11-24,
6107,AC-TT-856-44,LL HL Road Seat/Saddle - Black- 44,,S ,2017-07-01,2021-07-15
4462,AC-PU-393-58,HL Rear Derailleur - White- 58,3067.0,M ,2023-09-05,2024-06-22
2293,AC-PU-600-48,ML LL Road Pedal - Red- 48,1196.0,S ,2023-10-12,
338,CO-MF-996-62,ML Front Brakes - Silver- 62,2872.0,S ,2015-04-10,2018-04-03
5115,CO-TF-811-52,HL HL Fork - White- 52,2125.0,S ,2023-08-17,2026-11-04
5941,AC-BC-191-60,ML LL Road Handlebars - White- 60,,S ,2014-08-27,
5978,CL-VE-125-44,HL Touring - Yellow- 44,3081.0,M ,2011-11-12,2015-12-06
3255,CO-SA-701-52,LL Rear Brakes - Blue- 52,1762.0,M ,2021-01-16,
2274,CO-MF-418-42,HL HL Touring Seat/Saddle - Blue- 42,3137.0,R ,2013-01-02,
5991,AC-BR-191-58,ML ML Mountain Front Wheel - Silver- 58,1946.0,R ,2011-06-09,
6663,CO-HB-757-60,HL ML Headset - Blue- 60,1229.0,R ,2012-05-19,
1366,CL-CA-738-44,ML Mountain Bottle Cage - Black- 44,1005.0,R ,2016-06-04,
2535,AC-HP-644-52,ML ML Road Frame - Blue- 52,,M ,2020-02-07,
1227,AC-LO-750-52,ML Sport - White- 52,305.0,S ,2021-10-01,
6007,CO-HB-549-42,ML LL Road Rear Wheel - Black- 42,3213.0,M ,2013-10-26,
2878,AC-CL-640-48,HL HL Fork - Blue- 48,1049.0,M ,2012-12-23,
5728,AC-LO-258-58,HL ML Road Handlebars - Red- 58,,,2012-06-15,2016-07-08
3547,CL-BS-236-58,ML Classic Vest - White- 58,1368.0,R ,2024-12-15,
4342,AC-BC-998-48,LL Men's Bib - Silver- 48,1342.0,,2012-09-02,2013-06-13
3916,CO-WH-247-58,HL Women's Mountain Shorts - Blue- 58,928.0,S ,2024-12-12,
1511,AC-HP-331-38,ML LL Mountain Tire - Blue- 38,841.0,R ,2016-06-11,2018-11-18
6175,AC-LI-669-38,ML HL Mountain Handlebars - Blue- 38,484.0,R ,2021-12-26,2022-07-24
4134,AC-BC-976-38,LL ML Crankset - Yellow- 38,-930.0,M ,2015-05-10,
2434,AC-BR-764-48,ML ML Road Front Wheel - Red- 48,,R ,2015-01-21,2019-04-03
4581,AC-LI-661-48,LL HL Fork - Silver- 48,606.0,T ,2018-12-02,2021-03-25
1679,CO-WH-787-62,ML HL Bottom Bracket - Blue- 62,,M ,2016-02-29,
2853,CO-BR-760-52,HL ML Mountain Seat/Saddle - Black- 52,,T ,2012-11-05,
4951,CL-TI-927-44,LL Rear Brakes - Blue- 44,3395.0,S ,2011-05-20,2013-12-31
3633,CL-CA-277-58,HL Touring Tire - Red- 58,,S ,2019-12-06,
2330,AC-BR-922-52,ML LL Headset - White- 52,2706.0,R ,2018-12-11,2022-10-20
937,CO-CH-639-38,HL Touring Front Wheel - White- 38,2455.0,R ,2021-02-06,
5136,AC-PA-242-44,HL ML Touring Seat/Saddle - Red- 44,255.0,M ,2011-07-22,
6395,CL-VE-221-42,LL AWC Logo Cap - White- 42,2461.0,T ,2011-10-24,2013-08-23
3097,CO-FO-934-60,ML HL Road Handlebars - Black- 60,3448.0,T ,2012-05-05,2014-09-21
5612,CL-BS-924-42,HL LL Road Pedal - Yellow- 42,,M ,2019-05-27,2020-09-17
5034,AC-TT-417-62,ML ML Fork - Black- 62,1000.0,M ,2020-11-30,
412,CO-HB-215-38,ML LL Road Rear Wheel - Silver- 38,3493.0,M ,2013-10-10,
3535,AC-CL-466-62,ML ML Road Rear Wheel - Blue- 62,65.0,T ,2023-09-01,2027-12-23
5726,CO-WH-666-58,ML LL Mountain Pedal - Red- 58,2969.0,S ,2016-02-10,2016-10-28
250,AC-CL-520-44,HL Men's Bib - White- 44,3021.0,S ,2013-10-11,2015-10-23
4004,AC-LI-484-48,HL Front Derailleur - Black- 48,1724.0,T ,2012-07-14,2016-10-16
628,AC-PA-529-42,ML Fender Set - Blue- 42,454.0,M ,2018-11-03,2022-10-27
1488,BI-RB-173-44,HL ML Fork - Red- 44,394.0,,2012-02-07,
4884,CL-BS-980-44,ML Road Bottle Cage - White- 44,,T ,2018-01-02,
1054,CO-RF-998-44,ML HL Touring Handlebars - Yellow- 44,2237.0,T ,2022-08-03,2025-07-31
1419,CO-FO-121-42,HL Touring Pedal - Yellow- 42,2832.0,T ,2013-12-10,
2404,BI-TB-453-38,HL HL Road Tire - Black- 38,1360.0,T ,2017-05-25,2019-02-10
2969,AC-LO-429-48,LL Bike Wash - Blue- 48,3125.0,S ,2011-02-23,
2281,CL-GL-666-60,ML LL Road Handlebars - White- 60,866.0,S ,2020-05-09,
4255,CL-VE-953-44,HL Hitch Rack - Red- 44,1303.0,T ,2016-03-28,
4110,CO-WH-858-58,ML LL Road Rear Wheel - Silver- 58,400.0,R ,2014-05-31,
3292,AC-HP-745-52,LL ML Road Tire - Yellow- 52,2801.0,T ,2021-08-15,2024-11-30
1095,CL-SO-810-52,ML Touring Rear Wheel - Red- 52,1045.0,T ,2014-10-24,
272,CL-TI-736-44,LL HL Road Pedal - Yellow- 44,534.0,R ,2011-04-21,
483,CL-BS-875-58,LL HL Touring Handlebars - Blue- 58,507.0,S ,2023-10-02,2024-05-26
4826,CO-TF-765-42,HL LL Touring Seat/Saddle - Silver- 42,1664.0,T ,2018-12-29,2019-12-20
3053,CL-SO-872-44,LL LL Mountain Front Wheel - Red- 44,1888.0,S ,2014-08-05,2015-04-30
5720,CO-RF-496-58,ML ML Mountain Frame - Blue- 58,1333.0,R ,2012-09-03,
4629,CL-JE-401-42,HL Touring Tire - Red- 42,1386.0,T ,2017-08-24,2020-07-14
2820,CO-BR-509-48,ML ML Mountain Tire - Red- 48,1745.0,R ,2023-12-29,
2474,CL-SH-898-58,LL Short - White- 58,3118.0,R ,2011-06-07,2014-01-07
3208,AC-BR-989-52,ML HL Fork - Silver- 52,,M ,2024-02-10,2025-06-30
1310,CL-VE-174-60,LL AWC Logo Cap - Red- 60,2281.0,S ,2022-06-07,2026-09-17
4653,BI-RB-366-48,ML All - Silver- 48,2437.0,R ,2011-03-25,2012-06-22
6405,CL-JE-889-48,ML HL Road Pedal - Red- 48,1066.0,T ,2023-01-13,
6454,CO-CH-511-52,ML HL Mountain Pedal - Red- 52,1108.0,S ,2014-09-21,
6598,CL-VE-363-60,ML ML Road Front Wheel - White- 60,888.0,S ,2015-01-20,
2524,AC-CL-673-48,LL HL Road Front Wheel - White- 48,,T ,2019-07-15,2022-03-26
577,CO-DE-960-38,HL ML Mountain Pedal - Red- 38,2896.0,S ,2018-12-12,
1173,AC-PA-479-38,ML Rear Derailleur - Yellow- 38,,R ,2019-01-28,2021-08-03
4926,CO-PD-968-48,ML Road Tire Tube - Black- 48,3345.0,R ,2017-08-04,2018-05-26
4387,AC-BC-364-52,ML LL Mountain Frame - Silver- 52,,M ,2018-02-11,
5501,CO-MF-874-42,LL HL Mountain Pedal - Yellow- 42,2286.0,T ,2022-07-11,
501,AC-BR-532-48,ML LL Mountain Front Wheel - Blue- 48,,R ,2017-10-21,
3310,AC-BR-574-62,ML ML Mountain Front Wheel - Silver- 62,3201.0,T ,2020-08-04,2024-04-14
2343,CO-RF-198-62,ML Rear Derailleur - Red- 62,910.0,S ,2014-06-06,2016-10-27
394,CL-BS-846-52,HL Bike Wash - Silver- 52,2284.0,R ,2014-01-21,
682,AC-PU-108-38,HL HL Fork - Red- 38,3380.0,M ,2011-04-04,
6140,CO-DE-338-48,ML HL Road Tire - Blue- 48,604.0,R ,2019-08-25,2020-03-30
6268,CL-CA-266-48,HL ML Mountain Tire - Blue- 48,1363.0,T ,2013-10-21,
5714,CL-VE-802-52,ML ML Road Frame - White- 52,2502.0,M ,2017-06-13,
4724,CL-VE-844-44,ML LL Road Front Wheel - Silver- 44,1139.0,R ,2016-07-02,
6606,CO-SA-641-38,ML Front Derailleur - Red- 38,2879.0,M ,2018-11-13,2021-05-01
2393,CO-WH-784-48,HL AWC Logo Cap - Red- 48,915.0,M ,2015-08-31,2016-06-29
2039,AC-HE-565-62,LL Chain - Blue- 62,31.0,S ,2021-12-10,
3992,AC-PU-211-62,ML ML Road Front Wheel - Silver- 62,3095.0,R ,2023-02-20,
2627,CL-CA-260-44,ML LL Road Seat/Saddle - White- 44,2230.0,M ,2019-05-05,2020-01-11
3987,AC-FE-622-38,HL Chain - Red- 38,3104.0,T ,2013-12-13,
5347,AC-PU-665-48,ML LL Mountain Frame - Silver- 48,2860.0,R ,2020-03-12,
4441,CO-BB-533-44,LL HL Road Frame - Red- 44,1525.0,S ,2021-03-29,
1496,AC-TT-981-42,LL Men's Bib - Black- 42,3197.0,M ,2020-07-30,
2160,AC-BR-867-48,ML HL Mountain Front Wheel - Blue- 48,3047.0,R ,2024-09-19,
5030,CO-MF-493-48,HL Rear Brakes - Black- 48,2991.0,M ,2020-07-12,
881,CO-HB-853-62,ML HL Road Front Wheel - Black- 62,1069.0,R ,2021-09-18,2023-06-10
5161,AC-CL-468-52,ML Racing Socks - Blue- 52,2046.0,R ,2021-05-03,
3007,CL-JE-677-52,ML HL Bottom Bracket - Red- 52,2891.0,S ,2020-08-03,2022-06-16
6428,AC-CL-721-58,HL ML Mountain Front Wheel - Yellow- 58,1856.0,R ,2012-09-30,
1440,CO-SA-634-42,HL ML Bottom Bracket - White- 42,2174.0,T ,2018-07-22,
2494,AC-CL-297-42,LL HL Crankset - Black- 42,423.0,S ,2019-09-15,
4529,AC-BR-198-52,LL HL Road Rear Wheel - Yellow- 52,2367.0,S ,2014-12-16,2015-08-10
2735,CL-JE-212-60,ML Hitch Rack - Blue- 60,2708.0,T ,2019-05-22,
4559,AC-PU-267-42,LL HL Road Rear Wheel - Blue- 42,,,2024-09-17,
1156,CO-MF-668-58,HL All - Blue- 58,1099.0,R ,2013-08-17,
2144,CL-TI-229-58,ML LL Touring Seat/Saddle - Yellow- 58,781.0,T ,2021-10-08,2025-07-09
5186,AC-BS-112-44,HL Men's Sports Shorts - Red- 44,1546.0,S ,2023-01-03,2021-12-26
6725,CO-BR-489-42,HL LL Mountain Seat/Saddle - Silver- 42,1099.0,R ,2021-05-07,
1589,CO-HB-468-62,HL ML Road Handlebars - Red- 62,1686.0,T ,2012-08-16,2016-09-25
3809,AC-HP-799-60,LL ML Mountain Seat/Saddle - Red- 60,1186.0,M ,2022-03-21,
5349,CO-PD-131-62,HL Half - Yellow- 62,,S ,2011-07-24,2013-01-22
1438,CL-GL-426-52,HL ML Mountain Pedal - Blue- 52,3134.0,R ,2015-09-10,2017-04-19
5699,CO-CS-941-38,HL LL Crankset - White- 38,502.0,T ,2022-12-15,2026-07-31
589,AC-BR-313-38,LL Minipump - Blue- 38,1225.0,T ,2021-09-13,
1330,AC-LO-180-62,HL HL Mountain Frame - Black- 62,3113.0,M ,2019-12-16,2022-12-11
5621,CO-CS-797-38,LL Road Bottle Cage - Silver- 38,3025.0,T ,2024-07-13,
2341,AC-PA-482-52,ML LL Road Frame - Black- 52,,T ,2014-04-26,2015-12-02
6603,CO-PD-627-38,ML LL Road Front Wheel - Blue- 38,,T ,2016-04-01,
1462,AC-CL-762-38,LL HL Road Tire - Red- 38,805.0,S ,2020-06-28,
418,AC-HP-902-58,HL HL Road Pedal - Red- 58,2627.0,T ,2021-12-04,2025-05-26
3210,CO-HB-562-44,LL HL Mountain Rear Wheel - Yellow- 44,,T ,2014-12-18,
6074,CL-JE-497-62,LL HL Bottom Bracket - White- 62,2429.0,S ,2025-01-17,
2812,CO-RF-164-38,LL HL Mountain Front Wheel - Red- 38,,T ,2016-11-03,
2448,CO-MF-357-48,LL ML Touring Seat/Saddle - Silver- 48,907.0,M ,2022-07-14,
5919,AC-PA-987-48,ML ML Road Frame - Black- 48,3275.0,T ,2022-05-11,
2528,AC-PU-645-38,HL Road - Yellow- 38,1693.0,S ,2018-03-14,
298,AC-TT-248-58,HL Women's Tights - White- 58,1602.0,S ,2013-02-17,2017-08-29
2923,AC-LI-352-44,ML Water Bottle - Yellow- 44,683.0,R ,2024-01-26,2026-07-28
2746,AC-TT-995-52,LL ML Bottom Bracket - Black- 52,1097.0,M ,2013-03-29,2013-10-28
950,CO-FO-768-60,ML LL Road Pedal - Blue- 60,1944.0,M ,2019-08-18,2020-12-23
6109,CO-BB-366-44,ML ML Fork - Yellow- 44,2155.0,T ,2021-04-20,
1703,AC-BR-184-38,HL Patch Kit/8 Patches - Red- 38,2045.0,R ,2021-10-07,2023-12-19
6478,CL-GL-362-62,ML Classic Vest - Black- 62,1695.0,M ,2016-11-12,2018-11-23
1556,CO-MF-569-62,ML Rear Derailleur - Red- 62,3124.0,R ,2021-05-06,2022-10-29
4862,BI-RB-110-42,LL Racing Socks - Yellow- 42,627.0,T ,2018-06-18,2022-01-19
1403,AC-BC-255-48,ML HL Headset - Blue- 48,2516.0,R ,2012-12-19,2016-10-29
2912,AC-CL-418-60,ML ML Mountain Pedal - Red- 60,3130.0,M ,2017-10-16,2019-02-20
5792,CL-SO-791-38,LL Men's Sports Shorts - Red- 38,970.0,T ,2019-06-30,
4150,AC-TT-889-58,ML Touring Pedal - Black- 58,1669.0,S ,2015-09-12,
5421,AC-PU-879-62,LL HL Mountain Front Wheel - Black- 62,1687.0,R ,2019-01-22,2022-09-04
2642,AC-BC-653-38,ML ML Road Handlebars - Red- 38,3237.0,R ,2013-09-05,2016-08-27
4744,BI-TB-964-38,LL Touring Tire Tube - Blue- 38,2595.0,R ,2019-08-03,2020-09-04
3740,CO-CH-469-42,LL ML Mountain Handlebars - Black- 42,367.0,M ,2011-09-02,
2706,CL-TI-157-42,ML ML Mountain Pedal - Silver- 42,,M ,2025-03-04,
3743,CO-BB-643-52,ML HL Road Pedal - Black- 52,1362.0,M ,2011-10-10,2014-03-11
456,AC-PA-246-38,ML Full - Silver- 38,1931.0,S ,2016-10-01,
2899,CO-HS-708-48,LL LL Mountain Pedal - Black- 48,27.0,R ,2021-04-08,
527,CO-BR-725-62,HL LL Touring Frame - Silver- 62,290.0,S ,2021-01-27,
4537,CO-RF-408-60,ML Men's Sports Shorts - Silver- 60,1871.0,M ,2011-04-19,
6283,CO-BB-694-48,LL LL Mountain Pedal - Black- 48,2493.0,M ,2017-05-28,
5167,AC-FE-359-62,LL Men's Sports Shorts - Black- 62,2085.0,S ,2017-08-28,
2300,AC-TT-236-52,HL Bike Wash - Blue- 52,1106.0,,2020-03-14,
6816,AC-PU-320-48,HL HL Crankset - Silver- 48,1727.0,R ,2015-06-12,2019-10-23
3974,CO-SA-725-62,LL LL Bottom Bracket - White- 62,3422.0,M ,2021-04-07,
3057,CL-VE-809-58,ML HL Mountain Pedal - Black- 58,1501.0,M ,2022-06-15,
6876,AC-CL-723-60,HL ML Road Handlebars - Red- 60,720.0,S ,2024-06-08,
4260,BI-TB-932-44,LL Touring - Silver- 44,2939.0,M ,2022-07-03,2023-08-21
6818,AC-BR-922-52,ML LL Headset - White- 52,2706.0,R ,2018-12-11,2022-10-20
2267,CO-WH-249-62,LL HL Fork - Yellow- 62,,S ,2022-08-27,
4672,AC-TT-354-48,HL LL Headset - White- 48,1212.0,M ,2025-03-18,
5827,CL-TI-211-48,HL Mountain Tire Tube - Yellow- 48,361.0,T ,2012-09-21,2012-08-10
4973,BI-RB-140-62,LL HL Mountain Seat/Saddle - White- 62,611.0,M ,2023-09-16,
5724,CL-BS-183-42,ML LL Mountain Seat/Saddle - Silver- 42,516.0,M ,2018-09-22,
4561,CL-SO-272-62,LL HL Mountain Rear Wheel - Yellow- 62,,M ,2017-06-29,
4502,CO-MF-402-52,ML ML Road Front Wheel - White- 52,463.0,R ,2020-01-08,2023-11-02
2867,AC-TT-691-44,HL Sport - Silver- 44,2950.0,R ,2018-07-23,2018-01-03
3150,CO-DE-898-44,ML Touring Rear Wheel - Red- 44,1611.0,,2013-05-12,
6099,CO-BB-713-62,ML LL Road Tire - Black- 62,2913.0,R ,2013-09-27,2014-07-03
4173,CL-JE-310-58,ML HL Road Handlebars - Blue- 58,692.0,S ,2013-08-07,2017-04-30
1905,CL-CA-110-60,HL ML Road Frame - Yellow- 60,93.0,M ,2012-11-25,
6592,AC-PA-684-42,LL ML Road Front Wheel - Blue- 42,2137.0,S ,2012-04-20,
225,CL-VE-616-60,LL Touring Rear Wheel - Black- 60,2774.0,M ,2011-01-29,
4889,CO-BR-232-38,HL Full - Blue- 38,2499.0,T ,2012-01-04,
4009,CO-PD-537-60,LL HL Mountain Tire - Blue- 60,298.0,S ,2022-04-21,2025-06-27
4525,AC-BR-702-44,HL LL Fork - Blue- 44,3336.0,M ,2017-01-17,2021-09-20
2402,AC-BS-495-38,ML Bike Wash - Silver- 38,962.0,R ,2012-11-16,
4981,AC-PA-135-42,LL Racing Socks - Black- 42,2779.0,R ,2024-09-26,
4089,CO-SA-101-58,ML Front Derailleur - Yellow- 58,2206.0,R ,2012-09-06,
1553,CO-CH-413-62,LL HL Mountain Tire - Blue- 62,,M ,2022-12-08,2026-05-30
1041,CO-WH-798-52,ML LL Mountain Front Wheel - Silver- 52,779.0,R ,2022-09-25,
2844,AC-HE-564-42,ML Half - Red- 42,1927.0,T ,2018-02-26,2022-01-31
1321,CL-CA-679-52,LL HL Mountain Seat/Saddle - Black- 52,1476.0,R ,2011-10-08,
2164,BI-MB-980-60,LL LL Touring Frame - Black- 60,2675.0,S ,2013-09-28,
2928,CL-VE-139-52,ML LL Crankset - Yellow- 52,547.0,S ,2018-12-06,
6186,CO-HS-485-60,HL Mountain Tire Tube - Blue- 60,3483.0,T ,2016-06-13,
1020,CL-CA-402-62,LL All - Yellow- 62,3130.0,T ,2015-08-28,
5369,CL-JE-833-60,LL Hitch Rack - Red- 60,209.0,T ,2013-11-25,
3183,CL-VE-906-44,HL Full - Silver- 44,,M ,2015-03-21,2019-06-09
4748,AC-HE-841-62,HL Mountain - White- 62,,R ,2012-10-04,2016-11-02
1097,CO-HB-198-62,HL Headlights - White- 62,174.0,M ,2016-07-24,2021-01-01
5254,CO-BR-716-62,LL LL Road Frame - Red- 62,1172.0,S ,2014-06-26,2015-11-05
856,AC-BC-118-44,ML HL Road Seat/Saddle - Silver- 44,619.0,T ,2012-12-20,
6032,AC-CL-725-42,ML HL Road Handlebars - White- 42,3096.0,,2015-05-19,2019-09-01
948,CO-SA-923-52,ML LL Fork - Silver- 52,1770.0,T ,2021-11-01,
3329,CO-CS-624-62,ML LL Mountain Frame - Red- 62,,T ,2018-11-22,
2537,CO-SA-453-48,HL ML Road Frame - Blue- 48,,S ,2011-07-03,2014-11-19
5222,BI-RB-710-58,HL LL Touring Frame - Yellow- 58,2456.0,S ,2018-06-21,
2128,CO-SA-711-48,ML Mountain Bottle Cage - Silver- 48,3199.0,S ,2022-08-04,
5291,CO-BB-286-44,HL HL Road Tire - Black- 44,1114.0,T ,2018-08-29,2017-10-13
1163,CL-VE-390-48,LL ML Road Handlebars - Red- 48,1734.0,T ,2011-11-02,
2986,AC-TT-707-52,LL LL Road Tire - Yellow- 52,3232.0,M ,2023-02-24,
3789,AC-HE-442-38,ML HL Mountain Seat/Saddle - Silver- 38,2035.0,R ,2012-06-07,2016-12-13
1135,CO-MF-564-62,LL Long - White- 62,211.0,M ,2022-03-22,2026-09-08
6495,CL-SH-715-42,ML LL Road Frame - Silver- 42,2552.0,T ,2021-08-04,2022-07-18
5356,CL-VE-112-62,LL Cable Lock - Silver- 62,2350.0,T ,2014-07-03,
1429,CL-SO-667-52,ML Mountain Tire Tube - White- 52,134.0,T ,2011-11-14,2011-09-26
5419,CL-VE-347-52,LL Rear Brakes - Blue- 52,2671.0,,2023-06-08,2027-07-02
5598,CO-TF-788-52,LL HL Mountain Tire - Blue- 52,1764.0,T ,2013-04-26,2014-12-24
237,CL-SH-457-38,LL HL Road Tire - Silver- 38,1014.0,R ,2015-02-27,2018-10-09
5935,BI-MB-725-62,HL Long - Red- 62,,T ,2022-07-11,
4476,AC-BR-836-58,HL HL Fork - Black- 58,229.0,T ,2024-10-30,
5508,CL-BS-911-58,ML HL Mountain Tire - Red- 58,-50.0,S ,2021-06-01,
713,AC-LI-311-58,LL ML Headset - Red- 58,3108.0,R ,2020-02-28,
6424,AC-PA-151-42,ML LL Mountain Handlebars - Silver- 42,,T ,2011-11-01,2013-01-07
1961,CO-HB-905-52,LL Women's Tights - Blue- 52,2648.0,T ,2020-07-03,
1801,CO-FO-500-58,LL HL Touring Seat/Saddle - Blue- 58,,T ,2017-07-05,2018-04-14
5673,CO-MF-409-42,HL ML Bottom Bracket - White- 42,,S ,2024-02-16,2026-04-17
4162,CL-JE-162-60,ML Men's Bib - Yellow- 60,379.0,M ,2015-11-01,2018-06-28
2125,CL-BS-167-48,HL LL Touring Handlebars - Silver- 48,2567.0,S ,2023-09-24,
1954,CO-CS-828-44,ML Road - Black- 44,1335.0,S ,2024-08-29,2024-05-01
4582,AC-LO-183-42,ML Rear Derailleur - Red- 42,252.0,S ,2018-01-19,
2752,CL-BS-177-62,LL Water Bottle - White- 62,1990.0,S ,2020-10-17,
414,AC-PA-453-52,ML HL Headset - Silver- 52,2611.0,R ,2013-02-01,
5168,AC-HE-948-42,ML HL Road Frame - Blue- 42,2901.0,S ,2024-03-26,
5619,CO-WH-794-62,HL Men's Sports Shorts - Red- 62,1906.0,T ,2013-12-29,
1875,CO-WH-644-44,ML Minipump - Silver- 44,2288.0,S ,2022-01-21,2023-03-22
835,AC-BC-859-62,HL Mountain Tire Tube - White- 62,2788.0,M ,2011-10-15,
5542,CL-BS-404-60,ML Touring Tire Tube - Yellow- 60,3424.0,T ,2019-02-04,
5236,BI-MB-849-52,LL Mountain Bottle Cage - Yellow- 52,1978.0,M ,2023-08-09,2026-08-07
5073,AC-BC-686-38,HL Short - Black- 38,664.0,M ,2011-07-29,
6506,AC-BS-954-58,LL Minipump - White- 58,722.0,,2023-09-17,2026-02-16
2837,CL-SO-552-42,LL Headlights - Blue- 42,1491.0,M ,2016-06-14,2017-09-10
3023,CO-MF-351-44,ML HL Road Frame - Black- 44,1482.0,T ,2016-05-03,
3685,AC-FE-723-38,ML Rear Derailleur - Yellow- 38,1084.0,S ,2013-05-20,
2137,CO-RF-616-48,HL Mountain Bottle Cage - Black- 48,1683.0,S ,2020-12-13,2021-10-24
3300,CL-SH-801-58,ML LL Touring Frame - Silver- 58,,M ,2023-07-02,
852,CO-BR-504-62,LL Road Tire Tube - Blue- 62,,R ,2012-03-22,2013-12-12
5025,CO-DE-219-48,LL ML Mountain Tire - Blue- 48,639.0,M ,2023-10-14,
1355,CO-HB-743-58,HL LL Touring Seat/Saddle - Black- 58,3391.0,R ,2011-07-21,2015-09-13
485,CL-JE-758-60,LL ML Crankset - Black- 60,1629.0,S ,2017-06-20,2021-02-19
3725,BI-MB-808-48,ML LL Touring Frame - Yellow- 48,2835.0,M ,2013-09-04,
3582,CO-DE-800-62,ML LL Headset - Silver- 62,727.0,,2021-08-22,2022-08-20
5452,CO-MF-562-60,HL ML Headset - Silver- 60,522.0,S ,2019-02-19,
699,AC-HP-512-42,HL Touring Front Wheel - Yellow- 42,1851.0,T ,2022-05-19,
731,CO-WH-910-42,HL HL Crankset - White- 42,2640.0,T ,2018-08-23,2022-11-09
4509,CO-HS-685-44,LL ML Road Front Wheel - Red- 44,2166.0,R ,2020-05-29,
411,CO-TF-241-58,HL HL Road Front Wheel - Red- 58,1172.0,M ,2022-01-24,
2493,AC-TT-199-52,LL ML Road Tire - Silver- 52,459.0,M ,2023-12-09,
5746,CO-HB-584-60,LL ML Touring Seat/Saddle - White- 60,2036.0,R ,2014-09-10,
949,CO-WH-948-58,HL HL Road Front Wheel - Yellow- 58,676.0,S ,2011-11-12,
2247,CL-SH-684-38,ML HL Mountain Frame - Silver- 38,2282.0,T ,2020-03-09,
2756,CO-SA-467-48,LL Road - Yellow- 48,589.0,R ,2012-04-24,
1956,CO-FO-798-52,LL Touring Tire - Red- 52,1511.0,M ,2014-12-15,
5449,CO-BR-269-42,HL HL Headset - Silver- 42,2325.0,M ,2022-03-01,2024-07-27
5042,BI-MB-472-38,HL AWC Logo Cap - Red- 38,103.0,M ,2017-11-26,2020-03-19
6101,CO-HS-923-52,LL LL Road Seat/Saddle - Black- 52,319.0,T ,2017-12-08,
247,CO-BR-296-42,ML ML Crankset - Blue- 42,1488.0,M ,2019-08-01,
6346,AC-PA-440-52,LL HL Mountain Handlebars - Red- 52,371.0,S ,2015-09-24,2016-07-16
1656,CL-CA-322-62,ML HL Mountain Seat/Saddle - Black- 62,2063.0,M ,2014-03-07,
2799,CL-GL-753-62,LL Cable Lock - Yellow- 62,960.0,R ,2020-11-11,
1661,CO-HS-400-58,ML ML Mountain Pedal - Red- 58,1233.0,M ,2020-07-19,
1229,CL-GL-951-38,HL LL Road Seat/Saddle - Blue- 38,3280.0,T ,2011-08-17,
3900,CL-VE-298-42,HL ML Mountain Handlebars - Red- 42,982.0,R ,2014-12-12,
2490,CO-WH-359-58,LL Touring Front Wheel - Yellow- 58,2809.0,R ,2012-12-09,
3323,CL-SH-354-44,HL Mountain Tire Tube - Yellow- 44,176.0,T ,2014-02-06,
2184,CL-GL-127-60,HL LL Mountain Handlebars - Blue- 60,270.0,R ,2017-04-19,2020-12-09
3168,CO-PD-830-58,ML Hitch Rack - White- 58,570.0,R ,2017-07-14,2021-06-06
6509,CL-SH-721-42,HL Rear Derailleur - Blue- 42,676.0,M ,2022-04-16,
5800,CO-BR-516-62,LL ML Mountain Handlebars - Blue- 62,,M ,2019-03-27,
3821,CL-JE-700-42,LL LL Road Tire - Blue- 42,2735.0,S ,2019-09-16,
6202,CO-MF-103-58,LL HL Crankset - Black- 58,1826.0,S ,2013-10-31,2018-05-25
3003,AC-TT-457-58,HL ML Road Seat/Saddle - Red- 58,1334.0,M ,2013-06-09,
6491,AC-PU-653-38,HL Long - Red- 38,2788.0,S ,2017-04-09,
796,AC-TT-549-58,ML Hydration Pack - Silver- 58,1539.0,S ,2015-04-20,
3251,CO-CS-313-60,ML Water Bottle - White- 60,2658.0,T ,2013-10-16,2017-11-15
3459,CL-BS-209-38,ML LL Road Handlebars - Blue- 38,3141.0,M ,2023-03-11,
2707,CL-VE-933-44,HL Sport - Blue- 44,1991.0,T ,2019-05-29,
2692,AC-LI-812-48,ML Racing Socks - Black- 48,2736.0,S ,2021-03-03,2024-06-12
2062,BI-TB-271-42,LL Women's Tights - Red- 42,1179.0,S ,2014-10-28,2018-06-20
4208,CO-CS-153-44,HL HL Road Pedal - Blue- 44,498.0,M ,2011-08-16,
5855,AC-BS-844-52,LL Full - Red- 52,2138.0,R ,2022-03-16,
3892,AC-BR-372-60,HL HL Touring Seat/Saddle - White- 60,,S ,2022-05-30,2023-03-04
5045,AC-BC-530-60,LL Touring Tire - Blue- 60,884.0,T ,2024-10-26,
5192,AC-CL-214-48,LL LL Road Seat/Saddle - Blue- 48,590.0,S ,2013-04-11,
2646,CO-HB-723-44,ML HL Mountain Frame - Blue- 44,818.0,M ,2021-04-09,
1436,CO-PD-198-38,LL Front Derailleur - Blue- 38,87.0,,2022-05-20,
2145,BI-MB-384-62,ML LL Fork - Blue- 62,2528.0,T ,2012-06-13,
5374,AC-FE-131-48,HL Half - Silver- 48,,R ,2012-03-25,2015-01-03
4186,CO-HS-849-48,HL ML Mountain Front Wheel - Silver- 48,114.0,R ,2014-10-03,
3704,CL-BS-603-44,ML ML Road Seat/Saddle - Black- 44,1773.0,R ,2023-01-30,
5151,CO-DE-310-42,HL Touring Pedal - White- 42,1602.0,S ,2011-07-29,
5910,CL-VE-301-38,LL Hitch Rack - White- 38,3159.0,M ,2022-04-07,
5176,AC-BC-221-44,HL LL Bottom Bracket - Silver- 44,1308.0,R ,2011-08-13,2013-06-07
2499,AC-PU-644-38,ML HL Bottom Bracket - Black- 38,144.0,T ,2022-05-07,
5541,AC-BS-998-44,HL HL Bottom Bracket - Red- 44,1183.0,R ,2023-08-07,2025-04-19
440,CO-DE-282-42,ML LL Road Front Wheel - Blue- 42,3459.0,T ,2016-09-10,2019-10-16
1597,CO-BB-347-44,HL Classic Vest - Yellow- 44,604.0,M ,2020-04-19,2022-06-27
6687,BI-TB-567-60,LL Headlights - Blue- 60,3373.0,,2012-03-06,
2847,CL-SH-180-62,ML Hitch Rack - White- 62,1639.0,R ,2019-03-23,2021-03-09
4355,CO-PD-979-58,ML Touring - Blue- 58,2818.0,M ,2016-11-12,
4238,AC-FE-848-38,HL LL Mountain Tire - Black- 38,1224.0,M ,2022-01-04,2026-08-28
3250,AC-TT-321-60,HL ML Mountain Handlebars - White- 60,361.0,S ,2015-10-05,2017-11-29
1767,AC-LO-780-42,HL LL Mountain Rear Wheel - Blue- 42,1927.0,T ,2012-02-16,
2479,AC-HE-355-58,ML HL Mountain Frame - Red- 58,2520.0,S ,2013-01-06,
6227,CL-SO-839-58,ML LL Road Handlebars - Blue- 58,1171.0,M ,2024-04-18,
2625,CO-CS-882-48,LL ML Touring Seat/Saddle - Blue- 48,648.0,M ,2023-10-12,2025-09-20
6863,AC-BR-232-48,LL Rear Derailleur - White- 48,715.0,R ,2011-05-30,2013-09-04
3888,BI-RB-834-58,ML HL Bottom Bracket - Red- 58,558.0,R ,2014-03-04,
3018,AC-BS-916-52,HL Water Bottle - Yellow- 52,2045.0,M ,2018-05-18,2020-12-05
5659,CO-RF-675-48,HL HL Road Rear Wheel - Yellow- 48,3240.0,R ,2025-01-12,
4628,CL-SH-178-62,HL LL Road Front Wheel - Yellow- 62,3354.0,M ,2012-11-17,
2877,CO-BB-502-58,LL ML Road Handlebars - Yellow- 58,239.0,S ,2020-11-27,2020-10-05
6781,AC-LI-998-62,ML Headlights - Yellow- 62,2934.0,R ,2023-04-21,
596,BI-MB-651-38,LL ML Mountain Frame - Black- 38,265.0,M ,2013-02-05,
4135,AC-LO-295-38,LL HL Mountain Handlebars - Black- 38,2225.0,S ,2018-10-27,2020-09-04
3787,CO-SA-920-44,HL ML Mountain Seat/Saddle - Yellow- 44,3478.0,R ,2013-06-28,2014-03-26
850,CL-VE-699-44,ML Mountain Bottle Cage - Black- 44,1078.0,M ,2022-03-10,
1487,CL-CA-111-62,LL Racing Socks - Blue- 62,2688.0,S ,2024-10-01,2028-10-09
2794,AC-HP-336-48,ML ML Bottom Bracket - Blue- 48,106.0,S ,2013-09-21,2015-04-05
5507,CL-GL-141-44,LL HL Road Handlebars - White- 44,1212.0,M ,2021-11-16,
3700,CO-FO-141-62,ML Front Brakes - White- 62,3099.0,R ,2022-03-15,
1039,AC-LO-312-44,LL Cable Lock - Red- 44,3213.0,S ,2019-04-01,2021-02-15
339,CL-TI-791-62,ML LL Road Handlebars - Yellow- 62,1655.0,M ,2021-10-11,2024-08-20
1650,CO-PD-528-38,ML Water Bottle - Red- 38,800.0,M ,2011-08-13,
2111,CL-BS-831-42,HL HL Touring Seat/Saddle - Blue- 42,762.0,T ,2014-08-08,2015-06-03
282,CL-SH-881-58,HL Long - White- 58,808.0,R ,2022-07-11,2024-08-19
3801,AC-TT-295-38,HL Touring Front Wheel - Red- 38,673.0,M ,2019-05-02,
6155,AC-HE-982-44,HL HL Mountain Handlebars - Blue- 44,2628.0,M ,2016-11-01,2019-09-05
4368,CO-MF-437-60,ML Touring Front Wheel - Blue- 60,1559.0,R ,2016-12-12,
2779,AC-BC-110-48,LL Patch Kit/8 Patches - Black- 48,,R ,2012-08-26,
347,AC-PU-676-38,ML LL Mountain Rear Wheel - Blue- 38,1408.0,S ,2019-10-14,
5706,AC-CL-990-48,ML ML Bottom Bracket - Silver- 48,2773.0,T ,2014-01-24,2018-01-06
2216,CO-TF-695-38,ML HL Mountain Seat/Saddle - Silver- 38,1074.0,S ,2021-07-12,
3236,CL-VE-212-44,LL Touring Tire Tube - Red- 44,523.0,R ,2020-12-16,2023-05-12
3717,CL-CA-729-58,ML ML Headset - Blue- 58,631.0,T ,2020-05-17,
5160,CO-CH-925-62,LL ML Mountain Tire - Yellow- 62,1521.0,T ,2021-02-24,2021-09-15
1560,AC-BS-682-42,ML ML Mountain Frame - Silver- 42,1572.0,R ,2019-08-24,
1185,CO-BB-867-38,ML ML Road Handlebars - Silver- 38,3078.0,S ,2014-03-13,2016-02-04
1024,BI-TB-687-60,HL LL Road Frame - Yellow- 60,1297.0,M ,2015-12-20,
3920,CO-FO-670-60,ML ML Mountain Rear Wheel - Red- 60,1586.0,R ,2015-07-10,
1535,AC-BR-709-52,ML HL Mountain Pedal - Red- 52,2889.0,R ,2020-11-05,
6622,CO-PD-793-62,LL LL Fork - Black- 62,,R ,2019-05-31,2023-03-20
2614,CL-JE-803-38,LL LL Road Handlebars - Black- 38,3231.0,T ,2017-02-13,2021-07-28
1800,BI-TB-328-62,LL Long - White- 62,216.0,T ,2018-02-26,
1452,CL-GL-584-38,ML HL Touring Frame - Silver- 38,561.0,R ,2023-04-19,2025-03-01
2166,BI-TB-319-48,HL ML Mountain Frame - Black- 48,2625.0,T ,2016-03-28,2018-09-30
831,AC-BC-459-52,LL Touring Pedal - Yellow- 52,1965.0,S ,2013-02-11,2015-09-28
5223,CO-RF-200-44,LL Mountain Pump - Yellow- 44,804.0,S ,2012-04-25,
6518,CO-SA-120-60,ML Touring Tire - Black- 60,397.0,M ,2019-10-09,
3246,AC-PU-440-48,HL Water Bottle - Blue- 48,1654.0,R ,2013-07-04,
6142,CL-BS-374-44,LL LL Bottom Bracket - Black- 44,63.0,R ,2017-08-23,2020-02-29
3427,CO-BB-233-44,LL Front Brakes - Red- 44,,T ,2016-06-27,2017-08-22
1003,CO-MF-906-44,HL HL Headset - Yellow- 44,2416.0,S ,2012-06-23,2014-10-13
6766,AC-PA-144-52,HL ML Road Pedal - Blue- 52,214.0,R ,2011-03-01,
4177,CL-GL-240-60,LL Headlights - Red- 60,1537.0,M ,2019-03-03,
4383,AC-BR-550-58,ML LL Road Pedal - Yellow- 58,678.0,R ,2014-06-10,2017-07-15
2113,AC-FE-267-52,HL Front Derailleur - Black- 52,1363.0,M ,2017-04-10,
836,BI-TB-358-48,LL Front Brakes - Black- 48,892.0,T ,2015-04-10,
466,BI-MB-164-62,HL HL Mountain Seat/Saddle - Yellow- 62,2121.0,M ,2022-03-14,2025-05-20
515,AC-PU-816-42,ML Road Tire Tube - Black- 42,1754.0,R ,2019-05-24,
1370,AC-LO-880-58,HL Fender Set - Red- 58,1107.0,R ,2021-07-24,2022-11-29
1606,AC-HE-253-48,HL LL Mountain Handlebars - Blue- 48,3124.0,T ,2015-04-16,2018-12-31
3945,CL-CA-466-62,LL ML Road Frame - Yellow- 62,3450.0,S ,2012-10-23,2016-03-01
1638,CO-BR-490-44,ML ML Headset - Yellow- 44,370.0,S ,2015-01-13,
587,AC-CL-831-42,ML LL Road Rear Wheel - Blue- 42,3042.0,T ,2021-05-28,2023-12-28
6318,CL-SO-489-48,LL LL Touring Seat/Saddle - Silver- 48,,S ,2019-11-25,2021-10-13
2316,AC-TT-700-48,ML Bike Wash - Silver- 48,1645.0,M ,2023-09-25,
6193,BI-MB-940-44,ML Hitch Rack - Red- 44,3291.0,M ,2022-03-10,2025-02-25
3896,CL-SO-244-62,HL HL Road Pedal - Silver- 62,1108.0,M ,2012-06-08,
6180,CO-CS-221-60,HL Rear Brakes - Red- 60,1781.0,S ,2018-09-21,
3006,CL-CA-138-44,LL Front Derailleur - White- 44,369.0,S ,2021-11-09,2025-07-31
3734,CO-HB-486-52,HL HL Mountain Tire - Black- 52,1667.0,M ,2014-07-12,
5454,CO-RF-120-44,ML Front Brakes - Silver- 44,1556.0,S ,2014-01-17,
3752,CO-PD-731-48,HL HL Road Frame - Black- 48,2574.0,M ,2016-04-23,2015-11-23
4615,AC-FE-970-62,HL ML Mountain Pedal - Blue- 62,1102.0,S ,2015-07-20,
6717,AC-BC-446-52,HL ML Road Front Wheel - Silver- 52,2204.0,M ,2021-05-10,
1241,AC-HE-809-62,LL ML Headset - Red- 62,2960.0,S ,2020-06-26,2023-03-28
5644,CL-SO-704-48,ML Touring Tire Tube - Black- 48,1351.0,R ,2021-09-11,
5213,AC-BS-569-58,HL ML Headset - White- 58,125.0,R ,2017-12-07,
6092,AC-LO-732-38,HL ML Road Pedal - White- 38,,M ,2023-09-29,2025-02-19
4781,AC-FE-276-52,HL LL Fork - Yellow- 52,2460.0,M ,2021-02-24,2026-01-02
1412,CO-TF-643-60,ML HL Mountain Frame - Red- 60,,R ,2021-08-22,
2691,CO-CS-388-44,HL Short - Blue- 44,,M ,2016-12-19,
4488,CL-SH-488-44,LL ML Road Pedal - Yellow- 44,1567.0,M ,2018-09-17,
5614,AC-PU-710-52,ML LL Mountain Handlebars - Blue- 52,797.0,S ,2013-09-22,
4446,CO-RF-727-58,LL Mountain Bottle Cage - Blue- 58,56.0,R ,2015-08-01,2016-09-10
3137,CL-CA-808-58,LL ML Mountain Front Wheel - Black- 58,1542.0,T ,2024-03-17,2027-08-19
4749,CO-BR-689-60,ML Touring Rear Wheel - Blue- 60,572.0,R ,2013-09-29,2016-07-15
4764,CO-DE-844-60,HL Touring Tire Tube - Red- 60,1318.0,R ,2015-06-22,
2854,CO-CH-365-44,LL HL Road Seat/Saddle - Black- 44,1522.0,T ,2016-01-27,2017-02-13
2836,AC-LI-374-60,HL ML Mountain Handlebars - Blue- 60,1117.0,,2016-08-05,
4513,BI-RB-784-48,LL LL Mountain Rear Wheel - Yellow- 48,1503.0,R ,2025-02-21,2027-02-04
2571,BI-MB-705-48,ML Women's Tights - Yellow- 48,194.0,R ,2011-02-10,2014-10-14
3944,AC-HP-104-38,LL Racing Socks - Black- 38,940.0,R ,2025-01-28,2029-01-10
3512,CL-SO-603-62,LL LL Headset - Blue- 62,2052.0,M ,2012-08-05,
2106,CO-WH-342-60,ML Classic Vest - Black- 60,2496.0,R ,2012-11-14,2016-06-14
6374,CO-CH-436-52,ML HL Touring Handlebars - Silver- 52,1539.0,S ,2019-03-03,
5979,AC-BS-745-52,LL Women's Mountain Shorts - Black- 52,3166.0,R ,2024-05-28,
5259,CL-BS-411-42,HL ML Mountain Rear Wheel - White- 42,2373.0,S ,2023-10-22,2026-08-12
6499,CL-TI-282-62,ML LL Bottom Bracket - White- 62,243.0,T ,2019-09-18,2022-08-02
6684,AC-PU-606-44,LL Half - Silver- 44,1080.0,R ,2020-10-03,2023-05-14
5154,CO-BB-278-62,HL HL Touring Handlebars - Blue- 62,803.0,R ,2023-08-03,
6270,AC-BS-614-38,HL Racing Socks - Blue- 38,2028.0,T ,2024-10-23,2026-10-01
6055,CL-BS-430-38,ML HL Touring Frame - Blue- 38,,M ,2021-07-31,
5677,CO-TF-880-44,ML Touring Tire Tube - Black- 44,2155.0,R ,2014-07-07,
4300,BI-MB-556-42,ML LL Touring Handlebars - Silver- 42,2571.0,R ,2014-05-19,2015-05-29
3451,CO-CH-593-60,ML LL Touring Frame - Red- 60,1098.0,T ,2011-12-11,
4904,BI-MB-314-58,ML Short - Silver- 58,1910.0,M ,2020-11-19,
5235,CO-HB-113-62,LL Women's Mountain Shorts - Blue- 62,1649.0,S ,2017-11-30,
1072,CO-SA-809-52,LL LL Mountain Pedal - Blue- 52,1337.0,,2011-08-07,
551,BI-MB-730-58,ML Road Tire Tube - White- 58,3223.0,M ,2018-08-17,2023-01-14
4051,AC-LI-925-38,LL ML Road Front Wheel - Blue- 38,2952.0,T ,2016-07-22,
3889,AC-TT-697-42,LL HL Fork - Black- 42,1627.0,R ,2020-05-05,
3019,CO-DE-826-62,ML Classic Vest - Black- 62,3402.0,R ,2018-05-24,2022-09-23
1363,AC-PA-417-52,ML Water Bottle - Yellow- 52,783.0,R ,2013-06-03,
2350,CO-TF-589-58,HL LL Crankset - Blue- 58,1496.0,S ,2019-11-09,
5081,BI-RB-962-52,HL HL Mountain Tire - Yellow- 52,127.0,M ,2014-03-28,
2748,CO-TF-795-58,LL Mountain Bike Socks - Silver- 58,1513.0,S ,2016-03-10,2017-07-27
5409,AC-PA-333-38,ML ML Road Frame - Blue- 38,366.0,S ,2018-09-01,
3289,AC-LO-215-52,ML ML Mountain Front Wheel - Yellow- 52,2255.0,T ,2020-08-19,2021-06-05
1244,AC-BR-791-58,ML HL Touring Handlebars - Silver- 58,1352.0,R ,2016-04-08,
2087,CO-CS-406-38,LL ML Headset - Silver- 38,1408.0,S ,2011-05-16,
2919,CL-SH-261-42,LL HL Road Frame - Silver- 42,,T ,2013-08-25,
5288,AC-HP-454-44,HL HL Road Pedal - Silver- 44,606.0,S ,2019-12-14,2021-12-13
3562,AC-FE-571-62,HL LL Road Pedal - Red- 62,2879.0,,2020-04-02,2024-10-15
1809,CO-BB-339-60,HL Touring Rear Wheel - Red- 60,704.0,,2017-08-31,2021-07-20
6371,CL-VE-958-62,HL Taillights - Silver- 62,892.0,S ,2022-11-11,
6608,AC-BS-789-42,LL Rear Brakes - White- 42,3392.0,S ,2024-03-31,2027-08-08
4655,CO-PD-691-52,ML LL Mountain Rear Wheel - Black- 52,,R ,2014-03-05,2015-07-02
6038,CO-BB-216-48,HL Mountain Tire Tube - Silver- 48,2782.0,T ,2020-05-27,2024-07-25
1307,CO-BR-569-48,ML Mountain Pump - Silver- 48,1194.0,S ,2019-07-02,
2802,CL-JE-236-60,ML Touring Pedal - Red- 60,1173.0,S ,2013-01-11,
5467,CL-GL-386-42,LL HL Mountain Seat/Saddle - Yellow- 42,1618.0,R ,2011-06-01,
5353,CO-CH-949-48,HL LL Road Frame - Black- 48,,M ,2015-10-02,2017-05-10
2787,CO-HS-122-60,ML Mountain Tire Tube - Yellow- 60,1671.0,R ,2016-08-01,
4864,AC-PA-414-58,HL Road Bottle Cage - Yellow- 58,787.0,R ,2013-01-23,
2643,CL-SO-217-62,ML ML Bottom Bracket - White- 62,,S ,2020-02-24,2019-10-23
5837,CL-SH-676-38,HL Touring Front Wheel - Yellow- 38,,R ,2018-05-08,2019-03-12
2851,AC-BC-221-60,LL HL Mountain Seat/Saddle - Black- 60,2716.0,M ,2015-01-18,
5407,AC-HP-752-48,ML LL Mountain Pedal - Black- 48,2743.0,R ,2018-03-09,2019-02-07
3760,AC-FE-550-38,LL ML Road Seat/Saddle - Black- 38,1419.0,T ,2011-06-21,2012-04-30
6650,CO-WH-327-44,LL HL Mountain Pedal - Blue- 44,1064.0,M ,2020-08-15,
3593,AC-PU-816-42,HL Touring Front Wheel - Black- 42,,M ,2011-09-03,2011-06-18
3532,CO-RF-397-44,HL HL Crankset - Silver- 44,3332.0,S ,2015-10-24,
3475,CL-CA-548-52,ML Classic Vest - Black- 52,803.0,T ,2022-02-11,
4267,AC-BS-897-48,HL LL Road Seat/Saddle - Blue- 48,1689.0,R ,2013-06-01,2015-01-30
2246,AC-CL-536-58,HL LL Headset - Black- 58,2915.0,S ,2019-12-20,
3141,CO-HS-691-62,HL ML Crankset - Black- 62,3331.0,M ,2016-10-20,
1848,CO-HB-206-44,LL Hitch Rack - Red- 44,-2864.0,T ,2015-01-22,
452,CL-CA-232-52,HL LL Mountain Pedal - White- 52,2081.0,T ,2018-01-01,
6786,CL-SH-639-44,LL HL Touring Seat/Saddle - Silver- 44,2420.0,T ,2022-02-27,
5577,CL-JE-540-52,LL LL Mountain Rear Wheel - Blue- 52,2670.0,R ,2023-10-07,2027-12-30
6162,CO-HB-607-60,ML Men's Bib - White- 60,1205.0,T ,2017-11-19,
4769,CO-SA-636-44,LL HL Road Front Wheel - White- 44,,S ,2016-06-17,
5574,CO-WH-218-52,ML ML Crankset - Silver- 52,809.0,T ,2022-08-18,
3634,CL-SO-931-60,HL Front Brakes - Black- 60,1363.0,M ,2022-06-16,
2387,CO-WH-640-42,LL HL Road Pedal - White- 42,1604.0,R ,2019-04-26,2018-06-21
6167,CL-CA-778-38,HL ML Mountain Tire - Silver- 38,2789.0,R ,2020-12-12,
3645,CL-BS-735-42,LL Hydration Pack - Blue- 42,1573.0,R ,2017-07-18,
3387,CL-TI-197-38,LL Men's Bib - Red- 38,3155.0,T ,2016-08-19,
6403,CO-TF-992-44,ML Sport - Black- 44,2914.0,S ,2022-09-10,2027-08-06
3919,CO-SA-789-38,LL Men's Sports Shorts - Silver- 38,174.0,S ,2015-11-28,
351,AC-PA-884-52,ML Road Bottle Cage - White- 52,1295.0,,2011-05-29,2012-05-23
432,BI-RB-732-44,LL Full - Yellow- 44,949.0,T ,2023-07-30,2027-01-09
1019,CO-MF-914-62,ML LL Mountain Pedal - Blue- 62,,S ,2022-02-10,2022-10-24
1743,AC-BC-262-52,LL Touring Rear Wheel - Black- 52,,M ,2012-04-26,2013-10-12
5923,CO-CH-735-58,HL Water Bottle - Blue- 58,1969.0,T ,2017-07-06,2018-10-08
4953,CL-SO-864-62,ML Hitch Rack - Yellow- 62,963.0,R ,2012-07-28,2014-11-04
5184,CO-HS-729-42,LL HL Crankset - Black- 42,2708.0,R ,2013-12-21,2013-03-02
1513,CO-WH-893-62,ML Hitch Rack - Blue- 62,293.0,T ,2016-11-30,
6170,CO-MF-922-42,HL HL Road Frame - Black- 42,2714.0,S ,2011-03-22,2013-10-10
214,CO-RF-888-42,ML LL Road Handlebars - Silver- 42,-405.0,S ,2021-09-26,
954,CO-HS-879-62,ML HL Road Rear Wheel - Yellow- 62,3275.0,R ,2019-06-04,
547,CO-DE-863-48,HL ML Road Seat/Saddle - Yellow- 48,2270.0,R ,2020-11-05,
2608,CL-GL-871-42,HL ML Road Handlebars - Red- 42,2382.0,R ,2019-09-22,
3267,CL-GL-599-48,HL Men's Sports Shorts - Black- 48,2262.0,M ,2015-10-28,
3335,CL-BS-179-52,ML HL Mountain Front Wheel - Yellow- 52,3355.0,S ,2021-02-28,2022-05-03
6385,BI-RB-936-58,LL Classic Vest - Silver- 58,1101.0,R ,2020-06-11,2025-02-22
2685,AC-BS-161-62,LL Road - Red- 62,,T ,2017-09-15,
1232,AC-BR-168-38,HL HL Touring Handlebars - Red- 38,807.0,T ,2019-02-11,
2046,CL-SH-318-52,ML HL Mountain Rear Wheel - Blue- 52,1780.0,M ,2018-10-28,
4322,CL-BS-307-58,HL Hitch Rack - Black- 58,3379.0,R ,2012-01-28,2014-04-12
1657,CO-RF-215-42,ML ML Mountain Seat/Saddle - White- 42,1380.0,R ,2011-10-20,
2360,AC-BR-489-58,ML LL Road Frame - Yellow- 58,1783.0,S ,2019-01-26,
6000,AC-LI-523-58,LL HL Fork - White- 58,1692.0,S ,2015-03-25,2019-01-18
3330,AC-BR-616-48,LL LL Mountain Tire - Black- 48,3102.0,S ,2022-10-23,
2209,CL-VE-581-60,LL Hydration Pack - White- 60,1703.0,R ,2013-07-17,2017-11-15
6681,CO-FO-133-38,ML Touring Rear Wheel - Silver- 38,1587.0,R ,2012-05-17,
1112,AC-TT-765-38,ML LL Road Rear Wheel - Red- 38,20.0,S ,2022-09-18,
4796,BI-RB-229-38,LL Women's Mountain Shorts - Silver- 38,1758.0,S ,2014-10-05,2015-12-14
2810,CO-BR-985-58,HL ML Mountain Tire - Silver- 58,941.0,,2018-10-26,
4713,CO-CS-309-60,ML ML Touring Seat/Saddle - Black- 60,1051.0,S ,2024-01-08,
3478,BI-RB-743-62,HL ML Mountain Front Wheel - Blue- 62,3015.0,M ,2019-11-22,2021-05-10
3659,AC-HE-963-44,LL Front Derailleur - Black- 44,1819.0,T ,2019-08-25,
3980,CO-PD-461-58,LL ML Mountain Handlebars - Red- 58,348.0,M ,2015-10-07,
6265,CO-PD-298-58,ML Mountain Bike Socks - Black- 58,2924.0,T ,2022-07-27,
4291,AC-PA-559-60,LL ML Road Front Wheel - Black- 60,1501.0,T ,2016-08-08,
2326,AC-TT-165-38,HL Mountain Bike Socks - Silver- 38,,T ,2021-12-17,
931,CO-RF-594-58,HL All - Blue- 58,1955.0,T ,2013-07-20,
1431,CO-BB-122-52,LL ML Headset - Silver- 52,1205.0,M ,2016-06-22,2019-01-27
4855,AC-PA-246-42,ML LL Mountain Front Wheel - Silver- 42,1981.0,M ,2014-02-17,
5439,CO-WH-365-44,ML ML Road Front Wheel - Red- 44,2527.0,R ,2013-10-28,
554,CO-WH-464-62,HL HL Road Tire - Silver- 62,136.0,T ,2017-05-12,
2719,AC-HP-502-48,LL Men's Bib - Red- 48,3295.0,R ,2011-12-19,
1785,AC-BC-483-44,HL Front Derailleur - Red- 44,3068.0,S ,2015-11-20,2015-05-30
4335,BI-MB-242-62,HL Racing Socks - Blue- 62,2996.0,T ,2012-08-26,2016-06-11
787,CO-HS-396-62,ML ML Road Seat/Saddle - Silver- 62,2625.0,R ,2022-12-21,
1904,CO-DE-566-52,ML HL Road Seat/Saddle - Yellow- 52,2531.0,S ,2014-06-01,
5131,CO-BR-296-44,LL HL Road Pedal - Silver- 44,1940.0,T ,2013-11-18,
467,AC-PA-343-48,LL HL Fork - Silver- 48,1221.0,R ,2018-04-01,2022-01-20
2740,AC-HE-132-48,ML Men's Bib - Blue- 48,1488.0,S ,2023-12-03,
5125,CO-WH-399-60,LL Full - Yellow- 60,5.0,M ,2016-07-21,
1322,AC-CL-774-42,LL ML Headset - Blue- 42,577.0,R ,2015-06-02,
3360,AC-LI-980-60,ML HL Mountain Frame - Red- 60,1938.0,R ,2013-02-02,
2456,CO-MF-799-62,HL Touring Tire Tube - Red- 62,1738.0,M ,2016-08-03,
3445,CO-DE-723-48,ML Touring Tire - Yellow- 48,3488.0,R ,2022-11-04,
1048,CO-MF-357-38,LL HL Mountain Frame - Silver- 38,171.0,R ,2015-01-24,2017-10-17
3785,AC-FE-628-48,HL Women's Mountain Shorts - Blue- 48,366.0,,2024-01-24,
724,CO-DE-997-38,LL Hitch Rack - White- 38,3480.0,R ,2018-11-22,
4710,BI-RB-934-58,ML ML Mountain Pedal - Black- 58,2010.0,R ,2022-06-29,2024-11-29
1750,AC-BC-752-62,ML Front Derailleur - White- 62,3003.0,R ,2012-12-20,2017-05-28
6572,AC-FE-828-62,LL LL Mountain Frame - Red- 62,3252.0,T ,2012-05-22,2013-03-07
3508,AC-LI-900-42,ML Classic Vest - Silver- 42,1092.0,R ,2014-09-10,
3577,CO-TF-474-52,HL Fender Set - Blue- 52,811.0,T ,2015-12-25,
4642,BI-MB-469-38,ML ML Mountain Pedal - Blue- 38,934.0,S ,2017-03-02,
1067,CO-WH-663-38,LL LL Road Seat/Saddle - Black- 38,571.0,M ,2022-03-07,2024-12-07
4614,CO-PD-292-60,HL Water Bottle - White- 60,1949.0,S ,2015-04-19,
1771,CO-PD-944-58,HL Taillights - Red- 58,204.0,T ,2024-04-12,2026-04-14
3738,AC-FE-403-60,LL LL Mountain Seat/Saddle - Blue- 60,3430.0,M ,2011-07-25,2013-06-15
2213,CO-HB-266-42,ML Fender Set - Silver- 42,2050.0,M ,2013-10-21,2014-10-16
2027,CL-BS-352-60,HL Hydration Pack - Yellow- 60,3174.0,S ,2014-04-12,
2848,CL-JE-961-62,ML Half - Yellow- 62,343.0,R ,2016-04-05,2020-05-21
2903,AC-HE-689-38,HL Hitch Rack - White- 38,3439.0,T ,2020-08-04,2023-01-12
6349,AC-PA-327-42,HL LL Mountain Front Wheel - Blue- 42,,M ,2019-08-09,
2968,CL-GL-557-62,ML HL Road Handlebars - White- 62,,T ,2015-01-27,2018-09-18
2048,CO-FO-303-38,HL Sport - Black- 38,976.0,T ,2017-09-01,
1527,AC-HE-919-38,HL Hydration Pack - Yellow- 38,333.0,R ,2022-09-25,
5146,AC-BC-307-44,HL LL Road Rear Wheel - Red- 44,169.0,,2023-09-25,
5648,AC-BC-308-62,LL HL Mountain Tire - Black- 62,2242.0,R ,2015-03-09,2017-02-14
3509,AC-CL-982-60,ML Touring - Black- 60,1939.0,T ,2020-09-11,
3455,CO-CS-255-52,ML LL Road Tire - Yellow- 52,1773.0,R ,2022-05-26,
1165,AC-BR-101-60,ML ML Fork - Silver- 60,,,2015-06-07,2020-05-01
1076,AC-HE-894-42,HL Hitch Rack - Red- 42,1639.0,T ,2019-07-25,
4900,AC-HE-145-62,ML ML Road Front Wheel - Yellow- 62,3027.0,M ,2020-12-25,2023-01-03
701,AC-TT-859-60,HL Racing Socks - Red- 60,118.0,M ,2011-02-25,
3034,AC-HE-748-48,HL Full - White- 48,-1308.0,M ,2020-10-21,2022-01-31
1888,AC-BC-168-62,HL Touring Tire Tube - Black- 62,1368.0,M ,2013-05-08,
5558,CO-MF-807-38,HL Fender Set - White- 38,909.0,M ,2017-08-10,
6820,CO-FO-535-44,LL HL Road Handlebars - Black- 44,,,2013-11-20,2017-10-06
1923,CO-WH-196-42,LL HL Touring Handlebars - Silver- 42,10.0,S ,2024-03-13,2025-01-30
331,CO-BB-121-60,LL LL Mountain Tire - Blue- 60,3446.0,R ,2016-12-12,
3661,BI-MB-330-44,LL Men's Sports Shorts - White- 44,2193.0,R ,2012-02-10,2013-12-20
1575,CL-JE-867-38,LL Women's Tights - Red- 38,,T ,2024-10-14,
1531,CL-CA-577-58,HL Touring Front Wheel - Yellow- 58,1872.0,R ,2011-03-06,
6577,AC-PU-540-60,ML Men's Sports Shorts - Silver- 60,606.0,M ,2024-06-25,2025-07-26
573,CL-TI-581-44,ML Fender Set - Yellow- 44,97.0,S ,2018-04-10,
6827,BI-RB-467-38,HL ML Mountain Seat/Saddle - White- 38,564.0,R ,2013-03-31,2015-02-04
2377,CL-JE-307-42,HL LL Touring Seat/Saddle - Black- 42,,M ,2013-03-10,2015-06-10
1850,CL-CA-845-42,HL ML Mountain Seat/Saddle - White- 42,1659.0,S ,2020-10-15,2023-10-29
1667,BI-TB-766-38,ML LL Mountain Seat/Saddle - Black- 38,298.0,T ,2011-04-06,2014-08-23
5436,AC-HE-962-62,HL LL Mountain Frame - Blue- 62,3050.0,M ,2015-10-18,
3177,AC-CL-425-42,ML LL Road Frame - Yellow- 42,1134.0,M ,2017-10-05,2020-12-18
5802,AC-HP-770-52,HL Touring Rear Wheel - Blue- 52,3232.0,T ,2014-09-29,
891,CL-CA-494-48,HL Classic Vest - White- 48,421.0,R ,2022-09-15,
1824,AC-PA-337-38,LL ML Mountain Pedal - White- 38,2066.0,R ,2022-02-08,2024-09-08
3209,CO-MF-290-52,LL Men's Bib - White- 52,,R ,2018-02-22,
5352,CL-CA-285-62,LL ML Bottom Bracket - Black- 62,3110.0,R ,2025-01-15,
6612,AC-PA-619-38,ML ML Touring Seat/Saddle - Blue- 38,1642.0,R ,2020-11-30,
2397,AC-FE-423-62,LL Cable Lock - Silver- 62,3468.0,T ,2018-06-15,
3491,BI-TB-248-60,LL Rear Brakes - Yellow- 60,3123.0,T ,2012-04-28,
6736,BI-MB-721-52,ML LL Road Tire - Blue- 52,3285.0,T ,2016-02-23,2018-09-20
6864,CO-FO-380-42,LL Patch Kit/8 Patches - Blue- 42,1119.0,T ,2024-04-06,
4244,CO-BR-979-38,HL ML Road Handlebars - Yellow- 38,202.0,S ,2020-07-20,
6222,BI-RB-274-38,ML ML Road Handlebars - Blue- 38,3224.0,M ,2024-12-29,2026-09-19
4019,CO-TF-600-42,ML Chain - White- 42,1058.0,S ,2021-11-09,
3963,CO-BR-262-42,ML Mountain - Red- 42,2391.0,M ,2019-04-23,
6112,CL-VE-660-62,HL LL Mountain Front Wheel - Red- 62,1483.0,S ,2015-02-02,2019-03-27
3221,CO-WH-825-48,HL LL Mountain Frame - Blue- 48,2015.0,R ,2020-04-03,2021-12-27
3342,CO-CH-767-62,ML ML Mountain Seat/Saddle - Yellow- 62,1039.0,T ,2022-06-25,
6664,CO-WH-892-52,LL LL Mountain Seat/Saddle - Yellow- 52,,S ,2011-03-16,2013-01-03
5466,CO-HS-897-58,HL Water Bottle - Black- 58,1734.0,S ,2016-10-29,2019-11-13
498,AC-PA-556-52,LL Rear Brakes - Yellow- 52,,R ,2014-11-15,
2217,CO-SA-210-38,LL Touring Rear Wheel - Red- 38,,M ,2025-03-16,
4964,AC-FE-222-52,HL LL Mountain Frame - Red- 52,394.0,R ,2018-10-23,2020-04-27
6610,CO-PD-787-60,ML Racing Socks - Blue- 60,1663.0,T ,2019-01-29,
6436,CO-SA-820-58,HL ML Touring Seat/Saddle - Yellow- 58,814.0,T ,2017-06-12,
2658,AC-CL-616-44,HL HL Road Handlebars - Silver- 44,1554.0,R ,2022-10-14,2025-07-05
2311,CO-CS-351-48,LL Classic Vest - White- 48,886.0,R ,2013-05-05,
417,CO-PD-201-38,LL Women's Tights - Yellow- 38,2848.0,S ,2020-11-13,2021-06-26
3355,CL-VE-638-38,HL ML Mountain Frame - Yellow- 38,606.0,S ,2011-12-28,2015-09-23
2598,CO-CH-485-44,ML Front Brakes - Yellow- 44,2610.0,R ,2011-05-15,2014-01-06
5927,CO-DE-366-62,ML Front Derailleur - Blue- 62,,M ,2013-01-26,2016-02-27
2242,AC-PU-899-62,ML LL Mountain Pedal - Silver- 62,719.0,R ,2014-12-13,2016-04-20
278,CO-HS-453-48,ML LL Mountain Tire - Blue- 48,458.0,T ,2015-09-09,2016-08-02
4877,CL-BS-276-42,HL Rear Derailleur - Black- 42,1117.0,M ,2023-07-29,
1176,AC-BR-548-44,ML HL Touring Handlebars - Black- 44,1355.0,M ,2020-09-20,
3167,CO-RF-210-52,HL HL Mountain Pedal - Blue- 52,,S ,2018-05-14,
4544,AC-FE-303-44,HL AWC Logo Cap - Yellow- 44,3181.0,T ,2017-01-23,
2063,CO-CH-367-60,ML HL Mountain Tire - White- 60,,R ,2011-11-24,
3584,CO-DE-762-58,HL HL Mountain Frame - Silver- 58,1076.0,T ,2013-09-09,
2405,CO-BR-296-42,LL HL Mountain Rear Wheel - Blue- 42,958.0,R ,2015-04-14,
3181,AC-HE-146-58,LL LL Crankset - Silver- 58,3384.0,T ,2017-01-14,2019-02-23
1497,BI-TB-972-60,HL Mountain Pump - Red- 60,2549.0,S ,2018-01-19,
2157,BI-MB-851-48,ML Mountain Bottle Cage - Blue- 48,1409.0,R ,2017-03-04,2018-03-13
751,CL-JE-171-38,HL Racing Socks - Yellow- 38,1808.0,T ,2017-11-07,
4829,BI-RB-526-44,HL Mountain Pump - Red- 44,3106.0,M ,2016-08-16,2017-07-19
6607,CO-RF-702-52,ML ML Road Frame - Blue- 52,-3095.0,T ,2024-11-12,2027-07-25
423,CO-RF-300-58,ML Touring Front Wheel - Black- 58,2434.0,M ,2015-08-11,2018-09-24
4058,AC-BS-654-58,ML LL Mountain Tire - Silver- 58,1552.0,T ,2021-02-01,2024-11-12
3187,CO-DE-261-52,HL ML Fork - Yellow- 52,59.0,S ,2014-05-18,2013-05-13
1473,CL-JE-641-44,HL Bike Wash - Blue- 44,2832.0,S ,2016-12-15,2019-08-26
4146,AC-PU-928-42,HL Minipump - Silver- 42,3037.0,T ,2012-09-14,2013-12-05
4157,BI-RB-178-52,LL Mountain Bottle Cage - Yellow- 52,2018.0,R ,2019-04-30,2023-06-05
4920,AC-PA-965-48,HL Headlights - Red- 48,293.0,R ,2014-12-08,
4811,AC-LI-547-60,HL Rear Derailleur - Yellow- 60,723.0,S ,2018-11-19,
335,CO-RF-554-44,HL Mountain Pump - Red- 44,1232.0,R ,2019-07-15,2023-08-23
6125,CO-BR-854-60,LL HL Road Handlebars - Blue- 60,,M ,2022-04-29,
3648,CL-GL-615-52,LL ML Road Rear Wheel - Silver- 52,2403.0,S ,2021-03-15,
6276,CO-RF-305-62,HL ML Mountain Front Wheel - Silver- 62,190.0,R ,2022-08-23,2023-07-19
3933,CL-GL-522-44,ML ML Road Handlebars - Red- 44,,T ,2014-07-05,2016-10-30
6422,CL-SO-755-60,ML Front Derailleur - Silver- 60,1759.0,R ,2019-11-14,2021-11-06
1504,CL-SO-674-48,HL Long - Silver- 48,715.0,T ,2024-03-03,
5465,CO-TF-938-62,ML Half - Yellow- 62,1050.0,T ,2024-01-21,
3108,AC-BC-116-48,HL Men's Bib - Black- 48,2075.0,M ,2014-04-06,
5318,CL-SH-549-52,HL Minipump - Red- 52,1376.0,R ,2021-08-17,2023-12-25
4348,AC-LI-904-60,LL Touring Pedal - Black- 60,1415.0,R ,2023-06-07,
3322,CL-JE-455-48,LL HL Mountain Front Wheel - Red- 48,2202.0,R ,2022-11-30,
1029,CO-HB-349-48,LL LL Mountain Frame - Silver- 48,,M ,2020-07-14,
3983,CO-FO-862-58,HL HL Mountain Handlebars - Yellow- 58,2713.0,T ,2011-02-11,
2649,AC-PA-578-62,HL LL Mountain Frame - Silver- 62,1318.0,M ,2012-01-12,2014-02-01
747,AC-HP-148-38,ML Touring Tire Tube - Blue- 38,,T ,2013-05-18,
4385,AC-HE-942-58,ML HL Mountain Tire - White- 58,2476.0,S ,2021-11-18,
6484,CO-HS-837-42,ML LL Mountain Frame - Red- 42,2442.0,S ,2025-03-01,
5844,AC-HP-212-62,ML LL Headset - White- 62,2214.0,S ,2024-12-17,2027-01-25
2472,CO-PD-158-58,HL HL Headset - Blue- 58,1000.0,R ,2022-11-06,2022-01-11
3412,AC-HE-556-58,ML LL Mountain Tire - Red- 58,,,2011-12-02,2016-08-25
5152,AC-FE-723-60,HL HL Mountain Frame - Black- 60,2511.0,S ,2017-10-12,
3127,CO-CS-462-60,LL Mountain Pump - Yellow- 60,2466.0,R ,2024-05-20,2027-03-01
2353,AC-BR-194-48,ML Mountain Tire Tube - Silver- 48,,S ,2017-08-23,
6343,CO-FO-109-60,ML ML Mountain Front Wheel - Red- 60,1164.0,R ,2016-02-17,
4160,CL-SH-381-48,LL ML Mountain Rear Wheel - Blue- 48,1553.0,S ,2023-03-25,
1876,CO-HS-308-44,ML Rear Derailleur - Red- 44,938.0,T ,2022-01-24,2022-10-02
5793,AC-HE-383-48,ML Road - Yellow- 48,2695.0,M ,2022-07-31,
673,AC-CL-387-42,LL HL Mountain Rear Wheel - White- 42,598.0,S ,2011-07-24,2014-06-20
223,CO-DE-926-52,LL HL Touring Frame - Yellow- 52,3452.0,R ,2011-02-06,2010-05-29
5932,AC-LI-921-38,HL ML Mountain Tire - White- 38,2202.0,T ,2012-10-04,
3720,AC-BR-522-58,LL LL Road Handlebars - Yellow- 58,3311.0,M ,2015-08-22,
5431,BI-RB-992-62,HL HL Mountain Front Wheel - Silver- 62,3340.0,M ,2018-11-06,2019-11-22
3861,AC-PU-385-48,HL ML Road Rear Wheel - Black- 48,2190.0,T ,2020-02-01,
1731,CO-BR-959-52,ML LL Mountain Pedal - White- 52,1078.0,M ,2019-03-02,
6001,CL-SH-104-38,LL HL Mountain Frame - Blue- 38,1586.0,R ,2012-09-10,2014-09-23
792,AC-HE-370-48,LL Front Derailleur - Blue- 48,772.0,R ,2019-01-13,2020-02-12
343,AC-PA-510-44,HL HL Fork - White- 44,2069.0,M ,2013-05-15,
1925,AC-PU-628-58,ML LL Mountain Seat/Saddle - Blue- 58,3037.0,M ,2020-03-23,
475,CO-MF-400-58,LL Sport - White- 58,1967.0,M ,2012-01-18,2013-11-18
621,CL-VE-541-42,HL Cable Lock - Black- 42,2664.0,M ,2019-03-07,
3429,CO-CS-964-42,ML LL Road Tire - White- 42,2148.0,M ,2023-02-07,
1874,CL-GL-901-58,HL Women's Mountain Shorts - White- 58,2899.0,R ,2017-12-16,
6516,AC-HE-831-60,HL LL Mountain Seat/Saddle - Black- 60,1967.0,S ,2021-07-12,2026-04-17
3397,CL-TI-310-60,HL ML Headset - Yellow- 60,2703.0,T ,2023-11-11,
6728,CO-RF-769-52,LL HL Mountain Handlebars - White- 52,638.0,M ,2017-12-14,2021-07-27
4061,CO-CH-379-44,HL Rear Brakes - White- 44,1331.0,S ,2018-07-14,
5589,AC-PU-144-42,HL Touring Tire - White- 42,1408.0,M ,2015-08-14,
2202,AC-BR-718-52,LL Taillights - Silver- 52,,M ,2018-06-27,
4137,AC-LO-290-38,ML ML Touring Seat/Saddle - Red- 38,2748.0,T ,2016-11-08,2018-09-26
6865,CL-CA-437-52,LL LL Road Rear Wheel - Red- 52,401.0,M ,2015-07-07,
2800,AC-PU-165-44,ML ML Mountain Handlebars - Red- 44,2217.0,T ,2023-06-17,2024-10-29
5113,CO-BB-242-60,LL ML Headset - Silver- 60,864.0,R ,2018-05-13,2020-01-05
2222,CO-MF-710-38,HL LL Mountain Rear Wheel - Blue- 38,3429.0,T ,2018-12-24,
1999,CO-CS-995-42,ML Women's Mountain Shorts - Black- 42,2661.0,T ,2024-08-21,2027-05-18
4975,CL-TI-541-48,LL LL Road Tire - Blue- 48,1893.0,R ,2020-11-24,
3358,CO-MF-323-44,LL Men's Bib - Silver- 44,197.0,R ,2023-04-25,
5689,AC-FE-335-58,HL Long - Yellow- 58,1989.0,T ,2018-11-23,
4966,CO-SA-636-58,LL Fender Set - Blue- 58,946.0,S ,2022-03-26,
6833,AC-TT-270-42,HL Mountain Pump - Silver- 42,83.0,R ,2014-11-21,2017-11-14
1853,CL-SH-819-60,LL LL Touring Handlebars - Silver- 60,2103.0,R ,2020-05-07,
1726,AC-LI-158-48,HL Touring Rear Wheel - Red- 48,2775.0,T ,2015-03-24,2019-02-22
2256,CO-DE-296-48,HL ML Road Front Wheel - White- 48,,R ,2024-03-04,2024-10-19
3481,CO-RF-627-58,HL Mountain Pump - White- 58,1201.0,T ,2016-02-21,2019-03-04
609,AC-PU-743-42,HL ML Bottom Bracket - Silver- 42,1982.0,T ,2013-12-21,2016-12-19
5479,AC-LO-209-42,LL LL Mountain Pedal - Yellow- 42,643.0,T ,2022-05-14,2025-09-14
6777,AC-HE-644-44,HL Front Brakes - Blue- 44,1418.0,T ,2018-03-11,2022-01-10
1859,CL-JE-366-52,LL Chain - Red- 52,3363.0,M ,2015-01-24,2018-02-08
1563,CO-SA-469-42,LL ML Touring Seat/Saddle - Black- 42,2737.0,M ,2022-10-05,2023-09-16
4194,AC-LI-500-58,LL HL Mountain Handlebars - Red- 58,3431.0,T ,2020-05-22,2023-05-29
2559,AC-BR-318-58,LL HL Touring Seat/Saddle - Silver- 58,,T ,2020-07-04,2024-09-07
243,CO-RF-507-52,HL Bike Wash - Yellow- 52,520.0,T ,2019-07-20,
4388,BI-TB-658-42,ML Road Bottle Cage - Red- 42,3140.0,,2017-11-02,2018-12-22
1415,CL-SH-831-44,LL HL Road Seat/Saddle - Black- 44,2259.0,,2016-06-21,2018-02-02
2720,AC-CL-917-52,ML HL Touring Handlebars - Black- 52,,T ,2011-04-26,
3064,BI-MB-390-48,ML Touring Tire - Blue- 48,2752.0,R ,2014-01-16,2017-08-31
6209,AC-PU-787-58,ML Rear Derailleur - Silver- 58,1227.0,M ,2022-11-11,2026-09-25
548,CL-CA-814-38,LL HL Road Seat/Saddle - Black- 38,508.0,T ,2021-03-12,2022-05-14
6185,CO-CS-190-60,LL Front Brakes - Yellow- 60,1174.0,T ,2014-05-25,
3591,CO-MF-374-42,LL Fender Set - Black- 42,506.0,M ,2017-07-08,
3282,CL-SO-488-44,HL ML Mountain Seat/Saddle - Black- 44,3226.0,T ,2024-12-09,
5316,CO-FO-749-44,LL Touring Tire - White- 44,2729.0,S ,2020-07-04,
3171,CL-SO-312-58,LL Classic Vest - White- 58,2345.0,S ,2014-05-22,2016-11-11
320,CL-VE-556-48,LL ML Mountain Handlebars - Red- 48,1940.0,T ,2016-05-06,
4554,CL-GL-899-48,ML LL Crankset - Silver- 48,1044.0,M ,2018-11-12,2022-07-13
322,CO-MF-658-52,HL Cable Lock - Silver- 52,,S ,2019-09-04,2023-07-03
4810,BI-RB-397-52,LL ML Mountain Seat/Saddle - Silver- 52,3104.0,S ,2020-10-02,
4379,AC-BR-431-62,ML Classic Vest - Blue- 62,2764.0,S ,2019-01-25,
5446,CL-CA-433-58,LL LL Mountain Front Wheel - Yellow- 58,2715.0,R ,2014-12-30,
3758,CO-SA-794-52,HL LL Touring Handlebars - Yellow- 52,3343.0,M ,2021-08-10,2024-02-11
291,CO-CS-492-48,HL Full - Yellow- 48,3406.0,S ,2018-06-24,
3776,CO-DE-104-42,ML Touring Rear Wheel - Silver- 42,65.0,M ,2014-01-16,
1775,AC-PA-472-60,LL Front Brakes - Black- 60,1670.0,M ,2025-03-04,
5622,BI-TB-905-58,HL Long - Silver- 58,2867.0,M ,2011-10-13,
5901,AC-LO-668-62,ML LL Mountain Pedal - White- 62,2331.0,S ,2018-09-09,
2182,CO-FO-562-42,LL All - Silver- 42,1693.0,T ,2014-06-07,
3906,CL-SH-805-42,HL ML Mountain Handlebars - Red- 42,513.0,R ,2014-04-12,
3665,AC-BS-732-62,LL Front Derailleur - Yellow- 62,2250.0,M ,2011-05-17,
1338,CL-BS-463-62,ML Full - Red- 62,2146.0,,2015-06-24,2020-02-20
563,CL-SH-775-38,LL Headlights - White- 38,1117.0,T ,2016-05-22,2017-11-10
5721,CO-MF-739-60,ML HL Mountain Frame - Silver- 60,3477.0,M ,2017-04-15,
6806,CO-RF-848-52,LL Men's Bib - Red- 52,391.0,M ,2020-08-11,
3302,AC-FE-211-62,HL HL Mountain Seat/Saddle - Black- 62,,T ,2019-11-07,2024-04-23
4408,AC-LO-242-48,ML Touring Rear Wheel - Blue- 48,3079.0,M ,2024-03-09,
3082,CO-DE-493-60,LL Bike Wash - White- 60,1354.0,S ,2016-06-22,
3790,CO-CH-237-60,LL Minipump - Red- 60,2630.0,M ,2019-12-23,2022-03-17
5260,CO-TF-105-42,LL Fender Set - Yellow- 42,147.0,T ,2018-06-01,
4116,CO-HS-531-62,HL ML Fork - Red- 62,2587.0,S ,2011-11-22,
6444,AC-HP-882-38,ML HL Road Handlebars - Blue- 38,134.0,M ,2015-07-24,
2659,CO-PD-551-52,ML Sport - Red- 52,2971.0,M ,2020-09-11,
6184,CL-GL-784-42,LL Short - Yellow- 42,2600.0,T ,2015-07-20,2019-05-17
1126,AC-FE-721-44,HL HL Mountain Front Wheel - Silver- 44,2965.0,S ,2015-12-16,2019-03-28
1793,CO-HB-992-62,ML Half - Silver- 62,2513.0,R ,2017-09-16,2019-09-13
2265,CO-RF-649-62,LL HL Road Rear Wheel - Silver- 62,1120.0,T ,2020-07-14,
1967,AC-BC-423-38,HL Half - Red- 38,906.0,R ,2021-03-14,
5470,CL-SO-205-52,HL HL Headset - White- 52,274.0,S ,2015-03-16,
6563,AC-FE-623-58,HL Sport - Yellow- 58,,S ,2013-05-21,
352,BI-RB-748-38,HL Racing Socks - Red- 38,649.0,S ,2025-03-13,
4681,CO-WH-632-62,LL Touring Tire - Yellow- 62,3298.0,,2017-03-22,
3344,CO-HS-168-58,ML Touring Tire - White- 58,334.0,S ,2020-01-08,
3161,CO-CS-168-44,HL HL Touring Handlebars - White- 44,998.0,M ,2011-10-30,
5782,CL-GL-573-60,LL HL Mountain Front Wheel - Black- 60,628.0,S ,2020-04-03,
4247,AC-CL-488-38,ML HL Headset - White- 38,420.0,S ,2017-11-20,
3400,CO-HS-564-44,HL HL Road Front Wheel - Yellow- 44,2865.0,S ,2020-02-03,
1050,CL-GL-465-38,ML HL Mountain Rear Wheel - Silver- 38,1519.0,R ,2011-09-04,
5606,AC-PU-490-62,ML HL Road Frame - Black- 62,1798.0,R ,2015-05-25,2016-08-19
1044,AC-HP-222-44,HL Touring Front Wheel - Blue- 44,17.0,R ,2023-06-19,
1386,CL-GL-536-58,ML Road Bottle Cage - Blue- 58,549.0,T ,2021-04-11,
6570,CL-CA-236-48,HL Mountain Bike Socks - Silver- 48,,T ,2013-03-07,2015-03-09
1962,AC-BC-432-52,HL LL Bottom Bracket - Black- 52,1174.0,T ,2016-06-05,
2833,CO-HB-293-58,HL Touring - Yellow- 58,1348.0,T ,2017-03-27,
2212,AC-CL-929-38,HL Mountain - Blue- 38,2754.0,T ,2024-03-30,2027-04-23
4230,CL-SH-198-62,LL LL Mountain Pedal - White- 62,3235.0,S ,2023-04-01,2027-05-10
1584,AC-HE-752-60,LL ML Road Frame - Black- 60,3238.0,R ,2024-10-19,2028-12-21
2997,BI-MB-872-48,HL LL Crankset - Red- 48,3323.0,S ,2020-02-26,
6351,BI-TB-213-52,HL LL Road Tire - Red- 52,3022.0,M ,2012-10-23,2016-06-06
2289,CO-MF-715-44,LL HL Touring Handlebars - Black- 44,2135.0,S ,2016-08-23,2015-08-11
2635,CO-MF-137-52,HL Women's Tights - Red- 52,1111.0,,2014-02-02,2018-01-21
1518,CL-JE-847-62,LL ML Touring Seat/Saddle - Silver- 62,,M ,2025-01-13,2026-10-08
6065,CO-RF-934-38,HL Touring Front Wheel - Yellow- 38,,S ,2016-07-20,
633,AC-HE-235-60,ML ML Road Rear Wheel - White- 60,2532.0,S ,2020-11-27,
6285,AC-HE-240-60,HL Touring - Red- 60,2730.0,T ,2020-01-16,
1787,AC-BC-176-58,ML Road - Yellow- 58,1564.0,M ,2019-08-17,2022-05-15
2786,AC-FE-448-42,ML ML Road Handlebars - Yellow- 42,68.0,M ,2013-06-23,2016-04-27
2261,CL-CA-494-42,LL AWC Logo Cap - Blue- 42,189.0,M ,2014-11-22,
709,AC-TT-730-48,LL LL Road Frame - Black- 48,,R ,2017-07-01,2020-03-12
6017,AC-HE-443-48,LL HL Mountain Tire - Yellow- 48,3437.0,M ,2016-02-02,2017-01-23
6488,CO-TF-489-42,ML LL Mountain Handlebars - Red- 42,,R ,2018-02-10,2021-12-11
6795,BI-TB-527-44,ML Classic Vest - Blue- 44,873.0,M ,2011-07-31,2013-01-06
6593,AC-PA-983-52,HL Half - White- 52,,M ,2024-01-13,
5700,AC-HP-581-38,HL HL Headset - Blue- 38,1856.0,M ,2025-03-12,
1608,CO-HS-667-60,ML LL Road Frame - Yellow- 60,1975.0,S ,2013-02-27,
6703,CO-SA-473-58,HL LL Mountain Pedal - Silver- 58,2731.0,R ,2025-02-02,
2824,AC-TT-257-44,LL Short - Black- 44,,M ,2012-11-09,2013-06-05
5430,BI-MB-157-52,ML ML Road Frame - Yellow- 52,1315.0,S ,2015-04-11,
1895,CO-DE-102-62,HL HL Road Seat/Saddle - Blue- 62,,S ,2016-01-19,
6894,AC-FE-851-42,ML Front Derailleur - White- 42,910.0,,2020-03-10,2021-06-25
5748,CO-CS-174-38,ML LL Road Pedal - Yellow- 38,2759.0,,2014-12-22,2017-07-07
2909,CL-TI-795-48,HL HL Road Tire - Blue- 48,1995.0,R ,2023-09-02,
6569,CO-TF-809-58,LL LL Touring Frame - Silver- 58,1179.0,,2013-07-25,2014-04-01
3710,CO-TF-803-58,HL ML Mountain Frame - Silver- 58,329.0,M ,2021-05-12,2025-11-20
4372,AC-BS-669-52,HL LL Road Front Wheel - Yellow- 52,1562.0,M ,2022-08-06,
3384,CO-SA-859-62,HL Rear Derailleur - Blue- 62,,R ,2015-08-16,
3407,AC-BS-914-52,LL ML Fork - Red- 52,243.0,S ,2013-04-27,2015-03-30
871,CO-MF-254-48,LL ML Mountain Tire - Red- 48,3044.0,S ,2017-05-25,
2671,CL-CA-357-60,LL LL Mountain Pedal - Blue- 60,1383.0,R ,2019-04-12,
1469,AC-LI-169-44,HL LL Fork - Black- 44,1078.0,S ,2011-10-07,
1882,BI-RB-318-58,HL LL Mountain Frame - Black- 58,,T ,2024-06-16,
3463,CL-TI-344-60,LL HL Mountain Seat/Saddle - Red- 60,1373.0,S ,2024-03-06,
3202,CL-BS-432-60,LL LL Mountain Tire - Silver- 60,3213.0,T ,2011-04-27,2015-03-30
1605,AC-TT-525-60,HL Touring Tire - Black- 60,,M ,2011-08-09,2015-08-10
4248,AC-BC-101-58,LL HL Mountain Tire - White- 58,1308.0,S ,2024-10-12,2029-07-15
6458,AC-LI-734-60,HL HL Touring Handlebars - Red- 60,2778.0,R ,2018-09-14,2021-02-04
2272,CL-JE-236-44,HL LL Crankset - Black- 44,3176.0,M ,2024-08-20,2026-03-04
1292,AC-HP-863-44,LL ML Road Tire - Blue- 44,2872.0,S ,2016-06-06,
1447,CO-FO-320-42,LL LL Crankset - Silver- 42,1351.0,M ,2024-07-31,
6412,CO-BB-885-44,ML HL Touring Frame - Silver- 44,2301.0,M ,2013-06-08,2014-09-24
4212,AC-FE-564-48,LL ML Mountain Front Wheel - Blue- 48,2912.0,T ,2019-02-19,
6646,CO-CH-296-60,HL HL Road Seat/Saddle - Yellow- 60,,M ,2012-01-10,2013-06-26
5226,AC-TT-113-60,ML ML Headset - Silver- 60,863.0,M ,2015-04-17,
4444,CO-PD-375-38,HL LL Mountain Handlebars - Silver- 38,1406.0,R ,2022-10-13,
6568,CO-TF-915-52,LL Long - Red- 52,2181.0,,2018-03-09,
3012,CO-DE-670-62,ML Classic Vest - Black- 62,-1441.0,M ,2024-01-07,2028-05-24
4375,AC-BS-311-48,ML HL Mountain Rear Wheel - White- 48,2844.0,R ,2017-07-31,
1901,CL-GL-224-60,LL Cable Lock - Black- 60,1759.0,R ,2018-03-03,
5384,CO-BR-587-48,LL LL Mountain Rear Wheel - Black- 48,2557.0,S ,2014-05-28,
5067,AC-BC-314-48,ML ML Touring Seat/Saddle - Silver- 48,640.0,R ,2024-06-23,
2821,CL-SH-891-42,ML Long - Red- 42,,S ,2021-11-15,2022-06-25
2536,CL-TI-454-48,HL LL Fork - Silver- 48,2748.0,T ,2013-05-20,
3037,AC-PA-459-58,HL LL Touring Handlebars - Black- 58,160.0,S ,2017-09-24,
4902,CO-TF-257-52,LL Hydration Pack - Silver- 52,,M ,2014-05-22,2018-11-23
499,AC-FE-920-52,LL HL Mountain Handlebars - Black- 52,3001.0,M ,2024-06-12,2023-08-29
1449,AC-BS-441-44,HL ML Mountain Rear Wheel - Red- 44,1243.0,S ,2020-03-12,2022-08-26
5729,CL-BS-895-52,ML LL Road Tire - Yellow- 52,2979.0,T ,2014-11-06,2018-11-08
4668,AC-HP-745-38,ML ML Mountain Front Wheel - Red- 38,3295.0,M ,2018-12-30,
3865,AC-BR-428-60,HL ML Road Seat/Saddle - Blue- 60,1042.0,M ,2022-11-06,2024-04-21
1916,CO-PD-116-44,ML Half - White- 44,1528.0,T ,2012-08-22,2013-03-29
1878,CO-CH-555-48,LL Mountain Tire Tube - Red- 48,1096.0,S ,2019-08-26,
2014,CO-RF-436-44,ML Men's Bib - Silver- 44,451.0,T ,2023-05-13,
2471,CO-PD-103-58,ML HL Road Pedal - Blue- 58,2011.0,M ,2020-09-10,2024-08-30
4893,CL-BS-169-58,ML LL Mountain Frame - Red- 58,1008.0,S ,2012-07-26,
4489,CO-TF-669-52,HL LL Road Rear Wheel - Red- 52,637.0,S ,2018-12-13,2022-05-30
6578,CO-TF-746-52,HL ML Mountain Rear Wheel - White- 52,373.0,T ,2017-01-21,2021-07-07
5776,AC-HE-488-58,ML ML Road Pedal - White- 58,1214.0,R ,2014-06-09,
4961,CO-PD-718-62,ML AWC Logo Cap - Silver- 62,102.0,S ,2022-10-02,
814,CO-PD-405-60,ML ML Fork - Silver- 60,1736.0,T ,2021-03-08,2024-04-05
960,CO-RF-912-60,HL AWC Logo Cap - Red- 60,1875.0,,2019-08-02,
6314,AC-PA-942-48,HL ML Headset - Blue- 48,2109.0,R ,2014-09-21,
3641,CO-BR-398-44,LL Touring Tire Tube - Red- 44,1280.0,T ,2021-02-15,2022-08-20
5300,CO-DE-276-38,LL LL Headset - Yellow- 38,483.0,T ,2023-09-07,
6616,AC-PU-491-60,ML HL Road Handlebars - White- 60,633.0,S ,2025-03-24,
2994,CO-MF-304-58,LL LL Road Seat/Saddle - Yellow- 58,1862.0,T ,2025-02-19,
5255,CL-BS-495-38,ML ML Crankset - Black- 38,2406.0,S ,2020-02-18,
2057,BI-MB-666-38,LL LL Mountain Tire - Blue- 38,1153.0,T ,2019-09-30,
826,AC-LI-663-38,LL Women's Tights - Blue- 38,3137.0,R ,2018-10-15,2020-08-17
5899,AC-LI-615-42,ML LL Fork - White- 42,,S ,2020-04-28,
1274,AC-BR-432-38,LL Touring Rear Wheel - Red- 38,1457.0,R ,2024-07-09,2023-10-29
3419,CO-CS-520-60,LL Classic Vest - Yellow- 60,2891.0,T ,2024-10-24,2027-07-10
1164,CO-SA-417-60,HL HL Bottom Bracket - Yellow- 60,769.0,M ,2013-06-15,
668,CO-WH-502-62,ML LL Road Rear Wheel - Yellow- 62,,R ,2011-03-28,2013-06-08
6769,AC-BC-305-42,LL LL Mountain Front Wheel - Red- 42,,S ,2023-07-27,2024-05-27
4207,AC-BC-839-52,LL Headlights - Yellow- 52,1881.0,T ,2011-04-05,
775,CO-DE-411-52,HL Fender Set - Black- 52,337.0,,2016-05-05,
3898,BI-MB-325-44,ML ML Mountain Pedal - Red- 44,23.0,R ,2011-05-02,
1846,CL-CA-452-48,HL Mountain Tire Tube - Silver- 48,2895.0,R ,2023-01-07,
3517,CO-DE-949-58,LL HL Road Handlebars - Silver- 58,,S ,2013-02-02,
1290,CL-TI-588-48,LL HL Mountain Handlebars - White- 48,2853.0,R ,2021-10-08,2022-11-06
3899,CO-FO-448-44,LL ML Mountain Seat/Saddle - Black- 44,2554.0,,2013-07-11,
1604,CL-TI-404-48,LL LL Road Pedal - Blue- 48,3029.0,M ,2018-09-15,
5367,CO-HB-132-60,HL Full - White- 60,606.0,M ,2021-05-15,
3644,CO-BR-808-62,ML LL Mountain Handlebars - White- 62,,S ,2018-12-11,2019-10-05
1031,CO-SA-483-42,ML Classic Vest - Black- 42,1700.0,R ,2013-02-28,
1532,AC-BS-614-58,ML Road - Black- 58,2704.0,S ,2019-08-12,2024-01-20
4546,BI-TB-150-42,ML HL Mountain Rear Wheel - Black- 42,1367.0,M ,2023-12-18,
2394,CO-HB-928-58,ML HL Road Pedal - Black- 58,345.0,R ,2024-02-18,2028-12-07
1491,CL-GL-799-60,HL LL Road Frame - Yellow- 60,1803.0,T ,2016-12-21,2020-03-13
1036,CL-TI-830-48,LL HL Mountain Pedal - Black- 48,3212.0,R ,2021-05-14,
4275,CO-HS-523-44,LL LL Bottom Bracket - Silver- 44,3190.0,S ,2022-12-23,
1405,AC-HP-312-48,ML AWC Logo Cap - Yellow- 48,1736.0,M ,2023-08-10,2026-07-27
6582,CO-DE-625-38,HL ML Mountain Tire - White- 38,2687.0,R ,2018-07-08,2018-01-04
255,AC-HE-396-62,ML ML Crankset - Red- 62,,,2013-01-09,
323,CO-DE-718-44,HL Cable Lock - Red- 44,410.0,R ,2023-09-25,
3469,CO-SA-262-44,HL LL Road Front Wheel - Black- 44,1832.0,R ,2014-11-25,
5975,BI-RB-861-48,HL HL Crankset - Red- 48,3229.0,T ,2014-11-26,2018-10-26
6461,AC-CL-339-38,ML Women's Tights - Blue- 38,,S ,2023-03-29,
2203,CL-CA-638-48,ML ML Fork - Black- 48,3324.0,M ,2022-05-22,2023-09-08
4778,AC-FE-936-44,LL HL Touring Frame - Silver- 44,16.0,M ,2023-09-06,
4344,AC-FE-440-48,ML LL Bottom Bracket - Yellow- 48,2484.0,R ,2020-08-28,
5945,AC-FE-753-44,LL Touring - White- 44,1148.0,S ,2024-01-20,2028-10-13
4310,CO-BB-213-48,LL LL Road Front Wheel - Yellow- 48,3428.0,T ,2017-01-14,2021-01-13
1753,CL-CA-486-60,HL LL Mountain Handlebars - White- 60,2406.0,T ,2024-02-04,2026-02-02
2913,CL-CA-255-58,LL Touring Tire Tube - Silver- 58,2005.0,M ,2024-10-17,2028-11-28
1760,AC-FE-588-60,ML Full - Black- 60,323.0,S ,2018-06-14,2023-01-07
2362,AC-TT-400-60,ML Racing Socks - Silver- 60,1099.0,T ,2015-10-28,
590,CO-CH-699-58,HL Half - Blue- 58,2795.0,R ,2013-10-26,
4690,CO-BB-503-58,LL ML Mountain Rear Wheel - Yellow- 58,2926.0,R ,2018-09-03,2022-05-05
4612,CL-CA-202-58,ML Touring Tire Tube - Red- 58,1256.0,R ,2013-05-29,
2308,CO-HB-557-42,ML Men's Bib - White- 42,641.0,R ,2017-02-17,
3381,CO-WH-705-42,HL Road Tire Tube - Yellow- 42,352.0,R ,2021-06-27,2023-08-21
1947,CO-FO-152-38,HL ML Fork - Blue- 38,2527.0,S ,2017-03-27,
404,CL-JE-754-52,ML LL Mountain Frame - Yellow- 52,2915.0,T ,2018-02-07,
578,CO-HB-383-38,ML LL Mountain Seat/Saddle - Black- 38,961.0,S ,2011-12-16,2011-08-24
1119,AC-BS-550-48,ML LL Mountain Handlebars - Red- 48,,S ,2017-11-30,
1500,CO-SA-809-58,LL HL Mountain Tire - Blue- 58,1191.0,R ,2012-08-19,
4052,CL-SO-884-38,ML HL Road Rear Wheel - Red- 38,678.0,M ,2012-07-18,
3956,CO-HS-888-48,LL ML Headset - Blue- 48,2744.0,T ,2022-04-09,
768,AC-BC-315-60,HL HL Road Frame - White- 60,3197.0,S ,2015-04-09,2016-10-31
6749,CO-SA-707-60,LL Women's Mountain Shorts - Red- 60,,R ,2023-01-09,
1817,CO-DE-305-38,LL Half - Yellow- 38,1952.0,T ,2022-07-24,
5402,CL-SH-996-60,ML HL Road Pedal - Red- 60,1257.0,M ,2024-01-26,
1804,AC-LI-938-44,HL LL Headset - Blue- 44,1326.0,S ,2018-06-17,2022-10-12
6223,CL-BS-518-42,ML ML Road Front Wheel - Silver- 42,200.0,M ,2024-10-15,
3891,CO-FO-702-38,LL Hydration Pack - White- 38,615.0,M ,2018-09-07,
6070,CL-JE-679-60,HL Minipump - Black- 60,1230.0,R ,2017-04-26,
4758,AC-LO-240-42,LL ML Road Rear Wheel - Red- 42,2197.0,S ,2024-01-13,
5898,CL-JE-820-44,LL LL Crankset - Black- 44,219.0,T ,2023-10-10,2027-10-12
6720,CL-CA-216-58,ML ML Bottom Bracket - Black- 58,1642.0,T ,2018-09-01,
5757,CO-CH-543-42,ML ML Mountain Seat/Saddle - Red- 42,1148.0,R ,2024-12-29,
2910,AC-BS-606-44,LL Water Bottle - Silver- 44,-183.0,R ,2016-02-05,
5209,CO-MF-382-60,HL ML Road Handlebars - Silver- 60,839.0,T ,2017-12-09,
1470,CO-FO-523-62,HL HL Road Frame - Yellow- 62,1005.0,R ,2022-12-26,
6637,CL-JE-617-42,ML ML Road Frame - Black- 42,1063.0,S ,2020-10-22,2023-11-09
4425,AC-CL-441-58,LL ML Bottom Bracket - Blue- 58,699.0,M ,2016-12-19,
4301,CL-GL-831-60,LL Chain - Silver- 60,1346.0,M ,2024-02-17,
6187,CL-BS-791-60,HL Women's Mountain Shorts - Red- 60,3469.0,R ,2015-05-05,2017-04-17
6763,CO-HS-464-52,HL HL Road Frame - Red- 52,2279.0,R ,2023-03-28,2024-02-25
3525,AC-PU-488-42,HL Women's Mountain Shorts - White- 42,1393.0,T ,2011-08-04,
6669,CO-CH-868-48,LL Minipump - White- 48,348.0,S ,2019-07-20,2020-05-08
4174,AC-HP-419-42,LL HL Road Handlebars - White- 42,2872.0,S ,2023-05-29,2026-10-19
2346,AC-BS-589-48,ML Touring Pedal - White- 48,1780.0,R ,2015-09-16,
4407,CL-JE-286-52,LL Rear Derailleur - Blue- 52,971.0,T ,2024-09-23,2028-07-04
1577,AC-PU-495-44,ML Rear Derailleur - Black- 44,3060.0,T ,2018-01-24,
1610,CL-SH-784-60,LL HL Crankset - Silver- 60,3310.0,T ,2023-02-04,2025-09-14
4890,CL-SH-945-58,LL Long - Yellow- 58,2686.0,R ,2016-11-18,2017-10-19
3116,CO-HB-848-52,ML Men's Bib - Blue- 52,,S ,2023-12-05,
1084,CO-CS-463-48,HL HL Road Rear Wheel - Yellow- 48,3281.0,R ,2022-12-03,
6700,CL-SO-122-48,HL Touring Rear Wheel - Blue- 48,1401.0,S ,2014-03-05,2016-03-08
2793,CO-DE-463-48,LL AWC Logo Cap - Red- 48,1162.0,T ,2015-08-22,
409,CL-CA-321-52,HL LL Mountain Pedal - Red- 52,,T ,2018-08-22,
245,CL-SO-808-44,ML ML Road Handlebars - Red- 44,,S ,2021-06-20,2026-01-14
487,AC-FE-364-60,HL Racing Socks - Blue- 60,1828.0,T ,2019-04-10,
4635,AC-CL-532-38,ML ML Road Tire - Black- 38,2739.0,T ,2015-05-14,2018-10-20
795,AC-TT-571-60,HL HL Mountain Pedal - Blue- 60,502.0,T ,2013-08-11,2017-04-10
289,AC-CL-723-60,HL ML Road Handlebars - Red- 60,720.0,S ,2024-06-08,
2654,AC-HP-693-42,ML ML Fork - Yellow- 42,271.0,R ,2023-04-02,
6856,AC-LO-583-48,ML Patch Kit/8 Patches - Blue- 48,2936.0,,2021-01-24,2024-09-24
1114,CL-SO-683-44,ML AWC Logo Cap - Red- 44,751.0,T ,2012-02-04,2013-09-02
2615,CL-SH-569-52,HL HL Mountain Pedal - Blue- 52,2784.0,T ,2021-07-15,2024-09-26
1612,AC-PA-784-48,HL Minipump - Black- 48,2075.0,S ,2016-06-28,
2676,CL-JE-466-60,ML Road - Red- 60,,R ,2014-01-11,
4797,CL-GL-497-60,ML LL Road Tire - Silver- 60,3405.0,R ,2024-03-05,
6252,CL-GL-617-42,HL HL Mountain Front Wheel - Blue- 42,223.0,R ,2019-07-22,2020-04-11
6757,BI-MB-556-42,ML LL Touring Handlebars - Silver- 42,2571.0,R ,2014-05-19,2015-05-29
5392,CO-HB-785-58,ML HL Road Rear Wheel - Yellow- 58,945.0,M ,2016-01-13,2018-10-22
5116,BI-MB-420-62,ML Half - Red- 62,2681.0,T ,2022-09-28,2026-09-10
2975,CL-CA-167-48,HL ML Mountain Seat/Saddle - Silver- 48,3251.0,R ,2016-04-01,
1131,CO-WH-785-58,HL LL Road Rear Wheel - Blue- 58,887.0,T ,2023-10-30,
4306,AC-BS-586-48,LL ML Road Rear Wheel - White- 48,1020.0,M ,2022-12-12,
1685,BI-RB-808-38,HL Road Tire Tube - Silver- 38,2125.0,T ,2013-02-25,2014-04-23
5539,BI-MB-741-62,HL ML Road Tire - Black- 62,700.0,R ,2023-06-25,2026-11-11
1501,AC-HP-486-58,HL LL Touring Handlebars - Silver- 58,2747.0,R ,2021-01-28,2021-09-11
6556,CO-HB-275-44,LL LL Road Frame - Blue- 44,3358.0,M ,2018-03-10,
6661,CO-PD-300-58,ML LL Mountain Pedal - Yellow- 58,,M ,2020-03-31,
274,AC-FE-600-42,HL Short - Silver- 42,2542.0,M ,2013-02-05,2014-01-02
5276,BI-TB-395-38,LL HL Mountain Handlebars - Silver- 38,2350.0,T ,2015-09-13,2017-08-08
2687,CL-BS-446-52,LL Touring - White- 52,745.0,S ,2014-08-20,2018-02-01
708,CO-CS-341-44,LL Mountain Bottle Cage - Yellow- 44,93.0,T ,2024-10-08,2027-05-27
4413,CO-PD-502-58,ML Sport - Silver- 58,3368.0,R ,2013-09-07,
6421,AC-LO-489-58,HL Touring Front Wheel - Blue- 58,914.0,,2021-08-28,
2660,CO-HS-389-60,LL Cable Lock - Black- 60,1011.0,R ,2020-07-16,
6143,CL-TI-840-48,LL ML Road Tire - Yellow- 48,2125.0,S ,2020-05-02,
448,CO-WH-720-58,HL LL Road Rear Wheel - Yellow- 58,1860.0,S ,2016-08-06,2017-03-30
3157,CL-SH-795-58,ML Touring Tire - Black- 58,1423.0,R ,2023-10-12,
3277,CL-VE-613-48,HL Taillights - White- 48,1277.0,R ,2020-03-31,
6554,CL-CA-273-38,HL LL Road Front Wheel - White- 38,,S ,2017-07-28,2019-05-11
4644,AC-PA-140-62,ML Water Bottle - White- 62,,R ,2018-11-29,2020-04-04
2464,CO-WH-449-52,HL LL Touring Handlebars - Yellow- 52,415.0,S ,2025-02-23,
851,CL-BS-728-42,ML HL Mountain Seat/Saddle - Black- 42,1304.0,,2013-07-05,
2225,AC-TT-538-44,LL ML Touring Seat/Saddle - Yellow- 44,1246.0,R ,2015-11-30,
4552,CL-VE-569-62,LL Patch Kit/8 Patches - Yellow- 62,1847.0,T ,2017-01-14,2021-01-09
6086,CL-TI-518-58,ML ML Road Pedal - Red- 58,,M ,2017-03-18,2020-11-06
4213,CL-SH-190-60,ML ML Mountain Seat/Saddle - Silver- 60,669.0,S ,2020-01-01,
904,BI-RB-838-58,ML HL Mountain Pedal - Blue- 58,317.0,M ,2016-06-08,2018-10-31
5943,CO-TF-904-52,LL ML Road Frame - Silver- 52,312.0,R ,2023-10-23,
1349,CL-TI-123-60,ML LL Road Frame - Yellow- 60,3.0,R ,2023-01-18,2022-04-29
1636,CO-TF-795-62,LL LL Headset - Silver- 62,2124.0,T ,2021-05-12,
3253,CO-HS-307-48,HL Water Bottle - Yellow- 48,781.0,T ,2016-02-24,2019-03-10
1946,CL-GL-533-42,HL ML Touring Seat/Saddle - Blue- 42,,T ,2016-10-31,
2698,CO-TF-633-48,HL ML Mountain Handlebars - Blue- 48,3261.0,S ,2019-04-19,2020-05-11
1710,AC-CL-372-52,LL HL Touring Seat/Saddle - Yellow- 52,2588.0,R ,2023-10-11,
1167,CO-SA-910-48,HL Half - Silver- 48,2710.0,R ,2015-09-23,2019-12-18
5442,BI-RB-528-48,ML ML Road Pedal - White- 48,3320.0,M ,2012-02-14,
2444,BI-TB-557-52,LL ML Road Rear Wheel - Yellow- 52,516.0,T ,2017-02-23,
4046,CO-CS-489-48,LL HL Fork - Black- 48,2639.0,T ,2014-10-02,2016-10-20
468,AC-CL-444-58,ML HL Road Handlebars - Red- 58,1265.0,R ,2013-03-30,
6904,AC-LO-240-42,LL ML Road Rear Wheel - Red- 42,2197.0,S ,2024-01-13,
2064,CL-BS-242-60,HL AWC Logo Cap - Silver- 60,,S ,2020-01-22,
2138,CL-CA-617-44,ML Touring Rear Wheel - Silver- 44,2957.0,M ,2016-09-08,
3093,CO-BR-541-58,ML Full - Blue- 58,554.0,M ,2024-01-02,
906,AC-LI-417-52,HL ML Headset - Yellow- 52,1527.0,T ,2016-07-13,2020-07-30
5884,AC-HE-923-42,HL Women's Mountain Shorts - Yellow- 42,2612.0,S ,2014-07-09,
2443,BI-RB-313-60,ML Half - Black- 60,1567.0,S ,2021-06-28,2026-04-01
2126,AC-HP-987-58,LL Mountain - Blue- 58,3085.0,R ,2016-09-11,
1356,AC-LO-908-60,LL Touring Pedal - Black- 60,2489.0,S ,2015-03-09,2019-06-18
460,AC-PA-570-52,ML ML Mountain Tire - Yellow- 52,279.0,T ,2020-08-18,2024-01-14
6028,CO-CH-524-58,HL HL Touring Frame - Yellow- 58,3115.0,R ,2022-11-26,
6089,CL-VE-446-42,ML Rear Derailleur - Yellow- 42,,M ,2017-09-18,2021-08-28
5427,CO-PD-942-58,HL Men's Bib - White- 58,,T ,2011-05-23,2014-07-25
3534,BI-MB-810-62,LL HL Bottom Bracket - Blue- 62,3369.0,T ,2012-02-07,2016-02-11
5791,AC-FE-842-62,ML LL Headset - Silver- 62,3261.0,M ,2017-07-24,
6356,CO-BR-365-60,HL ML Mountain Rear Wheel - Black- 60,3319.0,S ,2019-11-20,2024-08-29
5997,CO-HB-835-48,LL HL Mountain Pedal - Yellow- 48,2536.0,R ,2016-02-06,
3500,AC-HP-626-48,HL HL Mountain Tire - Yellow- 48,1109.0,T ,2015-10-16,
1326,CO-FO-271-44,ML Classic Vest - Black- 44,1065.0,M ,2013-11-22,2015-01-04
328,BI-TB-377-38,ML Road Tire Tube - Yellow- 38,2973.0,R ,2019-03-27,
6778,AC-FE-634-42,LL Taillights - Black- 42,724.0,R ,2017-02-08,
5687,CL-CA-462-44,HL LL Touring Seat/Saddle - Yellow- 44,193.0,S ,2022-08-31,
6464,AC-HP-327-58,HL Mountain Tire Tube - Black- 58,2598.0,S ,2013-01-27,
2416,CO-HB-235-58,ML ML Mountain Pedal - Red- 58,2993.0,M ,2021-09-07,
1944,AC-TT-672-38,ML HL Fork - Silver- 38,1344.0,M ,2011-11-03,
6333,AC-PU-367-42,LL Mountain - Black- 42,1722.0,R ,2019-05-31,2023-05-01
6401,CL-BS-645-42,LL Mountain - Red- 42,1362.0,T ,2014-05-21,
4114,CL-VE-150-38,ML LL Mountain Handlebars - Red- 38,2072.0,T ,2024-03-18,
2422,CO-CH-489-60,ML Front Brakes - Yellow- 60,1586.0,T ,2018-08-19,
1005,CO-DE-608-44,LL LL Touring Frame - Red- 44,2538.0,T ,2018-07-25,
5091,BI-RB-623-48,ML LL Road Tire - Yellow- 48,3349.0,M ,2021-02-23,
6839,AC-HP-553-44,ML Fender Set - Silver- 44,3306.0,S ,2023-08-26,2028-03-29
3477,AC-FE-363-44,LL HL Mountain Frame - Yellow- 44,2404.0,R ,2015-07-21,
3931,CL-VE-831-52,HL LL Fork - Blue- 52,1917.0,S ,2013-10-25,
2347,BI-MB-190-42,LL ML Headset - Silver- 42,956.0,R ,2015-02-21,2018-07-18
5272,CO-TF-642-52,ML HL Bottom Bracket - White- 52,305.0,R ,2025-03-10,
2902,CO-SA-233-44,LL HL Road Front Wheel - Black- 44,2077.0,T ,2019-06-19,2022-02-17
240,CO-BB-497-48,LL Water Bottle - Silver- 48,1138.0,S ,2012-09-03,
4215,CO-WH-230-42,HL Front Derailleur - Red- 42,2707.0,S ,2014-12-10,
1352,CL-VE-736-52,LL Mountain Bike Socks - White- 52,1622.0,S ,2012-04-04,
5069,CO-FO-415-38,ML Men's Bib - Blue- 38,232.0,M ,2019-08-02,
1818,CO-BR-886-52,LL Rear Brakes - Yellow- 52,1335.0,M ,2015-07-12,2019-11-17
6861,CO-CH-703-58,ML LL Touring Frame - Black- 58,1636.0,T ,2020-02-16,2024-07-21
1148,AC-PU-345-52,LL HL Mountain Handlebars - White- 52,3187.0,M ,2011-10-24,2012-08-16
5246,CL-GL-364-42,LL HL Touring Seat/Saddle - Yellow- 42,2592.0,T ,2014-12-18,
1721,AC-LI-139-38,HL LL Mountain Front Wheel - Red- 38,1686.0,S ,2024-09-09,
3213,BI-RB-590-48,HL HL Mountain Frame - Silver- 48,1265.0,M ,2016-10-13,
3496,CL-VE-689-52,LL HL Road Front Wheel - White- 52,939.0,R ,2011-10-20,
4333,AC-LI-339-62,ML AWC Logo Cap - White- 62,746.0,R ,2018-09-12,
4326,AC-FE-508-38,LL Mountain Pump - White- 38,2333.0,M ,2016-02-14,
4481,CO-CS-267-42,LL LL Fork - Silver- 42,2057.0,R ,2022-03-03,
3541,AC-FE-187-62,ML LL Bottom Bracket - Yellow- 62,2663.0,M ,2024-01-13,
3746,CL-VE-881-42,ML HL Touring Handlebars - Yellow- 42,3120.0,T ,2018-09-20,
829,AC-FE-939-62,LL Classic Vest - White- 62,2305.0,S ,2024-12-22,
1736,CO-MF-701-44,ML AWC Logo Cap - Red- 44,1685.0,S ,2011-02-22,
2409,BI-MB-979-42,ML HL Mountain Seat/Saddle - Yellow- 42,3224.0,,2011-03-19,
469,AC-FE-916-44,ML LL Mountain Seat/Saddle - Red- 44,654.0,S ,2013-03-07,2013-10-27
4843,CO-RF-564-60,HL ML Mountain Rear Wheel - White- 60,1527.0,M ,2025-03-15,
4139,CO-HS-445-58,LL LL Mountain Handlebars - Red- 58,1686.0,,2015-12-23,2018-08-27
2328,CO-CS-450-38,LL Touring Tire - Black- 38,2080.0,M ,2017-10-26,
1562,AC-HE-752-52,HL LL Road Tire - White- 52,2787.0,T ,2012-06-24,2013-08-28
2041,CO-MF-107-48,LL Mountain - Red- 48,1722.0,M ,2015-07-28,
2395,AC-CL-980-38,HL HL Headset - Red- 38,68.0,R ,2016-05-22,2017-05-22
4901,CO-HS-470-44,ML ML Fork - Black- 44,1207.0,T ,2019-02-03,2021-10-31
2433,AC-TT-483-42,LL LL Bottom Bracket - Blue- 42,2541.0,R ,2021-05-29,
5324,AC-LO-234-44,HL Water Bottle - Silver- 44,277.0,T ,2016-12-29,
3044,CL-JE-659-58,ML Sport - Blue- 58,663.0,M ,2020-12-09,
382,CO-WH-905-60,LL HL Road Rear Wheel - Black- 60,2808.0,T ,2018-07-09,2020-01-09
1345,CO-WH-787-48,HL ML Mountain Front Wheel - Black- 48,2035.0,T ,2016-11-07,
1621,CL-GL-675-58,LL Road Bottle Cage - Black- 58,2785.0,M ,2015-07-22,2016-06-17
3907,AC-LO-194-52,LL HL Mountain Frame - Black- 52,1792.0,S ,2014-11-02,
1377,CL-JE-177-60,LL Mountain Tire Tube - Blue- 60,,R ,2017-07-18,
1489,CO-RF-736-62,HL Rear Brakes - Red- 62,1652.0,R ,2013-10-18,
2004,BI-TB-101-44,LL Sport - Yellow- 44,2616.0,R ,2022-06-21,
2693,CO-SA-611-42,ML Patch Kit/8 Patches - Red- 42,1266.0,R ,2014-05-31,
6550,CO-CH-769-62,ML HL Road Pedal - Black- 62,2820.0,S ,2018-12-23,
294,CO-MF-192-42,HL LL Road Front Wheel - Black- 42,1525.0,M ,2021-01-30,
5437,CL-GL-267-44,ML HL Headset - Yellow- 44,210.0,T ,2022-03-17,
1378,BI-RB-206-48,LL Road - Silver- 48,2007.0,M ,2018-05-04,
2554,CO-FO-236-58,LL ML Mountain Pedal - Red- 58,597.0,T ,2016-01-30,2019-02-22
6618,CO-FO-110-42,HL LL Bottom Bracket - Red- 42,278.0,T ,2013-04-21,
5294,CO-HS-831-60,ML LL Mountain Handlebars - Yellow- 60,,T ,2011-07-02,
4353,CO-FO-308-62,HL LL Mountain Frame - Blue- 62,2519.0,T ,2014-07-03,2018-05-25
4622,CL-JE-245-58,LL LL Touring Frame - Red- 58,1661.0,R ,2022-12-14,2025-06-03
6530,CL-SO-518-44,LL Women's Mountain Shorts - Black- 44,3495.0,M ,2017-01-12,
6501,CO-BR-204-62,LL ML Road Rear Wheel - Silver- 62,1503.0,T ,2014-04-05,
1382,CO-BR-445-38,HL HL Bottom Bracket - Red- 38,1532.0,S ,2013-11-25,2016-01-30
4257,CO-MF-958-52,LL LL Fork - Silver- 52,2838.0,R ,2016-05-06,2017-11-01
402,CO-DE-735-42,ML HL Headset - Yellow- 42,1576.0,M ,2024-10-05,
3971,BI-RB-227-52,LL HL Mountain Rear Wheel - White- 52,832.0,M ,2025-01-06,
3972,CO-CS-539-42,HL HL Road Frame - Red- 42,3116.0,R ,2014-09-03,2017-02-23
342,CO-SA-877-58,ML Taillights - White- 58,3178.0,R ,2023-04-08,2027-04-04
1392,AC-BR-632-44,HL ML Mountain Rear Wheel - Black- 44,420.0,R ,2024-07-22,2026-06-20
1766,AC-BR-629-38,LL Chain - Silver- 38,2872.0,S ,2021-06-14,
1013,AC-PA-137-60,LL ML Bottom Bracket - Blue- 60,1901.0,T ,2017-04-04,2021-07-29
4605,AC-HP-446-42,ML Women's Mountain Shorts - Silver- 42,,T ,2013-09-23,2017-04-09
6738,CO-DE-321-38,LL ML Touring Seat/Saddle - Blue- 38,,T ,2023-01-07,
425,CL-SH-859-42,LL LL Road Tire - Red- 42,2242.0,S ,2017-02-11,
270,AC-HE-984-60,ML HL Fork - Red- 60,2286.0,M ,2012-04-13,
2897,CL-SH-376-38,ML HL Mountain Tire - White- 38,247.0,,2022-08-17,
5705,CL-SO-185-58,ML Headlights - Silver- 58,996.0,R ,2023-05-15,2026-06-22
5021,AC-BC-851-52,ML Touring Tire Tube - White- 52,2938.0,M ,2020-07-09,2024-05-02
517,CO-BB-759-42,ML Cable Lock - Red- 42,1054.0,T ,2023-04-09,
2747,AC-FE-998-44,ML ML Road Rear Wheel - Blue- 44,196.0,M ,2022-02-13,2022-12-10
4360,CL-SO-252-42,ML HL Bottom Bracket - White- 42,3309.0,T ,2011-08-18,
5779,CO-TF-908-48,HL Touring Tire - Silver- 48,29.0,R ,2022-05-22,
2587,CO-RF-865-42,HL Women's Tights - Blue- 42,1995.0,S ,2014-08-25,2017-09-17
2102,AC-HP-173-60,LL Half - Black- 60,2367.0,T ,2011-11-26,
5907,CO-DE-495-62,ML Men's Sports Shorts - Red- 62,1141.0,,2023-05-05,2025-07-11
3993,CL-GL-942-52,LL Touring - Blue- 52,2918.0,M ,2017-02-12,2021-10-13
5810,CO-SA-738-62,LL Road - White- 62,1728.0,S ,2016-02-04,2019-11-27
958,CO-TF-350-42,LL Bike Wash - Black- 42,,S ,2021-06-15,2023-06-25
1011,BI-RB-550-58,HL Taillights - Blue- 58,3251.0,T ,2019-04-04,
3696,BI-RB-257-52,ML ML Fork - Red- 52,1031.0,,2014-12-10,
1038,CL-VE-381-42,HL Men's Sports Shorts - Black- 42,2119.0,S ,2012-07-29,
987,CO-HS-133-52,HL Water Bottle - Black- 52,3246.0,S ,2017-08-10,
6534,CO-FO-427-38,ML Half - Black- 38,2151.0,M ,2019-07-17,
759,CO-FO-881-48,ML ML Bottom Bracket - Black- 48,1548.0,,2019-11-22,
1008,AC-BC-402-58,ML Cable Lock - Black- 58,2019.0,M ,2014-08-20,
5368,AC-FE-333-38,HL LL Headset - Red- 38,2807.0,T ,2021-10-04,2023-01-11
5896,CO-MF-876-42,ML HL Headset - White- 42,811.0,S ,2013-03-07,
2562,CL-JE-271-42,ML ML Touring Seat/Saddle - Silver- 42,1610.0,R ,2024-05-20,2025-08-19
6261,CO-CS-574-60,LL HL Crankset - Red- 60,2261.0,T ,2015-09-06,
869,CL-BS-207-52,HL HL Mountain Tire - Black- 52,694.0,S ,2024-07-20,2025-11-11
3446,BI-TB-101-38,HL Touring Tire Tube - Black- 38,2213.0,R ,2022-08-25,
5760,AC-BS-629-52,ML All - Yellow- 52,3190.0,R ,2024-10-12,2029-01-09
733,CL-TI-939-42,HL HL Road Handlebars - Blue- 42,237.0,R ,2018-05-24,2020-11-14
5515,CO-CS-758-58,ML LL Road Rear Wheel - Red- 58,1776.0,R ,2025-03-11,
5960,AC-CL-807-44,ML LL Headset - Silver- 44,147.0,T ,2024-09-24,2026-02-07
4210,CL-SH-872-60,HL Classic Vest - Red- 60,,T ,2020-07-10,2021-01-31
5645,CL-SH-231-58,LL HL Mountain Rear Wheel - Blue- 58,3280.0,S ,2020-07-07,
5358,CO-PD-783-60,LL ML Mountain Pedal - Silver- 60,,S ,2022-01-09,
4076,AC-HE-136-48,ML Men's Sports Shorts - Silver- 48,1861.0,T ,2017-11-05,2021-08-09
1146,BI-RB-266-58,LL ML Mountain Seat/Saddle - Blue- 58,,T ,2018-03-11,
6456,AC-PA-194-60,HL LL Road Frame - Silver- 60,803.0,T ,2012-12-11,2014-02-28
1833,CO-WH-304-48,HL Minipump - Silver- 48,3274.0,R ,2011-11-24,
5593,CO-FO-249-38,LL Road Tire Tube - White- 38,2428.0,R ,2015-07-21,
532,CO-MF-130-52,HL HL Touring Handlebars - Silver- 52,3402.0,S ,2016-05-29,
2580,AC-TT-519-60,ML ML Bottom Bracket - Yellow- 60,1166.0,R ,2011-04-26,
1768,CL-CA-120-62,LL HL Headset - White- 62,2606.0,T ,2021-02-15,2022-05-30
5988,CL-SH-645-60,ML HL Road Front Wheel - Red- 60,1459.0,T ,2022-07-25,2023-08-16
1397,CO-TF-481-48,ML ML Mountain Seat/Saddle - Yellow- 48,1231.0,T ,2024-06-28,
3176,CO-PD-616-38,ML Mountain Tire Tube - Silver- 38,2415.0,R ,2018-07-02,
4783,AC-PA-725-60,HL Short - Blue- 60,1785.0,S ,2023-02-21,
5277,AC-LO-199-38,HL LL Touring Seat/Saddle - Silver- 38,933.0,R ,2013-02-20,2014-10-04
1056,AC-BS-472-48,ML HL Fork - Silver- 48,1641.0,S ,2011-01-06,
2898,CO-FO-658-42,HL HL Mountain Handlebars - Black- 42,1479.0,R ,2017-12-21,
978,CO-BR-943-58,HL All - White- 58,3447.0,M ,2016-11-19,2019-05-01
1735,AC-CL-118-38,HL Women's Mountain Shorts - Blue- 38,1207.0,S ,2016-02-23,2017-03-23
1993,CO-DE-788-44,ML Women's Tights - Red- 44,125.0,R ,2024-08-11,2029-01-22
1652,CL-CA-280-58,ML LL Mountain Tire - Silver- 58,2407.0,T ,2018-09-03,2021-05-07
2665,AC-TT-579-42,HL HL Road Handlebars - Black- 42,2904.0,T ,2020-02-23,
4945,CO-BR-541-42,LL LL Mountain Front Wheel - Red- 42,200.0,T ,2023-06-02,
2674,CL-VE-598-48,ML Men's Bib - Yellow- 48,,M ,2018-06-23,
4418,CO-PD-911-58,ML LL Touring Handlebars - Blue- 58,2314.0,R ,2019-04-01,
4898,AC-TT-805-38,LL HL Mountain Tire - Silver- 38,2917.0,M ,2013-01-28,2017-03-09
613,CO-RF-584-60,HL LL Road Front Wheel - Black- 60,2950.0,R ,2013-10-09,
1588,CO-BR-504-60,HL Full - Red- 60,645.0,S ,2024-11-24,2027-12-17
2081,CL-JE-458-52,HL Mountain - Black- 52,546.0,R ,2016-09-07,
5701,AC-PA-756-44,HL Hitch Rack - Silver- 44,1808.0,T ,2012-04-06,2014-11-14
1631,CO-WH-342-58,LL ML Road Front Wheel - Silver- 58,1424.0,R ,2015-01-27,2018-04-14
5053,CL-TI-316-60,ML HL Touring Handlebars - White- 60,2359.0,M ,2022-02-13,2024-02-19
1049,CO-MF-281-48,LL HL Touring Seat/Saddle - Red- 48,1239.0,T ,2025-02-14,
5739,AC-BS-244-38,LL LL Bottom Bracket - Black- 38,427.0,T ,2019-01-06,2021-03-27
6735,CL-VE-174-60,LL AWC Logo Cap - Red- 60,2281.0,S ,2022-06-07,2026-09-17
2006,BI-MB-823-58,LL HL Mountain Frame - Blue- 58,481.0,R ,2019-09-22,2021-03-18
3511,CL-SO-521-44,LL HL Touring Handlebars - Blue- 44,2636.0,M ,2015-04-09,
1317,AC-TT-258-58,HL LL Touring Seat/Saddle - Blue- 58,229.0,S ,2023-10-31,2027-10-22
1815,CO-FO-839-60,HL Hydration Pack - Black- 60,2859.0,R ,2014-12-28,
2334,AC-HE-760-62,ML HL Road Rear Wheel - Red- 62,800.0,T ,2015-05-01,
5830,CL-CA-342-38,ML Front Derailleur - Silver- 38,,S ,2018-01-05,
2333,CO-BR-151-62,ML Racing Socks - Blue- 62,1488.0,R ,2015-05-22,2018-03-31
6311,CO-HS-883-60,LL Water Bottle - Yellow- 60,1779.0,,2022-10-19,
1799,CO-DE-670-60,LL HL Touring Frame - Blue- 60,2614.0,M ,2024-05-07,2025-11-29
6234,CO-CH-639-58,ML HL Bottom Bracket - Blue- 58,2580.0,M ,2012-04-14,2015-04-16
1333,CO-BR-244-52,HL LL Touring Frame - Blue- 52,341.0,S ,2024-11-04,
1273,BI-MB-295-60,ML LL Mountain Handlebars - White- 60,2098.0,R ,2012-06-26,2014-11-27
6293,CO-HS-430-62,ML Minipump - Silver- 62,1574.0,M ,2025-01-02,2029-11-09
1770,CO-CS-444-60,HL LL Touring Frame - Blue- 60,114.0,S ,2019-08-01,
5948,CL-TI-630-60,ML Short - Blue- 60,2829.0,M ,2022-09-08,2023-08-27
5787,CO-RF-636-42,HL ML Mountain Rear Wheel - Silver- 42,2061.0,M ,2012-01-30,
2987,AC-HP-364-62,LL Rear Derailleur - Black- 62,1709.0,M ,2018-11-16,
4412,CL-BS-182-58,HL ML Mountain Pedal - White- 58,2913.0,T ,2022-01-20,
4491,CL-GL-925-48,ML Mountain - White- 48,800.0,S ,2022-06-17,
4318,CO-DE-721-60,ML HL Mountain Frame - Black- 60,2599.0,S ,2022-02-08,2024-10-28
5013,AC-BC-856-44,HL HL Crankset - White- 44,3298.0,M ,2016-06-28,
451,CO-WH-744-48,LL LL Road Front Wheel - Black- 48,762.0,R ,2024-06-08,
6047,AC-HP-149-60,LL LL Road Front Wheel - Black- 60,2203.0,R ,2018-04-15,
4224,CO-DE-773-62,LL Patch Kit/8 Patches - White- 62,642.0,R ,2018-03-26,2020-03-21
2248,AC-CL-188-62,HL ML Road Rear Wheel - Yellow- 62,2137.0,R ,2020-03-17,
4787,AC-PU-159-42,HL LL Mountain Rear Wheel - Black- 42,69.0,S ,2023-07-22,2027-10-17
1879,AC-HP-535-60,ML HL Headset - Yellow- 60,3219.0,S ,2015-12-06,
3835,CL-BS-368-58,ML Women's Mountain Shorts - Red- 58,2274.0,T ,2014-01-21,2018-11-03
4876,CL-VE-391-42,HL ML Mountain Pedal - Black- 42,371.0,S ,2017-09-08,2018-09-18
4988,CO-MF-484-58,LL Short - Blue- 58,3086.0,S ,2018-03-07,
1759,BI-RB-493-48,HL HL Road Rear Wheel - Black- 48,2537.0,M ,2021-12-13,
305,AC-LO-409-52,HL ML Mountain Frame - Blue- 52,374.0,T ,2018-09-09,2020-08-13
1637,CO-HS-162-38,LL Road Tire Tube - Blue- 38,1648.0,T ,2017-05-06,
4827,CO-PD-885-58,ML Women's Tights - Silver- 58,691.0,M ,2017-05-17,2019-08-23
3058,CO-HS-197-52,HL Racing Socks - Red- 52,3343.0,R ,2018-10-23,
1141,CO-PD-274-52,LL Men's Sports Shorts - Yellow- 52,,M ,2020-07-18,2023-04-06
1319,AC-BS-142-60,ML LL Road Frame - Yellow- 60,2530.0,T ,2020-01-16,
674,AC-HE-214-62,LL ML Mountain Handlebars - Yellow- 62,3462.0,M ,2018-10-10,
669,CO-SA-236-58,HL ML Mountain Frame - Yellow- 58,2819.0,S ,2022-05-27,
3013,CO-CH-210-44,ML Front Derailleur - Silver- 44,83.0,M ,2014-03-09,
6467,AC-TT-804-42,ML AWC Logo Cap - White- 42,1633.0,R ,2023-06-27,2025-07-07
2089,CL-GL-633-62,LL ML Bottom Bracket - Black- 62,605.0,S ,2012-01-25,2013-11-20
4675,CO-HB-527-38,HL LL Mountain Pedal - Red- 38,798.0,T ,2018-11-12,
880,AC-LO-693-44,ML Women's Mountain Shorts - White- 44,795.0,S ,2011-02-15,
769,CL-SO-959-44,LL Touring Front Wheel - Yellow- 44,982.0,S ,2022-06-21,
1360,AC-BC-446-52,HL ML Road Front Wheel - Silver- 52,2204.0,M ,2021-05-10,
1272,CO-HB-775-42,LL Men's Sports Shorts - White- 42,2341.0,T ,2020-04-04,
2599,AC-CL-117-44,LL LL Road Seat/Saddle - Black- 44,938.0,T ,2019-08-28,2024-03-15
3042,BI-TB-257-60,ML Mountain Tire Tube - Red- 60,890.0,M ,2022-10-22,
2410,CO-RF-406-48,ML Taillights - Blue- 48,,T ,2012-11-06,
2268,AC-PA-758-44,LL Mountain Pump - Silver- 44,2752.0,M ,2019-08-13,
6533,CL-CA-424-48,LL Short - Red- 48,1759.0,R ,2012-08-28,2015-04-24
6482,CO-BB-199-48,LL LL Crankset - Black- 48,3429.0,S ,2016-01-21,
5500,CO-BB-887-52,ML Taillights - Black- 52,2581.0,T ,2012-01-25,
4203,CO-SA-845-42,HL ML Road Rear Wheel - Black- 42,529.0,M ,2021-04-16,
5989,CL-GL-821-52,ML Bike Wash - Black- 52,2128.0,T ,2020-12-22,2025-02-20
4557,CO-MF-560-38,HL ML Mountain Front Wheel - Silver- 38,1022.0,M ,2011-11-27,2013-11-18
1372,BI-MB-920-52,ML LL Mountain Rear Wheel - Black- 52,3285.0,,2022-10-16,2023-05-25
6895,CL-SO-567-38,LL Touring Pedal - Black- 38,2239.0,M ,2019-02-11,
3432,AC-BR-929-42,ML HL Mountain Seat/Saddle - Red- 42,1392.0,S ,2021-11-23,2024-10-18
2534,CO-HS-177-38,LL Minipump - Yellow- 38,2192.0,,2014-03-31,
915,CO-HB-519-44,LL Women's Mountain Shorts - Yellow- 44,77.0,M ,2015-05-02,2016-02-01
4919,CL-BS-314-48,HL Touring Pedal - Blue- 48,2393.0,S ,2019-07-17,
6272,AC-PA-754-58,LL HL Mountain Frame - Black- 58,69.0,S ,2022-07-24,2025-08-18
3173,CO-FO-765-48,LL All - Black- 48,1706.0,R ,2018-01-08,
2813,AC-FE-220-44,HL Front Brakes - Blue- 44,3120.0,S ,2021-02-16,2025-12-17
5123,AC-PA-893-58,LL HL Road Front Wheel - Yellow- 58,973.0,T ,2021-07-15,
715,AC-LI-753-60,LL Bike Wash - Yellow- 60,1944.0,R ,2023-10-17,2025-05-22
3152,CO-CH-758-44,ML HL Touring Frame - Yellow- 44,2955.0,M ,2022-10-22,
3969,AC-HP-553-44,ML Fender Set - Silver- 44,3306.0,S ,2023-08-26,2028-03-29
1714,CO-PD-915-42,HL Cable Lock - Silver- 42,240.0,R ,2022-03-04,2023-06-14
489,CO-BB-365-52,HL HL Mountain Handlebars - Blue- 52,2125.0,S ,2023-09-07,2027-02-11
2381,BI-RB-965-48,HL ML Road Tire - Red- 48,78.0,M ,2014-06-29,
1540,AC-LO-647-38,ML ML Mountain Rear Wheel - Yellow- 38,111.0,T ,2020-04-15,2021-10-02
6759,AC-PA-130-52,LL HL Road Frame - Blue- 52,3234.0,T ,2017-09-25,2019-04-10
2130,AC-HE-887-58,ML ML Crankset - Yellow- 58,1038.0,R ,2021-06-06,2023-06-06
4569,AC-HE-740-44,LL Taillights - Red- 44,1065.0,S ,2020-06-25,
672,CL-TI-569-38,ML Mountain Tire Tube - Yellow- 38,2886.0,T ,2018-12-16,
2960,AC-PU-814-62,ML HL Road Seat/Saddle - Yellow- 62,3224.0,R ,2013-02-13,
5611,CO-CS-319-44,HL Minipump - Blue- 44,294.0,S ,2011-04-17,
6004,AC-PU-854-38,ML Headlights - White- 38,2007.0,T ,2019-01-04,2022-11-30
2276,AC-CL-456-62,HL ML Road Frame - Blue- 62,3218.0,R ,2014-09-12,
4606,AC-PU-832-60,ML ML Touring Seat/Saddle - Black- 60,3161.0,M ,2017-07-12,
428,CO-HS-662-52,LL Hitch Rack - White- 52,2316.0,S ,2012-12-05,
986,CL-SO-158-38,ML Mountain Bottle Cage - Red- 38,1973.0,T ,2015-04-30,
6324,AC-BR-463-42,LL Chain - Yellow- 42,,T ,2015-06-22,2017-11-10
2758,BI-MB-755-44,LL LL Road Front Wheel - Yellow- 44,1755.0,R ,2021-11-05,
6088,CO-DE-751-44,HL HL Road Front Wheel - Blue- 44,2203.0,S ,2022-01-31,
6093,AC-PA-774-44,LL Men's Sports Shorts - Silver- 44,1135.0,M ,2015-05-01,2017-10-18
4694,CL-GL-854-38,LL ML Mountain Tire - Black- 38,359.0,T ,2019-01-31,
1192,CO-RF-538-42,LL Taillights - Red- 42,2271.0,M ,2019-01-31,
2688,AC-PU-800-44,HL Half - White- 44,,T ,2011-06-30,
6326,AC-HE-477-62,LL LL Road Rear Wheel - Yellow- 62,395.0,,2020-06-04,2022-02-18
5331,CL-SH-303-42,ML ML Mountain Tire - Yellow- 42,828.0,M ,2021-11-06,
538,CO-MF-948-62,HL ML Mountain Handlebars - Black- 62,2278.0,T ,2019-03-07,2023-12-07
1178,AC-TT-955-44,LL Women's Tights - Blue- 44,620.0,T ,2018-04-13,
4805,CL-GL-680-60,ML Headlights - Red- 60,1282.0,M ,2013-10-06,
6809,CL-BS-620-42,ML Touring - White- 42,2376.0,M ,2019-12-23,2021-04-30
5087,CO-RF-186-52,HL LL Bottom Bracket - Red- 52,901.0,M ,2016-05-01,
2626,CL-BS-864-44,LL Taillights - Yellow- 44,422.0,T ,2011-09-01,2015-02-17
2609,CL-VE-637-38,ML ML Road Rear Wheel - Red- 38,278.0,S ,2022-02-06,2023-03-23
5765,CO-RF-325-44,HL HL Road Pedal - Black- 44,3439.0,T ,2025-01-08,
5469,AC-PU-339-48,ML Touring Pedal - Red- 48,935.0,S ,2017-06-09,2019-04-26
6176,CO-RF-152-58,LL LL Touring Seat/Saddle - White- 58,3273.0,M ,2019-03-18,2022-01-13
4181,CL-TI-947-44,ML Long - White- 44,1299.0,T ,2019-11-23,2024-10-04
6381,AC-BR-174-42,ML HL Road Frame - Black- 42,965.0,S ,2012-01-26,
1279,CO-CS-923-44,HL Minipump - Yellow- 44,2549.0,T ,2015-08-23,
3291,CO-FO-593-48,LL ML Fork - Black- 48,602.0,,2018-03-31,2022-11-17
1737,CL-CA-808-42,HL ML Crankset - Silver- 42,1320.0,S ,2013-06-20,
2336,AC-LI-924-44,LL ML Fork - Blue- 44,2825.0,S ,2021-05-06,
301,CO-WH-560-48,LL HL Headset - Black- 48,896.0,M ,2016-12-11,
797,AC-BS-807-60,HL Mountain Bottle Cage - Black- 60,,,2012-11-02,2014-01-23
4921,CO-CS-316-42,HL HL Mountain Frame - Silver- 42,2085.0,R ,2019-02-26,2022-08-23
5642,BI-RB-708-60,LL HL Bottom Bracket - Yellow- 60,837.0,R ,2017-03-07,
1985,AC-HP-722-42,ML HL Touring Handlebars - Blue- 42,451.0,R ,2011-04-21,2015-11-12
6338,AC-BC-434-44,ML Mountain Pump - Silver- 44,53.0,T ,2017-09-17,
6232,CL-CA-188-48,LL HL Mountain Handlebars - Black- 48,965.0,,2021-12-02,
6033,CO-HS-845-38,HL Headlights - Blue- 38,3019.0,R ,2012-02-13,
1191,CO-FO-414-62,HL Rear Brakes - Black- 62,2211.0,R ,2016-11-22,
2551,BI-MB-671-44,ML Front Brakes - Red- 44,,R ,2023-09-02,2024-05-26
997,CO-DE-553-52,ML HL Headset - Black- 52,260.0,M ,2017-06-15,2019-01-19
1132,CL-TI-284-60,ML LL Mountain Front Wheel - Black- 60,981.0,M ,2014-09-19,
3233,AC-LO-542-52,LL Short - Red- 52,2686.0,T ,2014-08-19,
1919,CO-HS-982-44,HL Cable Lock - Red- 44,194.0,T ,2011-10-31,2015-05-26
4631,CO-FO-914-44,HL HL Mountain Tire - Red- 44,2588.0,R ,2023-09-02,2026-12-30
6342,BI-MB-549-42,ML HL Mountain Seat/Saddle - Black- 42,556.0,T ,2023-09-04,2027-05-26
2017,CO-BB-827-48,HL Rear Derailleur - Black- 48,,R ,2020-07-04,2021-05-11
4773,CL-GL-501-44,LL ML Touring Seat/Saddle - Black- 44,1080.0,,2019-09-03,
4249,AC-CL-947-52,ML LL Touring Handlebars - Silver- 52,,S ,2015-04-22,
2832,CO-CS-201-60,HL ML Mountain Handlebars - Red- 60,617.0,M ,2012-04-08,
2977,CO-SA-483-48,HL ML Mountain Pedal - Blue- 48,1921.0,M ,2021-05-07,
6659,AC-CL-741-44,HL HL Bottom Bracket - White- 44,388.0,M ,2022-10-29,2027-04-13
1374,AC-PU-329-58,LL Fender Set - White- 58,2798.0,T ,2016-01-26,
2809,AC-LO-702-58,ML HL Road Rear Wheel - Blue- 58,607.0,M ,2015-05-22,2014-06-09
755,CO-BB-962-42,LL Mountain Tire Tube - White- 42,3331.0,M ,2021-09-27,2024-04-07
6672,AC-PA-873-44,ML Headlights - Black- 44,845.0,M ,2012-08-29,
1670,AC-LO-109-62,ML Mountain - White- 62,62.0,T ,2024-11-02,
570,CL-JE-446-44,LL LL Touring Handlebars - Blue- 44,1106.0,M ,2013-12-14,
1471,AC-CL-603-42,LL All - White- 42,278.0,T ,2013-11-03,
832,CO-HS-276-58,LL Men's Bib - Silver- 58,2143.0,S ,2015-09-03,2019-05-30
1554,CO-DE-340-42,LL Patch Kit/8 Patches - Blue- 42,1748.0,M ,2020-01-08,
2505,CO-HB-865-48,HL LL Touring Seat/Saddle - Yellow- 48,,R ,2021-02-10,2024-03-03
3936,CO-BB-642-52,LL ML Headset - Blue- 52,1375.0,M ,2013-10-26,2017-10-28
5393,AC-CL-559-44,ML Rear Brakes - White- 44,1494.0,M ,2011-01-27,
4442,AC-LO-217-38,ML Chain - Silver- 38,2847.0,R ,2019-07-30,2022-03-03
887,CO-CS-996-52,ML LL Mountain Front Wheel - Black- 52,,T ,2015-06-25,2017-05-06
1910,CL-TI-761-60,LL LL Road Tire - White- 60,2174.0,M ,2020-08-16,2023-11-26
5296,AC-CL-104-52,LL Short - Silver- 52,2082.0,M ,2013-11-02,2015-07-01
2597,AC-LI-211-62,ML HL Road Tire - Yellow- 62,3265.0,M ,2023-02-03,
6691,BI-TB-544-38,ML LL Mountain Pedal - Yellow- 38,,S ,2017-09-17,2021-07-04
3561,AC-LO-940-48,ML Patch Kit/8 Patches - Yellow- 48,1416.0,T ,2024-12-26,
6711,CO-BB-588-48,LL LL Road Front Wheel - Black- 48,2756.0,S ,2021-01-19,
3817,CO-RF-122-44,ML LL Road Seat/Saddle - White- 44,154.0,S ,2019-10-20,2021-04-27
4830,AC-CL-486-60,ML Road Tire Tube - Blue- 60,2631.0,T ,2023-05-22,
4428,CO-TF-460-60,HL LL Road Tire - Red- 60,2857.0,M ,2023-12-20,
2859,CO-DE-419-60,LL Women's Mountain Shorts - Yellow- 60,1400.0,M ,2023-04-10,2026-03-13
4198,CO-HB-299-52,ML ML Bottom Bracket - Silver- 52,1425.0,R ,2013-08-17,
6367,CO-CS-371-58,LL AWC Logo Cap - Red- 58,582.0,R ,2016-04-18,2018-03-31
3964,CO-CS-687-48,LL HL Road Handlebars - White- 48,2698.0,R ,2011-03-10,2014-08-13
1162,AC-BC-553-38,LL ML Road Tire - Silver- 38,2634.0,T ,2016-06-09,
2021,CL-GL-962-48,ML LL Mountain Handlebars - Red- 48,133.0,R ,2018-03-24,
5843,CO-DE-315-38,ML LL Bottom Bracket - Black- 38,212.0,S ,2020-02-15,
2895,CO-SA-991-52,HL HL Mountain Seat/Saddle - Yellow- 52,133.0,M ,2015-07-10,
3227,CL-CA-540-52,ML LL Mountain Rear Wheel - Blue- 52,1227.0,M ,2013-07-17,
5156,CL-VE-378-62,LL LL Mountain Rear Wheel - Red- 62,252.0,R ,2017-03-06,2018-03-13
6034,CO-HB-468-48,HL HL Fork - Yellow- 48,650.0,T ,2023-03-09,2025-06-10
2618,CL-SH-549-58,HL ML Fork - White- 58,3222.0,M ,2022-06-04,
678,CO-DE-969-58,LL LL Road Rear Wheel - Yellow- 58,,R ,2023-10-02,2022-11-28
2558,CO-PD-522-48,ML Racing Socks - Red- 48,391.0,R ,2012-03-22,
2221,AC-LI-677-44,LL Short - Yellow- 44,2232.0,S ,2015-02-02,
264,CO-DE-458-48,ML LL Touring Handlebars - Blue- 48,2210.0,M ,2024-01-04,
4080,CL-GL-949-44,ML Women's Mountain Shorts - Silver- 44,1405.0,M ,2012-12-25,2015-08-30
2011,CL-VE-236-62,LL LL Road Frame - Silver- 62,1848.0,R ,2017-03-21,2021-04-29
3522,CL-JE-632-42,LL Women's Mountain Shorts - White- 42,872.0,R ,2011-01-11,
5020,CO-BB-304-52,ML LL Touring Frame - Silver- 52,214.0,R ,2011-06-17,
3031,CO-HS-440-52,ML LL Mountain Front Wheel - White- 52,3200.0,T ,2020-10-06,
5247,CO-FO-407-38,HL Cable Lock - White- 38,3169.0,S ,2016-04-28,
4053,BI-RB-778-62,HL LL Road Seat/Saddle - Yellow- 62,1770.0,T ,2014-11-04,2018-03-03
1860,CL-VE-233-38,HL HL Road Rear Wheel - Black- 38,961.0,R ,2014-09-10,2016-11-04
3430,BI-TB-709-38,HL LL Mountain Tire - Blue- 38,1861.0,S ,2012-05-12,2015-08-03
5425,BI-MB-331-44,ML Classic Vest - Red- 44,3371.0,,2023-04-11,2026-10-12
3781,CL-SO-866-42,LL Touring Tire Tube - Silver- 42,2408.0,T ,2011-03-11,
4641,CO-BB-848-60,LL ML Touring Seat/Saddle - Silver- 60,1438.0,M ,2019-07-27,
6731,CO-PD-762-44,ML ML Bottom Bracket - Yellow- 44,1135.0,S ,2014-07-12,2017-07-29
5528,CO-CH-799-52,LL HL Road Rear Wheel - White- 52,3370.0,,2012-05-09,
2282,CL-TI-549-52,HL HL Mountain Pedal - Black- 52,2020.0,S ,2023-12-27,2028-10-20
4538,BI-RB-366-62,ML Front Derailleur - Silver- 62,2285.0,S ,2024-09-13,
898,CL-SH-625-62,LL LL Road Tire - Red- 62,209.0,,2017-06-15,2020-06-25
1512,CL-JE-941-60,LL HL Bottom Bracket - Silver- 60,3129.0,R ,2016-05-06,
4065,CO-TF-429-58,HL HL Road Handlebars - Red- 58,2678.0,,2011-03-17,
3922,CO-DE-349-60,ML HL Touring Seat/Saddle - Black- 60,2930.0,M ,2021-03-03,2023-09-17
2949,CO-MF-298-58,ML ML Bottom Bracket - Yellow- 58,,R ,2016-04-09,2018-11-22
2915,CL-BS-935-42,HL HL Mountain Handlebars - White- 42,,R ,2016-04-28,
6057,AC-BC-511-38,LL LL Road Rear Wheel - Red- 38,1361.0,S ,2014-04-03,2018-06-18
1242,CL-CA-395-62,HL HL Mountain Seat/Saddle - White- 62,1841.0,,2019-04-11,2023-04-02
1847,CO-WH-419-60,ML Touring Pedal - Yellow- 60,1103.0,T ,2013-08-04,
6172,CO-HB-298-60,HL ML Mountain Front Wheel - Black- 60,2773.0,M ,2024-07-06,
933,BI-MB-798-58,ML Sport - Red- 58,2514.0,S ,2011-07-18,2015-06-13
4616,CO-CH-304-38,LL ML Road Handlebars - Black- 38,,T ,2017-12-29,2020-12-22
4231,BI-RB-197-48,LL Taillights - Blue- 48,1346.0,T ,2023-05-21,
5973,AC-TT-382-58,ML Minipump - Black- 58,1711.0,T ,2011-07-28,
5017,CO-SA-904-58,LL LL Bottom Bracket - White- 58,2846.0,S ,2013-02-19,2016-02-05
2290,CL-JE-371-62,ML ML Fork - Blue- 62,2643.0,R ,2020-04-05,
4107,CO-PD-249-62,HL Mountain - Yellow- 62,531.0,T ,2012-11-10,2014-10-17
2945,CL-BS-567-58,LL LL Mountain Pedal - Blue- 58,1888.0,S ,2019-02-23,
1574,AC-BR-246-44,ML Road Tire Tube - Black- 44,2055.0,M ,2022-09-28,
1508,CL-TI-249-60,ML Women's Tights - Silver- 60,,T ,2015-07-11,
2644,CO-BR-174-58,HL HL Road Rear Wheel - White- 58,2076.0,M ,2016-06-24,
2005,CO-PD-844-58,HL Mountain Bottle Cage - Yellow- 58,1949.0,M ,2024-12-26,
2052,CL-CA-348-62,HL Touring - Blue- 62,1084.0,R ,2020-11-17,
2180,AC-BS-100-52,LL HL Road Handlebars - White- 52,3243.0,T ,2022-11-14,
1908,CL-SO-962-38,LL ML Road Seat/Saddle - White- 38,3498.0,S ,2020-06-01,2023-09-07
3068,CO-BB-715-60,HL HL Mountain Pedal - White- 60,1087.0,M ,2015-10-03,2017-03-12
6171,AC-CL-518-52,LL LL Mountain Handlebars - Black- 52,1890.0,S ,2018-06-02,2023-01-21
2484,CO-DE-891-48,HL LL Touring Seat/Saddle - Yellow- 48,563.0,M ,2021-08-19,2025-10-05
1704,BI-TB-155-52,LL ML Mountain Front Wheel - Yellow- 52,2538.0,S ,2017-08-10,2018-06-06
3529,AC-PA-912-58,ML Front Derailleur - Black- 58,1872.0,M ,2015-12-29,
3882,CO-TF-639-60,LL Mountain Tire Tube - Black- 60,2965.0,M ,2025-01-20,
2741,CL-GL-704-60,HL ML Mountain Handlebars - Yellow- 60,1813.0,R ,2017-08-08,2021-11-14
1926,CO-HS-973-52,HL Women's Tights - Yellow- 52,,S ,2014-10-14,
1593,CL-CA-762-62,LL Women's Tights - Silver- 62,,M ,2022-02-10,2026-09-15
3554,CO-DE-413-58,HL Cable Lock - White- 58,2680.0,M ,2022-06-23,
4371,CO-HB-849-52,LL HL Road Handlebars - Blue- 52,1319.0,S ,2020-01-19,2022-05-21
5085,CL-TI-574-60,ML ML Road Pedal - Silver- 60,1453.0,T ,2014-01-08,
5663,CO-RF-553-60,ML Road Bottle Cage - Red- 60,2511.0,M ,2015-07-02,2020-03-08
4878,AC-HE-164-58,HL Touring - Red- 58,926.0,T ,2019-09-10,2021-10-23
734,CL-BS-217-58,LL HL Mountain Pedal - Silver- 58,-1578.0,,2023-08-05,
5527,AC-CL-190-58,LL ML Touring Seat/Saddle - Red- 58,,S ,2018-09-27,2022-05-01
1168,CL-GL-836-42,HL LL Bottom Bracket - Yellow- 42,3423.0,T ,2015-09-16,
1218,AC-BS-107-48,HL LL Mountain Pedal - White- 48,3463.0,M ,2017-12-24,2020-02-26
1387,CO-FO-853-58,HL Touring Tire Tube - White- 58,2301.0,S ,2017-04-08,2018-01-10
2577,AC-BR-734-60,HL HL Headset - Yellow- 60,3070.0,T ,2021-08-25,
4507,CO-HB-159-38,ML Road Tire Tube - White- 38,2343.0,R ,2022-04-07,
1188,AC-BR-579-62,ML LL Headset - White- 62,1213.0,M ,2017-01-31,2021-07-27
2156,AC-CL-630-58,ML HL Mountain Pedal - Blue- 58,1815.0,S ,2025-02-27,
2047,CO-HB-740-48,ML LL Mountain Pedal - White- 48,2355.0,T ,2015-05-13,
6644,CL-VE-121-48,LL HL Bottom Bracket - Yellow- 48,2796.0,M ,2017-10-24,
4590,AC-HE-272-62,ML Rear Derailleur - White- 62,,R ,2024-03-23,
3958,CO-RF-198-58,HL Mountain Pump - White- 58,2297.0,M ,2023-02-05,2025-11-11
1301,AC-CL-987-52,LL Classic Vest - Blue- 52,2301.0,T ,2014-12-16,
3241,CO-BR-610-48,HL ML Road Frame - Red- 48,-204.0,S ,2015-06-04,2017-11-12
327,CO-BR-131-62,ML HL Touring Seat/Saddle - White- 62,3369.0,R ,2022-01-05,2024-09-18
2766,AC-PU-150-58,LL LL Fork - Silver- 58,2912.0,R ,2021-06-17,2023-05-27
982,AC-CL-679-58,HL Bike Wash - White- 58,1112.0,T ,2017-11-12,2019-11-14
2588,CO-MF-909-44,HL LL Road Frame - Blue- 44,2173.0,T ,2024-04-02,2027-03-15
4218,AC-CL-901-48,ML Taillights - Black- 48,176.0,,2022-05-27,
584,CO-CS-205-52,LL LL Mountain Rear Wheel - Silver- 52,988.0,T ,2018-07-26,2020-08-26
4617,BI-RB-301-42,ML Touring Tire - Blue- 42,3313.0,S ,2020-02-11,2022-05-19
3259,AC-HP-443-38,HL HL Fork - Red- 38,1794.0,R ,2014-01-30,
2956,CO-CH-132-48,LL HL Road Rear Wheel - White- 48,740.0,M ,2024-02-22,
2868,AC-LI-529-44,HL LL Headset - Red- 44,943.0,,2020-08-21,2020-05-13
3869,CL-SO-470-62,HL Front Derailleur - Red- 62,3279.0,T ,2022-08-14,
5761,CL-SH-148-52,LL HL Touring Frame - Yellow- 52,1568.0,R ,2024-06-19,
6828,BI-RB-254-60,HL HL Road Front Wheel - Blue- 60,54.0,M ,2024-03-23,2025-02-14
5770,AC-LI-314-48,ML ML Mountain Frame - Yellow- 48,1008.0,R ,2012-05-11,2015-04-28
3174,CO-BB-677-44,HL ML Mountain Handlebars - Red- 44,427.0,S ,2015-07-16,
1964,CO-RF-488-48,HL LL Road Pedal - Black- 48,268.0,R ,2022-10-25,2027-09-09
2007,AC-CL-565-42,LL HL Road Front Wheel - Red- 42,3340.0,R ,2022-05-17,
3392,CO-SA-267-48,LL HL Mountain Tire - White- 48,3066.0,R ,2012-03-03,2013-05-27
4759,AC-TT-432-44,HL Headlights - Red- 44,425.0,S ,2014-01-13,2015-01-21
6680,BI-RB-133-48,HL Hydration Pack - White- 48,1222.0,R ,2021-10-06,
6797,BI-MB-334-38,LL Full - Black- 38,,S ,2023-12-30,2026-06-22
6079,AC-HE-250-42,HL Touring Front Wheel - Blue- 42,290.0,S ,2024-05-12,2028-11-19
2879,CO-PD-542-38,ML ML Mountain Rear Wheel - Black- 38,,R ,2013-07-13,2017-09-24
5092,AC-LI-762-58,HL LL Touring Frame - Yellow- 58,387.0,R ,2011-03-06,
6790,AC-BS-954-58,LL Minipump - White- 58,722.0,,2023-09-17,2026-02-16
4937,CL-BS-298-52,ML Touring Rear Wheel - Blue- 52,2630.0,S ,2022-03-25,2024-02-26
2565,AC-LI-272-52,ML ML Fork - Blue- 52,451.0,R ,2016-03-30,
2427,AC-BR-854-58,ML HL Touring Handlebars - Red- 58,3168.0,M ,2011-01-05,
3408,CL-CA-244-52,HL Hydration Pack - Black- 52,1880.0,R ,2014-02-11,2016-10-25
309,AC-HE-408-52,HL LL Road Handlebars - Black- 52,157.0,M ,2023-05-19,2023-12-11
6872,CL-VE-218-52,HL HL Road Seat/Saddle - Red- 52,2073.0,R ,2020-01-06,
4382,CO-HS-932-44,ML ML Road Rear Wheel - White- 44,,T ,2022-01-12,
389,CO-BR-321-52,HL Full - Yellow- 52,2490.0,R ,2013-02-24,
4242,AC-HE-566-62,ML HL Headset - Blue- 62,1252.0,M ,2022-05-31,2023-11-11
5688,CO-HS-864-38,LL LL Road Frame - Red- 38,3171.0,S ,2018-05-09,
6200,CO-MF-370-52,ML HL Mountain Front Wheel - Black- 52,3310.0,M ,2014-03-03,
4055,CO-SA-276-60,ML ML Touring Seat/Saddle - Red- 60,3223.0,R ,2023-01-24,2024-09-18
4278,CL-CA-837-52,HL HL Road Rear Wheel - Blue- 52,1146.0,S ,2022-08-21,
3774,AC-BC-696-58,LL ML Mountain Pedal - Red- 58,,S ,2025-01-29,2029-01-04
5819,CL-VE-950-48,ML LL Road Seat/Saddle - Red- 48,,S ,2013-01-18,
447,CO-FO-840-44,LL Taillights - Red- 44,308.0,R ,2012-06-07,
3675,BI-RB-526-60,HL Women's Tights - Silver- 60,3099.0,S ,2018-10-15,
5873,BI-RB-238-44,ML Half - Silver- 44,2616.0,R ,2021-07-27,
2110,CL-SH-831-60,ML Touring Rear Wheel - Black- 60,567.0,T ,2015-11-27,2019-11-28
2870,CL-GL-615-52,HL ML Road Pedal - Yellow- 52,2796.0,R ,2016-10-27,2021-09-25
3546,AC-BC-528-38,HL Mountain Bike Socks - Blue- 38,2427.0,R ,2022-09-06,2027-06-20
4155,CO-BR-535-42,LL Minipump - Red- 42,2410.0,M ,2015-12-08,
4097,CO-WH-455-42,LL Long - White- 42,1021.0,S ,2015-08-10,2016-12-25
2430,CO-TF-342-58,ML ML Road Frame - Yellow- 58,682.0,M ,2016-01-01,
3860,AC-HE-393-60,ML ML Mountain Rear Wheel - Blue- 60,42.0,S ,2011-01-13,
3240,CL-SH-132-52,ML Short - Yellow- 52,1366.0,M ,2016-04-27,
808,AC-CL-226-52,HL Full - Blue- 52,3320.0,R ,2023-09-21,
1335,CO-BB-394-58,LL LL Touring Frame - Blue- 58,1657.0,S ,2019-11-15,
6126,AC-BR-182-62,LL Headlights - Blue- 62,,,2019-06-05,
988,CL-JE-982-52,ML LL Mountain Rear Wheel - White- 52,98.0,M ,2018-11-22,2019-11-15
802,CO-BB-485-58,ML HL Road Handlebars - Silver- 58,2303.0,T ,2013-10-21,2014-11-05
3558,CO-RF-554-60,HL Road Tire Tube - Black- 60,-1716.0,S ,2020-07-22,
6329,AC-LI-855-52,ML Full - Blue- 52,2252.0,,2021-12-02,2026-01-09
1590,CO-SA-280-52,HL ML Road Handlebars - Red- 52,1755.0,R ,2013-10-29,
4782,CL-BS-648-60,LL ML Road Front Wheel - Blue- 60,643.0,T ,2011-05-03,
3383,CL-JE-542-42,HL Racing Socks - Silver- 42,2826.0,S ,2012-10-17,
1591,CO-MF-549-60,LL Water Bottle - Black- 60,2368.0,S ,2011-02-23,2012-06-20
6121,CL-JE-315-38,LL ML Road Rear Wheel - Red- 38,3113.0,T ,2015-07-15,
3553,CL-CA-217-42,HL Mountain - White- 42,2676.0,M ,2022-03-04,2023-06-11
5261,CL-GL-746-58,LL LL Crankset - Red- 58,2436.0,T ,2013-04-24,2015-06-16
4283,BI-RB-218-60,LL ML Road Rear Wheel - White- 60,1646.0,M ,2017-06-15,
3264,CL-SH-242-52,LL ML Bottom Bracket - Silver- 52,2078.0,S ,2016-03-15,2021-02-08
5486,CO-CS-110-60,HL HL Mountain Frame - Silver- 60,3264.0,T ,2014-09-09,
3819,AC-HE-266-58,LL Cable Lock - Blue- 58,929.0,,2013-08-23,
2984,CO-CS-716-38,LL Women's Mountain Shorts - Silver- 38,823.0,M ,2014-12-31,
1364,CL-BS-312-62,LL HL Road Front Wheel - Red- 62,2519.0,S ,2017-04-05,
3528,CO-TF-540-44,HL ML Mountain Seat/Saddle - Red- 44,3038.0,T ,2017-03-26,2020-10-19
2533,AC-LI-941-62,LL Mountain Pump - Red- 62,,R ,2022-04-12,
873,AC-HE-137-42,LL Touring Front Wheel - Red- 42,213.0,T ,2013-09-03,2018-07-21
3602,CL-SH-466-62,HL LL Road Frame - White- 62,489.0,T ,2020-11-14,2023-01-15
3768,CO-HB-961-44,HL Rear Derailleur - Yellow- 44,2914.0,S ,2020-02-26,
646,CL-GL-743-62,HL LL Road Handlebars - White- 62,683.0,S ,2025-02-11,
4977,AC-HE-359-48,HL HL Crankset - Black- 48,1245.0,M ,2025-02-21,2027-10-21
6362,CL-JE-103-60,ML Short - Silver- 60,3332.0,M ,2021-08-17,2025-05-02
1216,AC-PA-375-44,LL ML Road Pedal - Black- 44,2768.0,S ,2017-06-24,
408,BI-RB-656-62,LL HL Mountain Rear Wheel - Silver- 62,1432.0,T ,2016-08-08,2020-11-03
6398,AC-BC-852-44,ML Front Derailleur - Silver- 44,275.0,R ,2012-09-11,2014-04-07
5719,CO-MF-736-58,LL Front Derailleur - Red- 58,2037.0,R ,2021-07-01,
2860,CO-MF-587-60,ML Road Bottle Cage - White- 60,1404.0,R ,2020-04-15,2024-05-18
4576,CL-TI-338-62,LL Water Bottle - Silver- 62,1378.0,,2025-02-21,
806,AC-LI-137-58,ML Fender Set - White- 58,2737.0,M ,2024-11-17,2026-10-24
480,CO-MF-168-38,ML LL Mountain Frame - Silver- 38,1269.0,M ,2021-04-07,
1829,AC-PA-700-58,LL Cable Lock - White- 58,1612.0,T ,2020-09-08,
5005,AC-CL-724-48,HL LL Mountain Tire - Silver- 48,2878.0,S ,2018-05-10,
4214,CL-TI-445-62,LL Half - Silver- 62,3015.0,S ,2012-08-25,2017-06-03
3319,CO-SA-161-52,LL ML Road Front Wheel - Silver- 52,1215.0,T ,2013-08-14,
5304,AC-PA-325-52,HL LL Headset - Yellow- 52,1500.0,R ,2021-03-10,2022-01-09
4033,CO-CS-928-44,LL LL Touring Seat/Saddle - Black- 44,1436.0,S ,2011-06-02,
4466,AC-PA-443-48,HL Touring - Blue- 48,,T ,2020-07-15,
3994,CL-BS-796-52,LL HL Road Frame - White- 52,97.0,R ,2024-10-24,2026-09-02
4084,CO-WH-636-48,ML HL Mountain Front Wheel - Black- 48,183.0,R ,2011-10-14,
1658,CL-CA-498-52,ML ML Mountain Tire - Silver- 52,1637.0,S ,2011-07-14,
4038,CL-BS-204-52,ML Mountain Bottle Cage - White- 52,36.0,M ,2018-04-26,2020-02-08
4706,CL-SH-819-48,HL Mountain Pump - Black- 48,2147.0,T ,2016-04-01,
2208,CL-SH-217-58,HL ML Touring Seat/Saddle - Blue- 58,603.0,T ,2016-05-06,2017-10-27
6476,CO-TF-400-58,LL ML Fork - Red- 58,516.0,M ,2012-08-31,2017-06-28
5190,AC-LO-794-58,HL HL Road Frame - Red- 58,1106.0,T ,2013-02-20,2018-01-14
1538,CO-RF-167-38,HL Hitch Rack - Blue- 38,1161.0,M ,2012-12-06,
5429,AC-HP-493-58,HL Water Bottle - Blue- 58,,T ,2011-10-03,2016-08-21
3771,AC-HE-605-62,ML HL Road Frame - Black- 62,1844.0,T ,2016-09-25,2020-09-03
2963,AC-BR-376-44,HL Bike Wash - White- 44,2658.0,S ,2011-05-26,
230,BI-MB-175-60,ML LL Road Tire - Silver- 60,3091.0,M ,2024-08-16,
1171,CO-CH-644-38,HL Fender Set - Silver- 38,2130.0,R ,2022-12-11,
2322,CO-HS-447-48,ML Touring Pedal - Black- 48,1044.0,M ,2017-03-30,2016-09-16
2973,AC-LI-486-62,LL LL Road Pedal - Blue- 62,354.0,S ,2018-05-05,2020-08-11
2880,AC-LI-325-44,LL HL Crankset - Blue- 44,184.0,T ,2018-02-21,2022-07-24
4584,CO-SA-334-62,HL ML Mountain Pedal - Red- 62,1332.0,R ,2016-12-08,
4565,AC-CL-955-52,LL Headlights - Blue- 52,1769.0,T ,2013-05-14,2017-11-23
5966,AC-PU-294-52,LL LL Mountain Tire - Yellow- 52,2398.0,R ,2012-09-14,
5733,AC-BS-142-62,HL LL Crankset - Red- 62,678.0,T ,2016-08-06,2021-04-30
5524,CO-FO-949-48,LL LL Headset - White- 48,2403.0,M ,2014-07-03,
4121,CL-SH-440-60,ML LL Bottom Bracket - Black- 60,1984.0,S ,2014-11-10,2019-03-01
1034,CO-CH-745-44,HL Short - Yellow- 44,497.0,T ,2014-12-21,2016-11-21
2335,BI-MB-983-44,LL Front Brakes - Blue- 44,2067.0,R ,2016-12-13,
6255,AC-LI-757-42,ML Rear Brakes - Blue- 42,973.0,S ,2018-04-28,
959,CO-DE-185-52,HL ML Mountain Seat/Saddle - Yellow- 52,2703.0,M ,2021-11-02,2022-09-23
6767,CL-SH-898-58,LL Short - White- 58,3118.0,R ,2011-06-07,2014-01-07
3897,CO-MF-251-42,LL Minipump - Silver- 42,1679.0,S ,2011-06-18,
3959,AC-HP-752-38,LL LL Mountain Seat/Saddle - Red- 38,2079.0,R ,2016-07-25,
2429,CO-RF-580-58,LL HL Touring Seat/Saddle - Blue- 58,2791.0,R ,2014-02-25,
3249,BI-MB-632-52,HL LL Road Front Wheel - Red- 52,2670.0,S ,2021-04-28,2026-02-02
419,AC-HE-972-58,LL Touring Rear Wheel - Yellow- 58,3068.0,T ,2021-10-26,
4226,CO-PD-618-52,ML HL Mountain Tire - White- 52,522.0,M ,2023-08-07,
4939,AC-BS-649-48,LL LL Road Rear Wheel - Blue- 48,3302.0,S ,2023-11-08,
585,AC-PA-144-52,HL ML Road Pedal - Blue- 52,214.0,R ,2011-03-01,
5372,AC-PA-222-60,ML ML Headset - White- 60,3174.0,M ,2020-10-27,
4234,CO-TF-209-62,LL Road - White- 62,188.0,R ,2022-10-22,
4624,CO-TF-370-44,HL LL Road Handlebars - Blue- 44,1253.0,M ,2020-06-24,2024-09-12
4006,CL-SH-964-58,LL Touring - Red- 58,2348.0,S ,2015-01-17,
244,CO-TF-958-52,LL LL Touring Seat/Saddle - Red- 52,1646.0,S ,2011-12-01,
3698,AC-PU-893-42,LL HL Bottom Bracket - Black- 42,327.0,R ,2011-09-21,
631,CL-SO-174-52,ML Road Tire Tube - Silver- 52,1367.0,R ,2012-01-23,
1640,CO-MF-875-44,ML LL Mountain Pedal - Blue- 44,348.0,R ,2015-01-19,
5850,AC-BR-732-60,ML Rear Derailleur - White- 60,1487.0,R ,2014-12-31,
3444,CO-RF-626-52,LL HL Mountain Pedal - Red- 52,579.0,S ,2015-06-18,
953,AC-TT-841-38,ML Half - Red- 38,2761.0,S ,2022-05-20,
3215,CO-MF-889-38,ML Short - White- 38,793.0,S ,2020-06-29,
2489,AC-LI-969-44,LL ML Mountain Handlebars - Black- 44,2415.0,S ,2017-06-29,
692,CO-WH-585-44,LL HL Mountain Tire - Yellow- 44,2435.0,T ,2014-05-25,2018-03-31
4998,CO-RF-211-62,LL ML Fork - Black- 62,3311.0,T ,2016-04-06,
1609,AC-HP-493-38,HL Mountain Pump - Red- 38,3288.0,R ,2020-01-15,
2884,AC-HP-243-52,LL Touring Pedal - Black- 52,19.0,T ,2020-12-31,
6486,AC-BR-471-52,ML Touring Tire Tube - Black- 52,731.0,R ,2011-03-30,
2497,CL-BS-177-42,HL Road Tire Tube - Blue- 42,1289.0,R ,2019-06-07,
523,AC-BR-618-38,LL LL Road Seat/Saddle - White- 38,3292.0,T ,2018-01-05,2022-12-08
5560,CL-SO-881-38,LL Men's Sports Shorts - Blue- 38,215.0,T ,2023-02-23,
2198,AC-LI-581-58,ML ML Headset - Silver- 58,1484.0,R ,2023-04-28,2023-12-13
454,CL-SH-113-42,ML HL Mountain Rear Wheel - Silver- 42,3351.0,M ,2016-05-26,
5346,CL-VE-624-38,HL LL Touring Seat/Saddle - Silver- 38,140.0,R ,2015-11-03,
5867,CO-HB-254-48,ML ML Mountain Pedal - Yellow- 48,1941.0,R ,2021-02-11,
2318,AC-FE-413-52,HL HL Touring Handlebars - Yellow- 52,2052.0,R ,2013-04-19,2013-12-02
1786,CL-CA-387-48,LL LL Mountain Tire - Red- 48,1715.0,M ,2011-10-06,
1781,CL-BS-865-62,ML Men's Sports Shorts - White- 62,2130.0,T ,2015-05-14,
3637,AC-PA-679-44,ML Road - Black- 44,2753.0,M ,2015-10-10,
6072,CL-TI-718-42,LL LL Road Rear Wheel - White- 42,617.0,R ,2016-10-12,2021-06-24
6745,AC-PU-939-58,LL Chain - Red- 58,2914.0,T ,2018-05-23,2023-04-14
2966,CO-HB-721-60,HL Hydration Pack - Blue- 60,2277.0,S ,2013-05-17,2014-04-07
2552,BI-MB-965-38,HL Bike Wash - Silver- 38,3213.0,T ,2024-09-05,
3677,BI-RB-510-62,ML Road Tire Tube - Silver- 62,739.0,R ,2023-09-20,2024-11-12
2487,CO-DE-776-62,ML Front Brakes - Yellow- 62,3140.0,T ,2018-10-17,
2295,AC-HP-449-44,ML ML Road Front Wheel - Silver- 44,998.0,R ,2012-11-09,
2044,CO-FO-809-62,LL LL Mountain Pedal - White- 62,298.0,,2012-04-30,
4992,CO-CH-278-48,LL LL Road Pedal - Red- 48,,M ,2025-01-31,2026-02-21
2197,CO-TF-857-48,HL HL Mountain Frame - White- 48,320.0,M ,2012-08-14,2015-10-17
605,CO-SA-843-60,ML HL Road Pedal - Silver- 60,419.0,M ,2025-01-29,
4098,AC-FE-902-38,ML HL Road Pedal - Blue- 38,3061.0,,2020-01-27,
2083,CL-VE-256-60,ML HL Touring Handlebars - Red- 60,1348.0,M ,2023-10-13,2028-08-19
4535,AC-HE-553-42,ML Full - Silver- 42,2124.0,S ,2017-10-11,2021-02-03
3777,CO-FO-636-58,ML Short - Silver- 58,3207.0,M ,2021-03-01,
6841,AC-BS-589-48,ML Touring Pedal - White- 48,1780.0,R ,2015-09-16,
329,CL-BS-388-38,LL ML Road Tire - Red- 38,827.0,T ,2023-07-26,
1478,CL-BS-250-42,LL HL Road Pedal - Yellow- 42,1265.0,T ,2019-01-10,2019-09-14
3676,AC-HE-610-48,ML Mountain Bike Socks - Red- 48,3134.0,,2023-12-30,2028-02-26
3605,AC-LI-304-58,LL Headlights - Yellow- 58,,S ,2024-08-01,
238,AC-HP-754-38,ML Touring - Blue- 38,2240.0,R ,2021-12-24,2024-02-18
6084,AC-HP-410-48,HL LL Touring Seat/Saddle - Silver- 48,2943.0,R ,2025-02-14,
6340,CO-BR-584-42,LL LL Road Frame - Black- 42,1265.0,M ,2025-02-20,2028-08-06
4683,CO-HB-490-48,ML HL Mountain Front Wheel - Yellow- 48,829.0,M ,2022-03-18,
2457,CL-BS-884-60,ML Mountain Pump - White- 60,2575.0,M ,2017-08-24,2021-01-19
1199,AC-CL-893-52,ML All - Silver- 52,,T ,2013-01-17,2013-09-14
6798,CO-FO-814-42,ML ML Mountain Frame - Silver- 42,,R ,2019-11-09,2022-05-24
6727,CO-TF-732-52,HL ML Mountain Front Wheel - White- 52,384.0,S ,2021-10-04,2025-08-02
6308,AC-PA-354-52,LL ML Road Handlebars - Silver- 52,903.0,M ,2023-06-02,
1970,AC-CL-988-42,LL Road - Yellow- 42,437.0,T ,2023-04-12,
4416,AC-TT-801-48,HL ML Headset - Black- 48,2192.0,S ,2012-01-17,2016-03-02
1271,AC-BC-506-48,ML Mountain Tire Tube - Red- 48,,M ,2013-11-29,
5041,CL-JE-784-44,HL HL Touring Frame - Black- 44,552.0,R ,2023-06-20,2026-10-25
670,CO-DE-377-52,HL Touring Rear Wheel - White- 52,1467.0,M ,2018-05-03,
1204,CO-SA-228-44,LL LL Road Pedal - White- 44,1485.0,R ,2024-07-02,2027-03-18
5897,CO-TF-592-62,ML Headlights - Yellow- 62,2773.0,T ,2016-12-18,2021-03-09
341,AC-LO-963-62,HL Water Bottle - Red- 62,,S ,2020-04-30,
6158,AC-PA-242-52,ML LL Mountain Seat/Saddle - White- 52,,T ,2012-07-09,
2990,CO-DE-881-44,HL HL Touring Handlebars - Black- 44,3270.0,S ,2016-06-30,2017-08-27
4069,CO-MF-728-62,LL HL Touring Handlebars - Yellow- 62,1241.0,,2011-11-24,2013-02-19
2286,CL-TI-297-62,ML HL Touring Handlebars - Yellow- 62,130.0,R ,2014-03-28,
4746,CO-MF-976-44,HL Touring Rear Wheel - Black- 44,2548.0,R ,2019-09-15,
1047,CL-BS-293-38,ML Sport - Black- 38,,T ,2016-07-14,2018-10-09
3239,AC-PU-933-42,LL Taillights - White- 42,771.0,S ,2017-03-22,2020-11-08
6689,CO-BR-230-38,HL Women's Tights - Black- 38,3131.0,T ,2017-04-15,2018-05-26
5780,CO-BB-968-38,ML HL Road Handlebars - Blue- 38,319.0,S ,2014-05-14,2015-09-27
3943,CO-SA-447-62,HL Full - Red- 62,2379.0,,2024-05-04,
1543,CO-MF-953-44,HL Water Bottle - Black- 44,,T ,2013-01-01,
780,AC-TT-345-44,HL ML Headset - Yellow- 44,521.0,S ,2020-04-15,
5286,CO-MF-747-48,ML LL Mountain Frame - Silver- 48,,T ,2017-05-23,2020-02-16
5233,AC-FE-897-42,LL ML Fork - Yellow- 42,-630.0,T ,2020-11-27,2023-09-25
4821,BI-MB-228-42,HL LL Road Front Wheel - Yellow- 42,1207.0,M ,2021-12-29,
5690,CL-BS-240-52,LL Mountain - Black- 52,3103.0,M ,2018-05-07,
5178,CO-DE-218-62,HL HL Road Pedal - Yellow- 62,2786.0,T ,2019-02-16,
4583,CO-PD-664-44,ML Mountain - White- 44,3329.0,T ,2021-10-08,
1093,CO-WH-732-48,LL HL Road Tire - Black- 48,740.0,S ,2012-01-19,2014-08-20
5040,CO-RF-924-52,HL Women's Tights - Silver- 52,2817.0,M ,2019-06-04,2020-11-15
2067,CO-DE-258-48,ML ML Road Tire - Blue- 48,1143.0,R ,2013-07-06,
6859,BI-RB-743-62,HL ML Mountain Front Wheel - Blue- 62,3015.0,M ,2019-11-22,2021-05-10
6500,AC-FE-635-42,HL LL Fork - Black- 42,3379.0,T ,2022-07-16,
1870,CO-FO-731-58,ML HL Mountain Pedal - Black- 58,3339.0,R ,2016-03-04,2020-02-07
4349,CO-RF-921-52,ML HL Mountain Handlebars - Silver- 52,3026.0,T ,2011-12-07,
6448,AC-LO-613-42,ML LL Touring Frame - White- 42,2158.0,R ,2021-09-03,2022-06-30
5661,CL-CA-101-60,LL Sport - Red- 60,3097.0,T ,2023-03-06,
5798,BI-MB-949-48,ML Minipump - Yellow- 48,3256.0,M ,2020-03-18,2024-08-02
1102,CO-RF-105-48,LL HL Road Handlebars - Red- 48,1973.0,R ,2015-12-13,
1025,CL-TI-423-48,HL HL Road Pedal - Black- 48,3204.0,T ,2013-02-19,
4971,BI-RB-357-44,ML Mountain Pump - Blue- 44,1395.0,T ,2011-09-01,2012-11-08
3895,AC-BR-330-48,ML ML Road Handlebars - Silver- 48,,R ,2012-08-23,2016-09-10
1139,CO-WH-218-58,ML HL Road Seat/Saddle - Black- 58,2724.0,S ,2011-05-20,
490,BI-MB-169-62,LL HL Mountain Frame - Yellow- 62,951.0,S ,2021-12-23,2025-10-04
4854,CO-CH-917-48,ML HL Touring Handlebars - Yellow- 48,2126.0,M ,2020-04-16,
6903,CL-GL-584-38,ML HL Touring Frame - Silver- 38,561.0,R ,2023-04-19,2025-03-01
6149,AC-HP-219-58,LL LL Mountain Front Wheel - Silver- 58,404.0,M ,2012-01-20,
4001,CO-TF-399-58,ML ML Mountain Front Wheel - Silver- 58,2612.0,R ,2012-12-01,2016-05-27
2155,AC-LI-647-42,HL HL Fork - Red- 42,2644.0,R ,2019-03-23,2020-04-17
5376,CL-CA-640-60,LL ML Road Handlebars - Black- 60,463.0,S ,2015-12-29,
1514,CO-MF-134-38,HL HL Fork - Red- 38,2076.0,R ,2017-03-03,2019-09-08
5675,CO-HB-749-58,LL HL Road Tire - Blue- 58,2596.0,T ,2019-04-16,2020-07-11
2610,CO-CS-236-44,LL Touring Rear Wheel - White- 44,1130.0,M ,2013-01-03,2017-01-06
3976,CO-RF-551-58,HL Men's Sports Shorts - Silver- 58,1802.0,T ,2012-07-20,2011-11-03
4970,AC-BR-503-60,LL ML Mountain Front Wheel - Yellow- 60,315.0,M ,2021-03-31,2022-12-13
3390,CO-MF-227-38,HL HL Mountain Rear Wheel - Blue- 38,,T ,2020-05-08,2023-04-14
607,CO-CS-146-58,HL HL Fork - White- 58,1480.0,M ,2013-04-18,
5126,CL-GL-700-38,LL ML Road Front Wheel - White- 38,301.0,R ,2011-08-29,
3224,CO-TF-797-60,HL ML Road Handlebars - Black- 60,2620.0,T ,2017-07-19,2020-01-21
2146,AC-BC-832-58,HL Water Bottle - Red- 58,2246.0,M ,2017-02-19,2019-11-10
4128,AC-FE-448-44,LL LL Mountain Handlebars - Yellow- 44,2271.0,S ,2018-09-11,
3107,CO-CS-300-48,ML ML Mountain Seat/Saddle - Blue- 48,,T ,2023-06-17,2027-09-12
4578,CO-TF-325-44,ML ML Mountain Rear Wheel - Silver- 44,931.0,T ,2021-01-07,
1314,AC-TT-984-60,ML HL Mountain Front Wheel - Yellow- 60,3037.0,R ,2017-02-03,
664,CL-VE-741-44,LL HL Road Tire - Silver- 44,1285.0,M ,2011-01-30,
705,CL-JE-950-44,ML Short - Silver- 44,1118.0,M ,2018-12-06,
3135,CL-CA-822-62,HL Mountain - White- 62,,R ,2014-01-16,
5093,CO-WH-431-52,HL LL Road Handlebars - Red- 52,,T ,2013-01-04,2014-09-25
4161,CL-TI-606-38,LL Rear Brakes - Red- 38,2371.0,M ,2023-07-17,2027-06-08
6251,CO-CS-994-42,ML LL Mountain Pedal - Silver- 42,,R ,2016-03-31,2017-08-29
5355,CL-SH-995-62,ML Fender Set - White- 62,2786.0,R ,2018-12-27,
855,CL-VE-778-52,ML Sport - Red- 52,2633.0,S ,2011-02-13,2015-11-12
6383,CO-BR-280-44,HL Mountain Pump - Silver- 44,313.0,S ,2015-07-22,
4807,BI-RB-561-60,ML HL Headset - Black- 60,1065.0,R ,2018-09-11,
5626,AC-LO-984-48,HL HL Road Rear Wheel - Blue- 48,,T ,2011-11-13,2016-04-22
3163,CO-CS-322-60,HL ML Road Frame - Blue- 60,3138.0,S ,2019-09-09,
1603,CO-PD-824-62,HL ML Headset - Yellow- 62,791.0,T ,2016-11-11,2021-07-09
228,BI-RB-800-38,HL All - Silver- 38,2753.0,M ,2016-02-24,
5518,CO-WH-783-52,ML ML Mountain Frame - Silver- 52,2112.0,R ,2019-06-25,
4667,AC-HP-846-42,LL Sport - Blue- 42,1277.0,R ,2013-08-02,
3119,CL-JE-263-48,LL HL Road Pedal - Yellow- 48,1154.0,R ,2021-11-26,2022-06-25
2602,AC-LI-923-52,ML Mountain Pump - Blue- 52,3087.0,M ,2017-02-05,
2473,BI-TB-337-62,ML HL Road Handlebars - Yellow- 62,314.0,M ,2011-06-12,
6779,CO-SA-719-60,ML HL Mountain Pedal - Blue- 60,1165.0,R ,2017-11-22,
6039,CL-JE-899-60,ML LL Touring Frame - Blue- 60,1780.0,M ,2012-01-28,2016-03-29
6477,AC-LI-512-58,LL ML Road Handlebars - Black- 58,1694.0,S ,2024-08-08,2026-01-12
4057,CO-MF-237-42,HL LL Touring Handlebars - White- 42,2385.0,S ,2016-05-13,
4861,CO-TF-332-58,HL ML Mountain Tire - Black- 58,2283.0,T ,2021-05-13,
5668,BI-TB-981-62,HL HL Mountain Front Wheel - Blue- 62,,S ,2015-04-18,2017-06-09
896,CL-JE-589-60,ML HL Mountain Front Wheel - Silver- 60,,S ,2020-09-12,2021-09-15
1145,CO-DE-638-38,ML Touring Rear Wheel - Red- 38,,S ,2023-04-26,
6244,CL-VE-679-38,HL Touring Tire Tube - Silver- 38,2041.0,M ,2018-03-15,
6519,AC-FE-197-52,ML Sport - Yellow- 52,3473.0,R ,2016-05-21,
5556,CL-SO-827-42,ML HL Mountain Front Wheel - Blue- 42,1801.0,R ,2012-12-12,
6299,CL-BS-862-62,LL Bike Wash - Blue- 62,3357.0,,2013-09-18,2015-04-23
5102,CO-CH-249-60,HL Water Bottle - Red- 60,1275.0,R ,2023-10-19,2026-07-25
6848,CO-HS-485-60,HL Mountain Tire Tube - Blue- 60,3483.0,T ,2016-06-13,
395,AC-LI-262-42,LL Mountain Pump - Black- 42,106.0,S ,2016-07-12,2020-01-17
5212,CO-DE-398-52,HL LL Crankset - Yellow- 52,1499.0,R ,2018-12-15,2021-04-08
2149,AC-LO-638-42,HL ML Road Handlebars - Yellow- 42,3062.0,T ,2024-10-27,
3618,CO-CS-587-60,HL HL Crankset - Blue- 60,3174.0,M ,2023-04-11,
6665,AC-LI-872-52,LL HL Road Seat/Saddle - Black- 52,3447.0,,2020-04-19,
311,CO-TF-747-62,HL ML Mountain Rear Wheel - Blue- 62,2437.0,M ,2015-10-17,
4995,CO-CS-908-62,LL LL Touring Handlebars - Black- 62,695.0,M ,2023-11-24,
2612,CL-VE-833-52,ML ML Road Rear Wheel - Blue- 52,2710.0,R ,2023-10-09,
350,AC-BC-397-44,LL Rear Derailleur - Red- 44,784.0,S ,2021-02-22,2020-03-12
5250,CO-DE-384-52,LL Headlights - Black- 52,2389.0,S ,2015-03-04,2018-10-20
6480,CL-BS-216-60,LL LL Mountain Rear Wheel - Red- 60,488.0,R ,2019-07-04,2021-01-17
1933,CO-PD-643-38,HL Chain - Red- 38,2297.0,T ,2013-10-24,2018-04-03
777,CO-SA-550-38,LL ML Mountain Pedal - Yellow- 38,2910.0,T ,2025-02-08,
3354,CO-FO-869-52,HL HL Touring Seat/Saddle - Silver- 52,2122.0,R ,2019-01-14,
330,CO-CH-477-44,LL Rear Derailleur - Red- 44,3138.0,S ,2021-08-05,
2413,CO-HB-446-60,LL HL Touring Handlebars - Red- 60,3266.0,R ,2011-02-03,
4585,CL-JE-888-44,ML Women's Tights - Black- 44,2425.0,T ,2014-04-14,2018-10-03
1302,AC-LI-167-58,LL Short - Blue- 58,2892.0,T ,2011-01-07,2014-01-31
2838,CO-HB-702-44,ML All - White- 44,2421.0,S ,2018-02-01,
2288,AC-HE-713-52,HL HL Road Pedal - Black- 52,1193.0,S ,2019-12-23,
6782,CL-SH-197-60,HL Men's Sports Shorts - Red- 60,271.0,T ,2021-07-11,2022-02-13
1717,CL-TI-502-58,LL ML Road Front Wheel - Black- 58,2153.0,R ,2011-05-23,2014-11-08
5749,CO-CH-671-48,LL LL Touring Seat/Saddle - Yellow- 48,1547.0,T ,2016-10-17,
3261,AC-BR-861-60,LL ML Mountain Rear Wheel - Yellow- 60,440.0,S ,2011-02-26,2014-07-13
5616,CO-DE-663-44,ML LL Road Rear Wheel - Blue- 44,2118.0,R ,2012-07-15,
4874,CO-DE-750-62,LL HL Touring Handlebars - Red- 62,2112.0,,2016-03-11,2017-03-23
917,CO-HB-530-48,LL HL Mountain Seat/Saddle - Black- 48,563.0,R ,2013-08-08,
2568,CO-WH-392-60,HL Minipump - Red- 60,,R ,2012-10-02,
6549,CL-JE-265-38,ML LL Touring Frame - Red- 38,3016.0,T ,2021-02-22,2025-09-19
1186,CO-SA-709-58,HL HL Crankset - Red- 58,3366.0,S ,2017-05-10,2019-10-30
991,CO-BR-792-60,ML HL Mountain Frame - Red- 60,,R ,2013-09-19,
4435,CO-CS-243-44,ML LL Mountain Front Wheel - White- 44,2259.0,M ,2017-05-30,
504,AC-HE-748-62,LL HL Crankset - Red- 62,2641.0,M ,2020-08-27,2023-09-26
5008,AC-LI-414-42,LL LL Fork - White- 42,3466.0,R ,2023-03-05,2024-07-29
2943,CO-MF-924-62,LL Women's Mountain Shorts - Red- 62,2518.0,T ,2011-06-27,
2563,CO-HB-581-62,ML ML Touring Seat/Saddle - Silver- 62,,R ,2022-11-21,2025-04-24
1083,CO-WH-464-62,LL LL Mountain Front Wheel - White- 62,,M ,2024-07-02,
4025,CO-HB-455-58,LL LL Mountain Rear Wheel - Silver- 58,2913.0,M ,2023-01-15,2025-11-18
5463,AC-BR-519-38,ML Front Derailleur - Silver- 38,1295.0,T ,2021-01-14,
4816,AC-PU-102-42,ML Men's Bib - Yellow- 42,3459.0,S ,2024-03-19,2026-04-18
1932,CL-BS-354-60,LL ML Fork - Red- 60,1200.0,S ,2021-12-04,
3807,CL-SO-761-48,ML LL Road Rear Wheel - White- 48,1601.0,M ,2019-10-19,
6762,AC-HP-868-48,HL HL Fork - Silver- 48,1983.0,T ,2019-07-11,2023-12-15
5408,AC-HP-845-52,LL ML Fork - Black- 52,1923.0,T ,2017-02-22,
4763,AC-BR-493-44,ML LL Road Frame - Silver- 44,,T ,2012-08-10,
6832,CL-JE-522-38,ML Hitch Rack - Red- 38,3224.0,R ,2023-02-06,2024-02-26
667,CL-VE-218-52,HL HL Road Seat/Saddle - Red- 52,2073.0,R ,2020-01-06,
6471,CO-RF-115-60,ML LL Mountain Frame - Black- 60,821.0,M ,2014-04-06,
5653,CO-HS-911-48,HL HL Road Front Wheel - Black- 48,1750.0,R ,2023-08-31,2028-05-27
2229,AC-TT-360-42,HL LL Touring Seat/Saddle - Red- 42,,R ,2020-01-31,
1418,AC-HE-197-52,HL HL Road Handlebars - Yellow- 52,1121.0,S ,2018-10-28,2020-01-19
6026,AC-BC-768-62,LL Classic Vest - Blue- 62,846.0,M ,2022-01-07,2024-12-31
676,CO-HB-917-62,LL Road Tire Tube - Red- 62,2133.0,R ,2016-08-18,2016-03-09
6331,BI-RB-341-58,ML LL Fork - White- 58,1339.0,S ,2024-03-06,2028-12-22
1281,CL-SO-614-38,LL HL Road Seat/Saddle - Black- 38,,S ,2024-09-01,
4723,CO-BB-329-48,ML HL Mountain Rear Wheel - White- 48,2893.0,R ,2011-02-21,
1630,AC-PA-107-58,HL HL Mountain Rear Wheel - Black- 58,1435.0,T ,2017-08-25,2019-03-04
2385,AC-BC-197-48,ML LL Road Pedal - Yellow- 48,2642.0,S ,2017-03-25,2018-01-15
5999,CO-MF-700-60,LL Touring Pedal - Black- 60,2449.0,S ,2011-06-04,
5636,AC-TT-908-48,ML Front Brakes - Yellow- 48,,M ,2012-01-27,2016-09-03
6810,CO-WH-327-62,HL Men's Bib - White- 62,2589.0,T ,2020-12-08,
3359,CL-SO-227-60,HL HL Road Frame - White- 60,2504.0,M ,2015-11-07,
5381,CL-SH-120-42,ML HL Mountain Frame - White- 42,3141.0,T ,2015-04-13,2018-05-24
529,CO-HS-569-58,ML Men's Sports Shorts - Silver- 58,,S ,2012-02-08,
549,BI-TB-961-62,LL Sport - Yellow- 62,1566.0,M ,2017-05-23,
4189,AC-TT-114-52,HL Headlights - White- 52,29.0,S ,2024-12-19,2025-10-27
4272,AC-CL-423-42,HL HL Road Handlebars - Black- 42,2605.0,S ,2019-10-14,
6213,CO-WH-744-42,ML ML Mountain Tire - Blue- 42,,M ,2021-05-14,
6301,CL-BS-654-42,ML ML Fork - Silver- 42,,M ,2021-08-01,2022-12-15
6579,CL-BS-500-38,LL LL Mountain Rear Wheel - Red- 38,999.0,T ,2018-02-05,2020-07-10
5623,CO-PD-147-42,ML Chain - Red- 42,2298.0,T ,2021-06-06,2022-11-19
5931,AC-CL-179-58,HL Classic Vest - White- 58,124.0,M ,2013-08-31,
4470,CL-TI-738-48,HL Touring Rear Wheel - Blue- 48,2256.0,T ,2013-02-11,
4534,BI-RB-339-42,ML Short - Silver- 42,,R ,2016-03-24,2015-06-22
6011,CL-JE-151-38,LL HL Crankset - Black- 38,,T ,2019-03-04,2020-03-19
3999,BI-TB-559-38,LL Mountain Pump - White- 38,1508.0,M ,2022-06-08,
712,CL-CA-724-52,ML ML Road Seat/Saddle - Black- 52,2684.0,T ,2011-04-06,
4129,CO-BR-887-48,HL LL Road Frame - Black- 48,2826.0,M ,2016-06-16,2020-11-12
4292,CL-GL-841-62,ML LL Mountain Tire - Black- 62,1460.0,R ,2014-01-02,
3548,CO-CH-245-52,LL Road Bottle Cage - Blue- 52,2933.0,S ,2013-08-06,2014-08-04
5543,BI-RB-652-62,ML LL Touring Seat/Saddle - White- 62,3101.0,T ,2018-07-31,2019-12-16
5872,CO-CS-747-38,LL Touring Front Wheel - Blue- 38,2908.0,M ,2013-10-20,
358,CO-WH-652-60,HL LL Mountain Pedal - Red- 60,747.0,M ,2017-08-31,
340,AC-BR-232-48,LL Rear Derailleur - White- 48,715.0,R ,2011-05-30,2013-09-04
5963,BI-RB-554-58,ML Short - Silver- 58,3050.0,T ,2011-04-17,2013-03-17
6068,AC-LO-521-48,ML HL Road Handlebars - Blue- 48,897.0,M ,2015-05-04,2017-09-16
5119,AC-HE-253-60,HL ML Fork - Black- 60,,M ,2014-05-20,
1671,CL-VE-955-42,ML HL Road Rear Wheel - Yellow- 42,169.0,T ,2011-12-26,2014-06-03
5104,CL-CA-392-58,ML ML Mountain Front Wheel - Silver- 58,1968.0,S ,2011-03-23,
5764,AC-HP-394-44,LL ML Road Front Wheel - Blue- 44,3053.0,T ,2020-05-02,2021-03-27
2538,BI-MB-492-44,HL Hitch Rack - Silver- 44,2518.0,,2011-09-08,
2992,CO-HS-483-62,ML ML Mountain Tire - Yellow- 62,1108.0,M ,2016-02-29,
3145,AC-HE-912-48,ML Women's Mountain Shorts - Black- 48,,T ,2016-05-18,2017-01-31
4916,AC-BR-937-48,HL HL Touring Handlebars - Yellow- 48,3065.0,S ,2018-09-07,2021-01-01
4645,CO-CH-980-42,LL Short - Silver- 42,1100.0,M ,2022-12-04,
1866,BI-MB-291-62,ML Patch Kit/8 Patches - Blue- 62,1971.0,S ,2015-09-18,
2094,CO-BR-764-60,HL HL Bottom Bracket - White- 60,1897.0,R ,2022-05-22,2027-02-05
2095,AC-CL-590-48,LL HL Headset - White- 48,2390.0,R ,2014-06-21,
3515,AC-BC-599-42,ML ML Mountain Seat/Saddle - Silver- 42,753.0,T ,2020-12-31,
6313,CO-WH-939-42,ML Bike Wash - Silver- 42,2704.0,T ,2015-10-09,2019-06-25
2760,CO-HB-245-44,LL HL Road Frame - White- 44,2399.0,S ,2020-01-13,2023-08-05
2091,AC-PA-985-44,ML Road - Blue- 44,3161.0,S ,2018-07-27,
785,CO-DE-457-42,ML ML Headset - Red- 42,,R ,2024-10-20,
3502,CO-CS-601-38,LL HL Touring Handlebars - Black- 38,640.0,M ,2012-06-22,
5994,CO-BB-533-58,ML Front Brakes - Red- 58,2394.0,T ,2019-09-24,2021-02-17
644,CL-JE-407-38,ML HL Fork - White- 38,2557.0,T ,2015-05-02,
4400,CO-DE-210-60,LL ML Mountain Pedal - Silver- 60,873.0,T ,2016-05-01,
1890,CL-SH-115-60,ML Mountain Bike Socks - Black- 60,,R ,2014-06-10,2016-04-12
3222,CL-CA-918-48,LL ML Mountain Rear Wheel - Blue- 48,2600.0,S ,2017-05-07,2018-11-10
2488,CO-HS-967-42,LL LL Mountain Pedal - White- 42,1086.0,R ,2019-03-05,
1510,AC-LO-428-38,LL HL Road Pedal - Yellow- 38,3464.0,M ,2024-07-15,
5548,CL-JE-951-60,ML Cable Lock - Yellow- 60,425.0,R ,2019-11-02,2023-09-29
6427,CL-GL-312-52,ML LL Mountain Pedal - Red- 52,1046.0,R ,2015-10-08,
5416,AC-CL-527-62,ML Taillights - Silver- 62,1845.0,T ,2017-05-23,
2414,AC-PA-423-52,HL Cable Lock - Yellow- 52,2022.0,,2017-11-28,2021-11-15
4136,CO-CS-141-42,ML LL Touring Frame - Yellow- 42,,M ,2019-07-21,2022-10-06
4621,CO-WH-749-52,HL Rear Derailleur - Silver- 52,3037.0,T ,2018-01-06,2021-09-09
6291,CO-WH-906-58,ML Road Tire Tube - Red- 58,1222.0,T ,2021-02-10,2025-07-31
5153,CO-HB-228-48,ML Short - Black- 48,329.0,S ,2015-11-27,2019-09-04
5809,AC-BS-554-52,ML LL Mountain Handlebars - Black- 52,2404.0,S ,2015-06-09,2018-12-05
319,CO-TF-846-62,ML ML Mountain Frame - Red- 62,,R ,2020-11-01,
6347,CL-BS-997-58,LL HL Touring Frame - Silver- 58,,M ,2021-12-11,2025-06-12
4571,AC-CL-739-48,ML Women's Tights - Blue- 48,1701.0,R ,2021-07-28,
1014,CL-CA-544-52,ML LL Fork - Silver- 52,1237.0,R ,2019-11-01,2021-04-22
4127,AC-FE-307-58,ML Road - Yellow- 58,2227.0,S ,2019-05-27,2022-03-25
545,BI-RB-453-38,LL HL Mountain Seat/Saddle - Yellow- 38,41.0,T ,2018-05-14,2023-03-24
6231,AC-PU-260-58,HL Mountain Pump - White- 58,1085.0,R ,2011-10-28,
2383,AC-LI-857-58,LL LL Fork - Silver- 58,1434.0,S ,2018-04-26,
4287,CL-TI-667-48,HL LL Mountain Pedal - Black- 48,2133.0,M ,2023-07-24,2027-03-29
710,AC-LO-666-42,ML HL Road Front Wheel - Blue- 42,2948.0,M ,2011-02-17,
3424,AC-LO-301-38,HL HL Road Rear Wheel - Blue- 38,2706.0,M ,2017-05-09,
3822,CL-JE-213-62,ML ML Bottom Bracket - Red- 62,,R ,2017-06-29,2018-03-12
593,CL-CA-243-52,HL HL Fork - Blue- 52,3325.0,S ,2014-05-01,
6146,BI-MB-480-60,LL ML Bottom Bracket - Blue- 60,178.0,M ,2017-02-27,2019-09-07
1988,CO-PD-140-60,HL Front Brakes - Red- 60,,R ,2015-09-27,2019-08-04
6460,CL-TI-394-44,ML LL Mountain Rear Wheel - Black- 44,,M ,2019-07-18,
4715,CL-JE-251-58,ML Minipump - White- 58,115.0,,2023-01-01,
1769,AC-HP-298-60,ML ML Mountain Tire - White- 60,2576.0,M ,2018-04-06,
6323,CL-SO-553-60,ML Bike Wash - Silver- 60,700.0,R ,2011-10-22,
813,CL-SO-807-52,HL Headlights - Black- 52,909.0,M ,2016-05-10,
2188,AC-HP-566-58,LL HL Fork - Yellow- 58,1096.0,T ,2022-06-23,
5240,CO-BR-522-60,ML Touring Tire - Red- 60,796.0,S ,2019-10-06,2022-07-26
3468,CL-SO-767-42,LL ML Touring Seat/Saddle - Black- 42,710.0,M ,2018-05-02,
894,AC-TT-410-48,HL LL Mountain Tire - Blue- 48,2686.0,M ,2024-06-03,
756,AC-HE-863-60,ML LL Touring Frame - Silver- 60,2898.0,T ,2024-05-04,
5544,CO-TF-176-58,LL Headlights - Blue- 58,867.0,R ,2018-04-18,
4156,CO-PD-683-58,ML Touring - Black- 58,1625.0,S ,2024-10-01,2026-09-07
6370,CO-BB-156-42,ML Water Bottle - Yellow- 42,256.0,M ,2012-05-01,
2348,BI-RB-521-52,HL ML Mountain Frame - Red- 52,591.0,S ,2017-10-23,
534,CL-SO-771-60,LL Mountain Pump - White- 60,,T ,2018-11-20,
1236,CO-CH-482-58,HL LL Fork - White- 58,,R ,2023-06-22,2025-12-23
3723,CO-BB-546-44,HL Bike Wash - Red- 44,3398.0,T ,2015-05-04,
6414,CO-HB-898-38,ML HL Road Frame - Yellow- 38,3290.0,R ,2019-07-15,
5951,AC-CL-122-58,HL HL Road Rear Wheel - Yellow- 58,2744.0,R ,2015-04-23,2016-11-25
5654,CO-MF-857-42,ML ML Mountain Frame - Black- 42,2894.0,R ,2017-09-15,
3726,CL-CA-226-44,HL HL Crankset - Black- 44,1105.0,,2017-07-21,
6589,AC-FE-509-48,HL HL Road Seat/Saddle - Silver- 48,307.0,T ,2022-04-27,
2097,BI-MB-159-62,ML Chain - White- 62,1298.0,T ,2016-09-24,
4270,CL-CA-296-48,ML Taillights - Yellow- 48,2002.0,S ,2019-10-06,
980,CO-PD-425-48,ML ML Crankset - Blue- 48,2003.0,R ,2013-05-05,
3356,CO-CS-426-62,LL Hitch Rack - Silver- 62,856.0,M ,2016-06-05,
6466,CO-WH-115-48,ML ML Road Handlebars - Silver- 48,3271.0,T ,2021-12-09,2025-06-27
859,BI-MB-692-60,LL ML Mountain Handlebars - White- 60,2780.0,R ,2020-05-21,2023-10-03
2601,CL-SH-827-44,ML LL Touring Frame - Silver- 44,,T ,2023-05-25,
2278,CL-SH-199-44,LL HL Crankset - Yellow- 44,1807.0,S ,2018-12-25,2020-12-07
1214,BI-TB-358-60,HL LL Mountain Frame - Silver- 60,497.0,M ,2020-09-13,2023-10-13
6886,CO-DE-770-42,HL HL Road Pedal - White- 42,,M ,2020-11-29,
4574,CO-HB-766-38,HL AWC Logo Cap - White- 38,2395.0,T ,2021-03-15,2022-09-24
3975,BI-TB-769-38,LL HL Mountain Tire - Silver- 38,87.0,S ,2020-08-10,2025-05-18
3887,CL-VE-232-58,ML LL Touring Seat/Saddle - White- 58,1623.0,R ,2020-02-06,
5879,AC-LI-356-44,ML Racing Socks - Blue- 44,,R ,2012-01-22,
1816,AC-TT-370-42,LL LL Road Frame - Blue- 42,2318.0,T ,2022-06-22,
5838,CO-MF-921-38,LL Women's Tights - Blue- 38,1693.0,M ,2015-02-11,
5494,BI-MB-529-62,LL HL Mountain Tire - Red- 62,58.0,M ,2019-10-18,2020-09-13
868,AC-LI-785-44,HL Road Bottle Cage - Yellow- 44,609.0,T ,2018-10-15,2021-01-14
3862,CO-PD-385-58,HL Mountain Bottle Cage - Silver- 58,1485.0,M ,2022-02-19,2023-03-23
3229,CO-CS-404-52,ML Rear Brakes - Yellow- 52,1655.0,T ,2014-01-03,2017-10-01
3418,AC-FE-478-60,ML HL Fork - White- 60,327.0,T ,2019-07-28,
5861,CO-HS-202-42,ML ML Mountain Front Wheel - Silver- 42,1267.0,S ,2018-02-17,2019-03-12
4236,CO-CH-563-58,HL LL Mountain Seat/Saddle - Yellow- 58,608.0,R ,2012-05-30,
4761,AC-CL-300-44,LL LL Road Handlebars - Blue- 44,2612.0,R ,2017-10-17,
773,CO-DE-105-44,ML ML Mountain Front Wheel - Silver- 44,215.0,M ,2014-07-04,
4896,AC-HP-713-62,HL LL Mountain Rear Wheel - Blue- 62,2703.0,S ,2024-11-15,
6236,CO-BB-472-44,ML HL Road Rear Wheel - Yellow- 44,595.0,S ,2013-09-20,2016-08-04
2013,AC-TT-269-48,ML Road - Silver- 48,148.0,M ,2024-08-25,2027-11-04
6814,CO-HB-133-42,LL Water Bottle - White- 42,809.0,T ,2017-07-26,2020-06-09
5953,AC-BR-855-48,ML HL Touring Frame - Silver- 48,2800.0,M ,2022-09-05,2024-02-28
3254,CO-CS-630-60,ML HL Touring Seat/Saddle - Blue- 60,2862.0,T ,2020-06-17,2023-10-31
1235,CO-BB-378-42,LL ML Road Rear Wheel - Red- 42,,S ,2014-11-08,
3849,AC-BC-507-62,ML LL Road Handlebars - Blue- 62,3235.0,T ,2020-01-26,
4074,CO-CH-579-48,LL All - Blue- 48,2716.0,M ,2018-08-25,
3689,CL-SH-942-60,HL HL Road Pedal - White- 60,2163.0,R ,2020-02-08,
807,AC-PU-616-58,ML HL Road Handlebars - Red- 58,646.0,S ,2013-11-05,
1268,AC-PA-261-48,LL HL Mountain Front Wheel - Red- 48,1430.0,M ,2017-03-19,2019-01-04
5491,AC-HP-883-48,ML Touring Tire Tube - Black- 48,1143.0,T ,2011-11-06,2016-08-06
2303,AC-BS-522-62,ML ML Road Seat/Saddle - Silver- 62,1348.0,R ,2023-06-15,2026-12-30
4870,CO-MF-897-58,HL LL Road Front Wheel - White- 58,2376.0,M ,2017-07-21,
2167,CL-GL-207-44,LL ML Fork - White- 44,1990.0,R ,2020-01-17,2023-09-11
6330,BI-MB-124-38,LL ML Mountain Frame - Blue- 38,709.0,R ,2019-05-03,2023-02-22
2420,CO-CH-510-42,ML LL Headset - Blue- 42,1496.0,M ,2018-11-30,
1152,CO-HS-296-42,ML HL Bottom Bracket - Silver- 42,2039.0,T ,2012-05-05,2013-11-16
1078,AC-CL-253-38,LL ML Mountain Pedal - Red- 38,1984.0,R ,2021-05-09,
5799,CL-JE-558-48,LL HL Bottom Bracket - Black- 48,495.0,M ,2017-09-13,
5681,CO-FO-519-58,LL Touring Tire Tube - Black- 58,2398.0,S ,2016-09-03,
2172,AC-FE-880-62,HL HL Road Seat/Saddle - White- 62,928.0,R ,2022-11-25,
3435,AC-PU-226-62,HL HL Road Handlebars - Red- 62,1307.0,T ,2019-06-18,2022-12-26
6246,CO-PD-242-60,HL LL Road Tire - Silver- 60,2608.0,R ,2012-08-30,
4102,CO-WH-102-60,ML ML Road Frame - Yellow- 60,1401.0,M ,2014-03-25,
3188,CL-SO-302-62,HL Mountain Tire Tube - Yellow- 62,2116.0,T ,2013-02-07,
488,CL-JE-983-42,ML Men's Bib - Silver- 42,,M ,2018-03-25,2021-05-04
3001,CO-HB-226-38,LL HL Touring Frame - White- 38,80.0,R ,2025-01-22,2029-12-22
6686,BI-TB-779-44,HL LL Road Front Wheel - Blue- 44,3020.0,S ,2019-11-20,2021-10-11
3232,AC-BR-367-52,HL Mountain Tire Tube - Yellow- 52,1011.0,,2013-11-29,
3482,CO-MF-525-52,HL ML Road Seat/Saddle - Silver- 52,2347.0,M ,2015-02-10,2016-05-20
3016,AC-LO-828-58,HL Front Brakes - Red- 58,1653.0,T ,2016-12-07,
4002,AC-PA-285-60,HL ML Fork - Silver- 60,1514.0,R ,2014-07-15,2019-02-02
1457,CO-PD-653-58,LL Headlights - Yellow- 58,,R ,2011-02-28,
6881,AC-FE-622-38,HL Chain - Red- 38,3104.0,T ,2013-12-13,
6656,AC-BC-964-60,LL LL Road Tire - White- 60,,M ,2020-03-02,
6629,CO-HS-975-42,HL ML Road Pedal - Silver- 42,1960.0,S ,2014-04-29,
5652,CL-SH-571-48,ML Taillights - Silver- 48,852.0,M ,2018-06-05,
3114,AC-LO-493-48,LL HL Road Handlebars - Blue- 48,559.0,S ,2023-12-19,
1807,AC-PA-832-44,ML HL Touring Seat/Saddle - Red- 44,2139.0,T ,2018-07-03,2021-07-05
3826,CL-BS-319-62,LL Touring Front Wheel - Red- 62,,,2020-12-09,
907,CO-RF-913-52,ML Patch Kit/8 Patches - Blue- 52,2942.0,T ,2013-06-08,
2324,CO-TF-372-42,LL LL Touring Frame - Silver- 42,1114.0,M ,2019-11-04,
846,AC-BS-283-60,LL Touring Tire - White- 60,2467.0,S ,2012-06-14,2015-12-15
2279,AC-LI-133-52,ML Mountain - Red- 52,2395.0,R ,2019-03-03,
5820,CO-WH-683-62,HL HL Mountain Front Wheel - Red- 62,1445.0,R ,2021-01-08,2025-06-21
3691,CL-CA-313-44,LL HL Mountain Seat/Saddle - White- 44,1313.0,M ,2013-12-05,
2143,AC-FE-489-38,HL Rear Derailleur - Red- 38,599.0,M ,2025-02-26,
707,CO-WH-865-58,HL ML Mountain Handlebars - Silver- 58,1146.0,M ,2020-07-07,2024-07-11
1059,AC-LO-998-38,LL ML Road Frame - White- 38,2722.0,S ,2012-05-08,
6256,CO-BB-567-42,ML LL Crankset - Silver- 42,397.0,T ,2013-06-12,2017-08-09
6098,CL-GL-259-60,LL HL Crankset - Black- 60,551.0,T ,2018-06-10,
5380,CL-SH-258-38,ML ML Road Seat/Saddle - Red- 38,968.0,T ,2015-05-10,2018-12-13
2572,CL-SO-282-62,HL ML Mountain Pedal - Silver- 62,3196.0,T ,2024-05-31,
5609,AC-BC-281-38,LL HL Road Rear Wheel - Silver- 38,,M ,2022-10-05,2025-09-16
1599,AC-LO-443-52,ML Classic Vest - Red- 52,524.0,T ,2012-11-20,2017-07-25
1763,CL-VE-946-62,ML Touring Rear Wheel - White- 62,1550.0,M ,2023-10-17,
1877,AC-BC-110-58,ML Road Bottle Cage - Black- 58,496.0,S ,2025-01-07,2023-12-18
2765,CO-CH-525-52,HL ML Bottom Bracket - White- 52,2468.0,S ,2013-01-17,
5401,CL-CA-571-62,ML ML Bottom Bracket - White- 62,3393.0,R ,2018-02-05,
4083,AC-PA-303-60,HL LL Crankset - Black- 60,,M ,2014-11-07,
1952,CO-MF-764-38,HL Fender Set - Red- 38,1479.0,M ,2020-12-19,2024-08-03
952,CO-BR-279-48,ML Headlights - White- 48,578.0,R ,2025-01-19,
1297,CO-CH-254-58,LL ML Mountain Front Wheel - Blue- 58,654.0,S ,2021-10-09,2025-08-28
6584,AC-CL-868-42,ML All - Silver- 42,1886.0,S ,2015-03-17,
6698,CL-JE-566-58,HL LL Mountain Front Wheel - Yellow- 58,,M ,2016-12-29,
3139,CL-JE-928-52,ML HL Touring Frame - Silver- 52,3309.0,S ,2018-07-13,
4899,AC-LO-117-48,HL Touring Front Wheel - Red- 48,2488.0,M ,2012-12-02,
4640,AC-TT-213-48,LL LL Touring Frame - Yellow- 48,249.0,S ,2015-01-18,
5036,CL-SO-877-38,ML LL Fork - Red- 38,446.0,S ,2020-01-03,
3984,AC-FE-985-58,ML ML Mountain Front Wheel - White- 58,1922.0,R ,2019-09-10,
4320,CL-TI-963-44,HL ML Crankset - Yellow- 44,972.0,S ,2017-05-24,
4756,CL-CA-229-62,HL Cable Lock - Yellow- 62,2267.0,R ,2025-03-27,
3396,CO-CS-578-48,LL Mountain Tire Tube - Silver- 48,3366.0,T ,2017-02-15,2021-10-18
4776,CO-HS-760-44,ML HL Mountain Handlebars - Silver- 44,7.0,R ,2011-02-23,2013-04-12
5366,AC-BR-125-48,HL LL Fork - White- 48,1206.0,S ,2023-05-02,2024-06-05
3761,BI-TB-667-38,LL Mountain Pump - Yellow- 38,2298.0,T ,2014-05-01,
4666,CO-HS-498-44,HL ML Bottom Bracket - Blue- 44,3237.0,M ,2023-07-22,
2361,CO-CS-135-62,HL ML Road Frame - Red- 62,58.0,S ,2019-03-07,2021-10-18
1820,CO-TF-203-60,HL HL Headset - Red- 60,1787.0,M ,2019-06-30,2022-11-17
4273,CL-BS-774-48,HL HL Crankset - Red- 48,142.0,R ,2011-06-23,
6631,CL-BS-541-62,HL Minipump - Blue- 62,710.0,T ,2018-10-15,2023-01-08
5883,CO-HS-851-58,LL HL Mountain Handlebars - Red- 58,,S ,2013-10-22,2016-10-26
2592,CL-VE-287-62,LL HL Mountain Front Wheel - Yellow- 62,745.0,M ,2017-03-27,
1184,CO-DE-971-48,ML LL Road Pedal - Red- 48,2473.0,R ,2012-03-03,
5088,CO-BB-540-48,HL LL Road Tire - White- 48,,,2022-02-22,
5937,AC-PA-622-38,ML ML Mountain Rear Wheel - White- 38,684.0,S ,2013-06-26,2015-01-14
1493,CL-GL-843-60,LL HL Touring Handlebars - Yellow- 60,1820.0,M ,2014-07-08,
5082,AC-CL-209-58,HL HL Bottom Bracket - Yellow- 58,151.0,M ,2012-05-21,2016-12-23
3185,AC-LI-350-38,LL Short - Red- 38,3214.0,R ,2017-01-01,
6562,AC-BS-564-60,ML LL Road Rear Wheel - Yellow- 60,316.0,T ,2016-10-29,
2921,AC-HE-441-44,LL Headlights - Red- 44,37.0,T ,2011-08-19,
2025,CO-SA-149-48,LL LL Road Seat/Saddle - Yellow- 48,1637.0,T ,2015-09-10,
332,CO-TF-317-52,HL HL Road Rear Wheel - Blue- 52,679.0,M ,2013-02-08,
6811,CO-PD-715-48,ML HL Mountain Frame - Silver- 48,259.0,S ,2020-06-24,
1746,CO-BB-993-48,LL HL Mountain Seat/Saddle - Blue- 48,1468.0,T ,2023-08-03,2027-11-01
2834,CO-MF-932-52,HL Bike Wash - Black- 52,481.0,R ,2017-10-24,2020-02-25
3454,CO-RF-705-52,HL Hydration Pack - Red- 52,1519.0,T ,2016-02-27,2018-07-24
3472,AC-HE-976-48,HL Rear Derailleur - Red- 48,1164.0,,2016-11-18,
3128,CO-BB-718-42,HL LL Touring Handlebars - Black- 42,3287.0,T ,2021-11-20,2020-10-30
4361,CO-FO-852-62,LL LL Mountain Front Wheel - White- 62,2892.0,M ,2013-10-30,
6384,AC-PA-170-62,ML LL Road Tire - White- 62,1492.0,T ,2013-12-08,2017-07-24
3207,CO-DE-259-48,HL ML Headset - Black- 48,468.0,R ,2020-07-11,2023-07-22
4031,CL-GL-838-44,HL Mountain - Red- 44,957.0,T ,2022-08-13,2025-12-05
6825,AC-PA-443-48,HL Touring - Blue- 48,,T ,2020-07-15,
3395,CL-SH-733-42,LL Women's Mountain Shorts - White- 42,2105.0,R ,2023-01-26,2025-09-08
5834,CO-HS-394-38,HL ML Mountain Handlebars - White- 38,3073.0,T ,2023-10-12,2027-02-04
4891,AC-PA-763-44,LL Short - White- 44,809.0,M ,2017-01-10,2019-03-26
662,CL-SO-972-48,HL ML Fork - Yellow- 48,1118.0,S ,2020-01-12,
651,AC-HP-733-58,LL Road Tire Tube - Yellow- 58,,S ,2013-10-08,
824,AC-TT-354-62,ML Touring Tire - Silver- 62,,R ,2020-03-31,
6514,AC-FE-954-58,LL Men's Bib - Silver- 58,2030.0,S ,2011-09-13,
4085,CO-CH-419-44,ML Front Derailleur - Yellow- 44,2015.0,S ,2023-11-30,
3585,CO-FO-122-48,ML LL Mountain Front Wheel - Yellow- 48,740.0,R ,2022-03-01,2023-02-27
2426,CO-CH-103-62,ML Touring Tire - Red- 62,,M ,2022-10-28,2027-03-22
4095,AC-HP-340-48,LL Front Brakes - Blue- 48,3359.0,M ,2012-06-14,
638,CO-TF-653-60,HL HL Mountain Frame - Black- 60,3147.0,S ,2016-03-04,2017-04-09
761,AC-HP-179-48,HL HL Crankset - Silver- 48,1487.0,R ,2022-07-07,
4439,AC-HP-710-44,LL HL Mountain Tire - Silver- 44,2998.0,M ,2018-07-14,
6051,CL-JE-676-60,ML HL Road Front Wheel - Red- 60,537.0,T ,2020-12-25,2024-03-04
520,AC-LO-871-42,ML ML Road Pedal - Black- 42,2124.0,T ,2021-03-30,
3825,CO-PD-773-38,ML Water Bottle - White- 38,2190.0,R ,2011-01-21,2012-10-18
4229,CO-DE-102-44,HL ML Crankset - Red- 44,3464.0,M ,2019-05-06,2019-03-13
1389,CO-BB-372-48,ML ML Headset - Red- 48,2975.0,M ,2018-04-20,
2763,CO-WH-561-44,ML ML Fork - Black- 44,2014.0,,2020-11-14,
2159,AC-CL-490-52,LL HL Mountain Seat/Saddle - Blue- 52,631.0,T ,2022-04-22,
4983,AC-FE-936-62,HL LL Road Seat/Saddle - Red- 62,1641.0,S ,2011-09-30,
4510,CO-BB-222-62,HL Hitch Rack - Black- 62,,M ,2019-01-03,2023-05-12
5257,CL-CA-957-60,ML Touring Pedal - Red- 60,722.0,T ,2023-08-30,2026-06-29
5303,AC-BS-374-44,ML HL Mountain Frame - White- 44,2849.0,S ,2011-12-03,
4674,CL-VE-805-38,ML Mountain Tire Tube - White- 38,52.0,M ,2023-04-24,2027-06-06
6842,CO-CS-964-42,ML LL Road Tire - White- 42,2148.0,M ,2023-02-07,
5193,AC-BS-258-60,LL HL Road Frame - Yellow- 60,109.0,T ,2017-02-17,2019-09-03
3782,AC-FE-867-52,HL LL Road Tire - Red- 52,548.0,S ,2018-02-21,
6181,CL-CA-120-48,HL Sport - Yellow- 48,2839.0,,2011-09-03,
1477,CL-GL-482-62,HL Sport - Red- 62,2219.0,T ,2017-03-27,
1669,CO-RF-766-42,LL HL Touring Frame - Blue- 42,2788.0,S ,2024-10-23,
1174,BI-RB-238-58,LL Road - Black- 58,619.0,M ,2017-02-19,2019-08-27
572,BI-RB-957-44,ML HL Mountain Frame - Yellow- 44,2500.0,T ,2014-08-03,
6443,CO-HS-324-60,LL LL Touring Frame - Red- 60,,M ,2011-05-07,2012-03-03
6298,BI-TB-362-62,ML HL Crankset - Red- 62,1645.0,T ,2017-08-09,2021-03-26
553,BI-MB-897-62,HL Touring Front Wheel - White- 62,,T ,2015-10-24,2017-06-30
5551,AC-CL-382-62,HL Racing Socks - Silver- 62,1997.0,R ,2015-04-19,
1914,CL-SH-986-52,ML ML Mountain Seat/Saddle - White- 52,1734.0,S ,2013-09-06,2017-01-30
4183,CL-BS-491-62,ML ML Mountain Rear Wheel - Silver- 62,1856.0,M ,2014-02-15,
6546,CO-HS-123-58,ML Hydration Pack - Black- 58,802.0,R ,2011-02-18,
6245,AC-HP-169-52,HL LL Mountain Seat/Saddle - Silver- 52,,M ,2022-10-20,
3175,AC-BR-203-62,ML Touring Tire - Blue- 62,1290.0,R ,2024-11-16,
5563,CL-JE-186-44,HL ML Mountain Tire - Silver- 44,3144.0,S ,2020-10-06,2024-06-18
5475,AC-TT-722-44,HL ML Headset - White- 44,1489.0,T ,2022-03-22,2023-02-01
1494,CO-SA-869-62,ML ML Road Rear Wheel - Black- 62,1824.0,R ,2016-08-23,2019-06-15
1258,AC-PA-575-48,ML Headlights - White- 48,1214.0,R ,2020-10-23,2023-01-13
6734,CO-MF-828-52,HL ML Road Rear Wheel - Black- 52,2814.0,T ,2011-02-10,2015-08-04
4022,CL-SH-884-48,HL Road - White- 48,355.0,T ,2012-11-16,
1170,CO-RF-230-48,ML LL Road Tire - Silver- 48,3479.0,S ,2018-09-03,
2924,CO-PD-324-38,ML ML Mountain Front Wheel - Silver- 38,274.0,S ,2024-09-20,2025-12-05
536,CL-SO-890-60,LL ML Road Seat/Saddle - White- 60,3468.0,M ,2021-09-14,
5164,CO-RF-190-48,LL LL Mountain Pedal - Red- 48,2092.0,S ,2020-07-29,
1070,CO-SA-320-42,LL HL Road Tire - Blue- 42,864.0,S ,2015-12-15,
1094,AC-BS-271-44,LL ML Mountain Pedal - Blue- 44,2278.0,M ,2024-10-19,
1276,CL-TI-757-60,HL Classic Vest - Blue- 60,18.0,S ,2024-11-23,2028-03-13
2700,CO-DE-866-42,ML Hitch Rack - Yellow- 42,,S ,2021-12-21,2025-07-12
2181,AC-LO-429-52,LL HL Mountain Rear Wheel - Silver- 52,2774.0,T ,2011-07-22,
1958,CO-HB-808-42,HL Sport - Silver- 42,289.0,T ,2018-04-24,
6561,AC-HP-697-58,LL Taillights - Blue- 58,3401.0,R ,2012-06-18,
1460,CO-BR-815-62,ML LL Mountain Frame - White- 62,2702.0,M ,2023-06-05,
1602,AC-BS-939-42,ML Rear Derailleur - Blue- 42,1748.0,M ,2022-06-01,2026-11-17
6490,AC-BR-211-44,ML Touring Tire Tube - White- 44,29.0,T ,2018-01-06,
5350,BI-MB-400-62,ML ML Headset - White- 62,1651.0,R ,2011-11-18,
1762,CO-PD-649-38,HL Racing Socks - White- 38,2128.0,R ,2011-12-14,2013-03-05
6138,CO-RF-432-60,LL Men's Sports Shorts - White- 60,1313.0,S ,2025-02-21,2025-09-13
632,CO-HB-879-44,ML ML Fork - Yellow- 44,560.0,M ,2020-05-18,
3814,CO-HS-644-38,LL Mountain - Black- 38,16.0,T ,2024-02-07,
6522,CL-SO-525-44,ML HL Touring Seat/Saddle - Yellow- 44,697.0,,2019-01-10,2023-12-14
3437,CO-SA-150-58,HL ML Mountain Rear Wheel - Red- 58,2807.0,T ,2018-02-15,
4141,CO-HB-240-48,LL LL Mountain Tire - Silver- 48,,R ,2014-07-31,2017-09-21
580,CO-HB-564-60,HL Touring Front Wheel - Silver- 60,2675.0,S ,2011-07-14,2014-05-29
4040,CO-CS-631-48,HL HL Touring Frame - Blue- 48,2344.0,M ,2015-01-19,
2979,AC-PA-889-44,LL LL Road Pedal - Yellow- 44,147.0,M ,2018-02-03,
5917,AC-HP-499-44,ML ML Mountain Front Wheel - Black- 44,,R ,2019-09-02,
4182,CO-BR-719-52,ML Road Tire Tube - Silver- 52,2878.0,M ,2019-04-05,
526,AC-BC-597-42,LL Hydration Pack - Yellow- 42,536.0,M ,2022-02-19,
3404,CL-GL-537-62,LL Hydration Pack - Yellow- 62,2112.0,T ,2015-04-08,2018-04-26
4676,CO-RF-743-62,ML Road - Silver- 62,2917.0,M ,2019-10-25,2020-08-16
2211,CO-TF-306-60,ML LL Road Seat/Saddle - Yellow- 60,3399.0,S ,2012-12-18,2014-10-06
1130,CL-GL-217-60,HL HL Mountain Frame - Yellow- 60,2767.0,R ,2016-10-04,
5278,AC-LI-207-48,HL HL Touring Frame - Silver- 48,1803.0,T ,2018-05-29,
6159,AC-LO-733-38,ML Front Brakes - Red- 38,1962.0,S ,2013-09-21,2015-12-26
6063,CL-JE-180-44,LL ML Mountain Handlebars - Yellow- 44,419.0,S ,2013-05-17,2013-04-08
2078,AC-BC-985-60,ML Short - Yellow- 60,2215.0,S ,2016-07-12,
3839,CO-TF-361-62,HL LL Road Handlebars - White- 62,2207.0,M ,2021-10-14,
884,CO-HS-569-38,ML ML Touring Seat/Saddle - Black- 38,2174.0,S ,2024-02-09,
5670,CO-BB-434-62,ML Mountain Pump - White- 62,3293.0,R ,2014-05-13,
2523,CO-DE-202-42,HL Men's Bib - White- 42,1217.0,R ,2019-06-10,
6497,CO-FO-964-52,ML HL Mountain Pedal - Yellow- 52,1771.0,T ,2022-08-07,
4263,CO-FO-422-60,LL Road - Red- 60,1481.0,S ,2015-06-08,2014-06-02
1092,AC-FE-279-48,LL Touring Tire - Black- 48,3033.0,R ,2021-07-14,2022-03-25
1032,AC-FE-954-44,ML HL Road Frame - Blue- 44,,S ,2024-07-06,
4514,BI-MB-323-62,ML Mountain Pump - Yellow- 62,1307.0,T ,2018-02-18,
3551,CO-PD-250-38,ML Mountain Tire Tube - Black- 38,2422.0,R ,2018-11-01,
5063,CO-HS-528-58,LL Long - Silver- 58,3267.0,M ,2016-07-08,
4613,AC-LO-197-62,HL Touring Front Wheel - Silver- 62,91.0,,2013-09-26,2014-04-29
5821,CO-HB-947-38,ML Full - Blue- 38,1069.0,T ,2022-03-06,2025-02-12
2590,CL-JE-463-62,LL Women's Tights - Yellow- 62,,R ,2017-02-13,2017-12-22
4467,AC-HP-310-60,HL ML Crankset - White- 60,3193.0,S ,2013-01-12,2017-08-01
2871,AC-TT-799-58,HL Road Bottle Cage - Yellow- 58,,T ,2012-02-24,2013-03-20
4099,CL-GL-266-62,HL HL Touring Handlebars - Black- 62,947.0,T ,2018-09-23,2022-12-23
627,CO-DE-174-52,HL Classic Vest - Black- 52,2873.0,S ,2013-10-14,
786,CO-CS-135-52,ML LL Road Pedal - Yellow- 52,2634.0,R ,2024-01-03,2024-09-10
4869,CO-CH-582-52,HL Women's Tights - White- 52,865.0,T ,2025-03-20,2029-09-14
2531,AC-PA-678-52,ML LL Mountain Frame - Black- 52,247.0,M ,2023-02-07,2027-06-08
6306,CL-SH-536-62,HL Minipump - White- 62,,R ,2013-06-27,2015-08-25
3552,CO-TF-838-42,HL Front Derailleur - Black- 42,,S ,2022-07-22,
4522,AC-LI-765-60,LL Hitch Rack - Red- 60,1140.0,T ,2024-10-02,
1446,AC-CL-175-42,HL Touring Rear Wheel - Blue- 42,1697.0,R ,2011-05-16,
1105,CO-SA-437-38,LL LL Touring Handlebars - Blue- 38,86.0,,2016-03-30,
606,CL-SH-880-58,LL Touring Tire - Yellow- 58,783.0,M ,2019-08-18,
3947,CL-BS-896-60,LL Cable Lock - Yellow- 60,3143.0,S ,2022-04-19,2023-04-01
4119,CO-HB-735-52,HL ML Road Frame - Red- 52,2381.0,M ,2015-03-13,
6784,CO-TF-719-58,HL LL Road Handlebars - Black- 58,869.0,R ,2021-02-22,
2450,AC-HE-391-60,HL HL Road Frame - Yellow- 60,306.0,S ,2014-05-19,2017-09-02
685,CO-TF-637-44,ML HL Mountain Rear Wheel - Red- 44,1115.0,T ,2018-11-10,2019-08-19
6752,CL-VE-229-60,LL Touring Rear Wheel - Black- 60,2594.0,R ,2018-05-14,
5327,CO-DE-481-62,HL LL Road Pedal - White- 62,2982.0,,2021-12-16,
6134,CO-CH-854-58,ML Water Bottle - Blue- 58,2196.0,M ,2015-01-08,
1805,CL-BS-924-60,LL LL Touring Frame - Blue- 60,540.0,S ,2021-12-21,
5108,AC-TT-240-58,HL ML Touring Seat/Saddle - Yellow- 58,3290.0,T ,2017-07-21,
4477,BI-MB-363-62,HL LL Road Seat/Saddle - Blue- 62,2580.0,R ,2021-02-25,
6336,CL-BS-700-60,HL LL Road Rear Wheel - Black- 60,936.0,,2019-07-24,
6030,CO-DE-628-38,ML ML Mountain Pedal - Yellow- 38,2710.0,S ,2024-12-19,
6742,CO-HS-967-42,LL LL Mountain Pedal - White- 42,1086.0,R ,2019-03-05,
4591,CL-SH-328-38,LL Long - Blue- 38,2009.0,S ,2024-05-13,2029-03-27
4721,CL-GL-447-48,ML HL Road Tire - Black- 48,,S ,2017-09-25,
231,BI-TB-486-44,LL Taillights - White- 44,3192.0,R ,2014-08-04,2016-05-22
5755,CO-SA-147-48,HL LL Touring Frame - White- 48,270.0,M ,2016-02-02,2019-07-21
6744,CO-PD-312-42,HL LL Touring Seat/Saddle - Black- 42,303.0,,2024-09-14,2026-12-30
2016,CO-TF-308-38,ML HL Headset - White- 38,1938.0,S ,2017-04-13,
3559,AC-BS-813-52,HL Hydration Pack - Red- 52,,S ,2024-04-20,2025-07-31
3530,CL-SH-615-52,HL Rear Brakes - Blue- 52,1613.0,R ,2024-04-21,
3132,CL-CA-578-42,ML ML Headset - Black- 42,1325.0,M ,2022-11-03,2024-07-23
2262,CO-RF-520-48,ML LL Mountain Rear Wheel - Red- 48,2685.0,T ,2017-09-04,
3197,AC-FE-595-52,LL ML Road Tire - Black- 52,333.0,M ,2012-04-18,
3206,CO-DE-539-58,LL HL Headset - Black- 58,703.0,M ,2021-05-15,2022-08-18
3733,CO-PD-138-38,LL LL Road Seat/Saddle - Blue- 38,715.0,S ,2021-09-15,
4223,AC-BR-306-44,LL Road - Silver- 44,3282.0,T ,2017-05-06,
3811,AC-FE-975-62,ML HL Road Seat/Saddle - Silver- 62,309.0,T ,2020-11-21,2021-07-18
4762,CO-BR-634-62,HL Touring Tire - Yellow- 62,,T ,2023-12-11,2028-10-06
4527,CL-SO-406-52,LL Road - Black- 52,2964.0,S ,2017-07-23,2017-05-12
3981,CL-CA-211-60,HL Mountain - White- 60,3426.0,R ,2011-03-26,
4948,CO-BB-737-58,HL LL Mountain Handlebars - Black- 58,864.0,R ,2014-12-02,
3841,CL-BS-243-58,HL LL Fork - Yellow- 58,1763.0,S ,2023-01-15,
5339,CL-CA-787-38,LL ML Mountain Rear Wheel - Silver- 38,2985.0,,2021-04-12,
6129,CL-SH-970-38,LL LL Road Seat/Saddle - Red- 38,2301.0,M ,2021-12-26,2026-07-26
4760,CL-GL-685-52,LL Front Derailleur - Black- 52,2442.0,T ,2013-03-28,2013-11-25
6066,AC-FE-139-38,LL ML Mountain Pedal - Silver- 38,1111.0,T ,2011-08-06,2013-07-16
5823,CO-RF-216-58,ML HL Touring Seat/Saddle - Black- 58,1937.0,R ,2021-07-01,
1872,BI-MB-572-42,HL Touring Pedal - Blue- 42,1909.0,T ,2011-12-25,
5847,AC-BS-638-44,LL Mountain Bottle Cage - Black- 44,3235.0,S ,2021-07-23,
5894,AC-HP-890-52,LL HL Road Seat/Saddle - White- 52,2326.0,T ,2023-12-15,
2319,CO-SA-611-60,ML Mountain Pump - Yellow- 60,1068.0,S ,2013-10-11,
5940,CO-RF-699-62,LL ML Road Rear Wheel - Black- 62,206.0,M ,2020-08-08,
2364,CL-CA-594-42,HL Front Derailleur - Yellow- 42,,S ,2018-03-28,2023-01-05
2581,CO-BB-375-62,LL LL Road Pedal - Yellow- 62,3225.0,M ,2014-01-13,
3077,AC-HP-990-52,LL LL Road Frame - Red- 52,697.0,M ,2012-01-13,
5565,CO-MF-436-60,ML LL Road Rear Wheel - Blue- 60,1124.0,R ,2015-11-26,2019-10-23
612,CL-TI-815-60,ML LL Mountain Tire - Silver- 60,223.0,T ,2020-01-28,
1959,CL-SH-146-62,ML Patch Kit/8 Patches - Red- 62,-50.0,S ,2011-03-26,2012-12-10
5050,BI-RB-481-60,ML Hydration Pack - Red- 60,598.0,R ,2015-11-16,2018-05-09
4752,CL-VE-978-60,LL ML Road Tire - White- 60,,M ,2019-04-13,2023-07-25
1052,CL-TI-204-52,HL Chain - White- 52,1269.0,S ,2015-09-05,
5730,AC-BC-725-48,LL LL Touring Handlebars - Blue- 48,551.0,S ,2012-07-21,2014-09-03
4531,AC-TT-235-38,ML LL Road Rear Wheel - Blue- 38,712.0,R ,2017-09-19,2021-05-13
4043,CL-GL-660-62,ML Road Bottle Cage - Yellow- 62,3028.0,T ,2021-03-22,
3115,CL-GL-176-52,LL Rear Brakes - Silver- 52,812.0,S ,2011-10-14,
3574,CO-RF-375-44,HL Hitch Rack - Silver- 44,,S ,2012-11-28,2016-02-13
4484,AC-PA-369-62,LL Mountain - White- 62,1969.0,M ,2014-08-02,
1278,CL-CA-254-62,HL HL Road Rear Wheel - Blue- 62,2492.0,R ,2015-12-05,2014-12-22
4235,CL-VE-686-60,ML LL Mountain Handlebars - Blue- 60,,T ,2012-12-18,2016-03-25
3411,AC-LI-612-42,LL ML Mountain Pedal - Red- 42,1628.0,M ,2024-07-24,2027-06-19
5905,CO-BB-620-42,HL HL Mountain Rear Wheel - Black- 42,1591.0,M ,2012-04-01,
3434,CL-CA-116-52,LL Front Derailleur - Silver- 52,3216.0,,2021-06-10,
1134,CO-HB-826-60,LL ML Road Front Wheel - Blue- 60,720.0,R ,2013-08-24,
4258,BI-MB-535-58,HL Headlights - Black- 58,3314.0,T ,2013-04-21,
1790,BI-RB-253-52,HL Touring Pedal - Red- 52,159.0,R ,2020-10-11,
4075,CO-MF-871-38,HL Bike Wash - White- 38,3098.0,T ,2021-10-16,
1035,CL-SH-579-52,ML ML Road Tire - Red- 52,2886.0,R ,2015-12-03,
2071,CO-MF-627-62,HL HL Road Handlebars - Blue- 62,1486.0,T ,2019-01-01,
910,CO-HS-143-58,ML LL Headset - Black- 58,,T ,2013-09-01,
441,BI-TB-653-60,ML All - Yellow- 60,913.0,M ,2024-07-05,
1823,CO-PD-541-42,LL Long - White- 42,1371.0,S ,2019-05-18,
2727,CL-VE-303-42,HL HL Fork - White- 42,,R ,2025-03-23,2024-09-19
6266,AC-PA-949-60,HL LL Crankset - Yellow- 60,,S ,2013-02-22,2015-04-12
217,CO-PD-678-44,ML HL Fork - Silver- 44,2026.0,,2019-07-22,2024-05-24
2971,AC-FE-646-42,ML Men's Bib - Red- 42,1820.0,R ,2013-03-12,
5801,AC-FE-355-60,ML ML Mountain Tire - White- 60,349.0,R ,2019-04-04,
1144,CL-CA-535-38,ML LL Touring Frame - Black- 38,468.0,R ,2019-04-23,2022-05-15
581,AC-HP-215-38,HL LL Road Pedal - White- 38,636.0,M ,2011-08-07,
4495,CO-HB-831-52,LL Touring Front Wheel - Black- 52,2794.0,R ,2013-11-29,
3106,CO-CH-972-60,HL Touring - White- 60,2510.0,M ,2021-11-27,2025-12-10
1109,BI-MB-708-44,HL HL Mountain Pedal - Silver- 44,1046.0,R ,2013-06-03,2014-06-01
6668,CO-HS-359-52,LL HL Road Tire - Yellow- 52,,S ,2020-06-29,2021-07-15
6262,CL-SO-412-48,ML Mountain Bike Socks - Red- 48,3498.0,S ,2011-09-28,
6117,CO-PD-154-52,HL LL Mountain Pedal - Black- 52,2298.0,M ,2011-07-11,2014-08-26
5394,CO-MF-718-48,ML ML Mountain Handlebars - White- 48,629.0,S ,2014-11-06,2016-12-30
5993,AC-HP-966-42,ML HL Road Rear Wheel - Blue- 42,182.0,S ,2023-09-22,2024-11-15
403,AC-LI-277-38,ML HL Crankset - Silver- 38,1630.0,T ,2024-11-19,2027-04-28
5371,BI-TB-147-52,LL LL Headset - Red- 52,1169.0,R ,2022-05-07,
2036,CO-MF-309-38,ML Long - Silver- 38,3032.0,M ,2020-08-03,2024-09-08
5496,CL-JE-627-62,ML Road Tire Tube - Red- 62,464.0,M ,2020-04-12,2021-11-29
1906,CL-BS-130-48,HL AWC Logo Cap - Red- 48,792.0,S ,2019-10-11,
5142,CO-HS-667-42,ML ML Road Pedal - Black- 42,3160.0,M ,2012-01-24,
5038,CO-DE-603-48,HL ML Fork - Blue- 48,509.0,R ,2015-03-04,2016-12-06
3056,CO-WH-707-48,ML LL Crankset - Blue- 48,3216.0,R ,2019-03-03,2021-04-18
2340,CO-SA-485-38,ML ML Road Frame - Silver- 38,1959.0,R ,2016-05-30,
4564,CO-RF-106-58,LL Mountain - Yellow- 58,2383.0,S ,2024-05-08,
5062,CO-PD-403-42,HL Women's Mountain Shorts - Silver- 42,608.0,M ,2023-06-01,2026-01-01
5692,CL-TI-939-52,ML LL Mountain Tire - Yellow- 52,,M ,2019-10-29,
6379,CL-VE-949-60,ML LL Headset - Blue- 60,3417.0,T ,2018-01-04,2021-03-24
956,CL-JE-849-38,HL Bike Wash - Silver- 38,,R ,2025-03-02,2027-07-06
1549,CO-PD-547-60,LL LL Touring Frame - White- 60,2174.0,T ,2019-10-10,
1930,CO-HS-918-38,ML ML Headset - White- 38,2697.0,S ,2019-05-27,
4366,CO-CH-835-44,ML HL Mountain Frame - Red- 44,,R ,2018-08-21,2020-01-05
5481,CL-VE-866-38,LL Bike Wash - Black- 38,2349.0,,2019-10-09,2022-01-08
732,CO-FO-840-42,HL ML Fork - Black- 42,2669.0,T ,2012-08-29,
2431,CO-DE-148-44,LL ML Bottom Bracket - Yellow- 44,1908.0,S ,2023-09-23,2028-06-24
2974,BI-RB-980-62,HL AWC Logo Cap - Blue- 62,1997.0,S ,2025-01-29,
513,AC-LO-739-62,HL Long - Red- 62,893.0,M ,2018-06-27,
697,AC-LO-120-52,ML HL Mountain Pedal - Yellow- 52,1778.0,M ,2019-08-18,
3638,CL-SH-656-42,HL LL Mountain Handlebars - Yellow- 42,2048.0,M ,2014-05-27,2017-06-14
1340,BI-TB-918-58,LL LL Crankset - Yellow- 58,2167.0,,2022-08-13,
6375,AC-HE-565-38,HL Mountain - Black- 38,3037.0,T ,2011-03-22,2013-12-12
1339,CL-GL-984-42,LL ML Touring Seat/Saddle - Blue- 42,1823.0,R ,2020-08-08,2021-05-29
381,CO-TF-386-44,HL Sport - Silver- 44,849.0,T ,2011-08-20,
2520,CO-WH-239-62,ML Women's Mountain Shorts - Blue- 62,83.0,R ,2017-10-07,
407,CL-TI-376-52,ML LL Road Tire - Red- 52,724.0,M ,2020-08-07,
6147,CO-MF-959-58,HL LL Road Handlebars - Yellow- 58,2452.0,M ,2014-02-04,
5024,CL-VE-716-38,LL Mountain - Silver- 38,197.0,S ,2012-09-21,2016-11-12
4494,CL-GL-827-52,LL Road - Silver- 52,3414.0,,2018-10-14,
431,BI-MB-480-44,LL ML Mountain Rear Wheel - White- 44,3228.0,R ,2018-05-11,
3257,CL-SO-506-38,ML LL Touring Frame - Silver- 38,388.0,R ,2011-03-07,2015-12-25
5596,CO-HB-262-42,HL LL Fork - White- 42,3118.0,S ,2012-10-13,2014-09-05
5428,AC-HP-259-52,HL HL Road Rear Wheel - Yellow- 52,251.0,R ,2022-09-01,2022-05-27
4324,CO-BR-254-52,ML HL Fork - White- 52,1013.0,T ,2015-08-11,2018-06-19
297,AC-BS-797-52,HL LL Headset - Blue- 52,3192.0,S ,2021-01-29,
2731,BI-MB-162-44,ML Short - Blue- 44,2676.0,T ,2011-05-27,
5043,CO-CH-172-48,LL HL Road Handlebars - White- 48,336.0,T ,2013-04-24,
5211,AC-LI-626-52,ML ML Mountain Front Wheel - White- 52,1556.0,T ,2020-10-25,
6404,CO-HB-657-58,LL LL Mountain Pedal - Black- 58,,S ,2017-08-04,
4707,CO-BR-526-48,HL Taillights - Red- 48,2945.0,R ,2017-02-10,2019-01-25
4547,CO-BR-735-60,HL HL Mountain Tire - Red- 60,1920.0,R ,2012-12-12,
4892,AC-CL-915-62,HL Chain - Red- 62,3015.0,S ,2023-04-01,2025-02-21
3214,CL-JE-126-62,ML ML Road Handlebars - Yellow- 62,40.0,S ,2014-12-07,2015-08-03
955,AC-FE-895-42,ML ML Mountain Tire - Red- 42,2335.0,R ,2023-06-18,2027-10-19
2351,AC-PA-790-42,ML HL Mountain Rear Wheel - Black- 42,1557.0,M ,2023-05-25,
3298,CO-TF-814-52,LL ML Road Rear Wheel - Blue- 52,31.0,,2019-03-08,2023-03-30
2098,CL-BS-484-60,HL Mountain Bottle Cage - White- 60,3443.0,M ,2016-01-03,2018-05-15
5829,CO-DE-870-52,ML Touring Rear Wheel - Blue- 52,3320.0,S ,2013-04-28,2014-02-26
5080,BI-RB-460-60,HL HL Touring Seat/Saddle - Blue- 60,1907.0,M ,2014-04-15,2017-07-07
1991,AC-PU-234-42,ML LL Road Seat/Saddle - Blue- 42,,S ,2022-06-21,
4253,CL-TI-137-52,HL ML Mountain Tire - Black- 52,849.0,M ,2021-11-14,2025-03-01
1344,CL-GL-853-42,LL Front Brakes - Silver- 42,348.0,S ,2012-03-09,2017-01-12
3317,AC-BR-137-58,HL Touring - Silver- 58,,M ,2020-04-02,
2233,AC-PA-499-44,HL LL Bottom Bracket - Black- 44,2896.0,M ,2023-06-26,2026-06-29
5282,CO-PD-575-42,LL LL Touring Frame - Black- 42,,M ,2022-03-10,
6508,CL-GL-161-38,LL Mountain Bike Socks - Red- 38,3038.0,S ,2013-03-25,
3501,AC-PA-759-48,ML HL Road Tire - Blue- 48,558.0,S ,2013-08-09,2016-10-22
6040,AC-CL-362-42,HL LL Bottom Bracket - Blue- 42,1851.0,T ,2011-03-09,2013-09-24
5601,CO-BR-559-38,HL Patch Kit/8 Patches - Blue- 38,2085.0,S ,2014-12-29,
6685,AC-CL-816-52,ML HL Road Pedal - Black- 52,1112.0,S ,2024-11-16,
658,CL-TI-224-48,HL LL Road Front Wheel - Red- 48,446.0,M ,2024-10-28,
2478,CO-BR-813-60,HL All - Yellow- 60,1491.0,M ,2017-08-06,
2206,BI-TB-954-62,ML LL Road Handlebars - Red- 62,1519.0,T ,2021-07-24,
1046,CO-MF-580-42,LL All - Yellow- 42,592.0,,2018-12-05,2022-01-13
5502,BI-RB-834-52,LL Front Brakes - Red- 52,3138.0,S ,2013-01-11,
267,AC-HP-826-48,LL Touring Tire Tube - Silver- 48,1480.0,R ,2020-07-06,
2865,CO-HB-834-60,LL LL Headset - White- 60,,R ,2014-01-06,
1819,BI-RB-453-58,LL ML Mountain Rear Wheel - Silver- 58,928.0,R ,2013-02-14,2014-12-02
6238,CL-BS-744-52,LL LL Mountain Tire - Silver- 52,321.0,R ,2014-12-13,2016-09-06
6815,CL-GL-382-38,LL LL Road Front Wheel - Yellow- 38,,S ,2022-07-16,
4392,CL-BS-467-58,HL Men's Bib - Black- 58,2833.0,T ,2018-08-12,2022-10-28
5440,BI-TB-767-58,LL LL Mountain Rear Wheel - Red- 58,,S ,2012-05-20,2017-01-27
473,AC-HP-852-44,LL Road Bottle Cage - Red- 44,54.0,R ,2016-09-06,
2885,CL-TI-630-48,LL Touring Front Wheel - White- 48,350.0,R ,2013-02-15,
735,AC-BR-251-38,LL HL Mountain Rear Wheel - Yellow- 38,,S ,2023-09-04,
2831,AC-PU-545-42,LL Patch Kit/8 Patches - Red- 42,2283.0,R ,2023-05-31,
2690,CO-TF-735-58,HL Cable Lock - White- 58,3139.0,M ,2024-04-19,2027-06-23
4671,AC-LI-861-48,ML Front Brakes - Black- 48,249.0,S ,2023-05-26,2027-12-25
6278,CO-DE-585-62,HL Long - Blue- 62,,T ,2024-11-25,
5930,CO-CS-549-60,ML Front Derailleur - Silver- 60,2381.0,M ,2013-10-23,2018-09-13
3537,AC-PA-501-42,ML ML Fork - Silver- 42,492.0,S ,2018-12-25,
4199,CO-CS-766-44,LL HL Road Seat/Saddle - Red- 44,142.0,R ,2014-01-10,
3308,CO-TF-106-52,ML ML Road Front Wheel - White- 52,974.0,,2016-01-05,
6636,CO-HS-171-48,ML LL Crankset - Yellow- 48,2175.0,M ,2024-01-19,
6350,BI-RB-543-44,HL LL Road Pedal - White- 44,961.0,S ,2019-05-21,
1918,CL-TI-484-60,LL ML Mountain Pedal - Black- 60,,T ,2016-08-31,2019-01-13
6652,AC-PA-662-42,HL LL Mountain Seat/Saddle - White- 42,1526.0,M ,2012-04-10,2016-11-25
6510,CO-BB-740-58,LL ML Mountain Front Wheel - Blue- 58,3434.0,R ,2019-12-21,
6505,CL-SH-312-62,HL LL Road Frame - Red- 62,,T ,2014-11-03,
5378,AC-LO-249-52,HL LL Bottom Bracket - White- 52,1287.0,M ,2024-06-30,
5744,CO-CS-355-38,ML Women's Mountain Shorts - Red- 38,2448.0,M ,2011-02-15,2014-06-09
5483,AC-BR-888-62,HL ML Road Rear Wheel - White- 62,3014.0,S ,2015-01-04,2018-06-29
4512,AC-BS-350-44,ML Rear Derailleur - Yellow- 44,299.0,R ,2021-11-24,2023-01-10
4390,CO-WH-934-62,LL LL Road Rear Wheel - Black- 62,2701.0,T ,2024-02-17,2025-07-04
5685,CO-MF-594-44,LL Mountain Bottle Cage - Black- 44,2941.0,R ,2014-05-30,
1138,AC-PU-903-42,HL ML Road Seat/Saddle - Yellow- 42,3096.0,R ,2021-10-07,
6870,CO-HB-690-48,LL HL Road Front Wheel - White- 48,1842.0,T ,2023-06-06,
4928,AC-TT-802-60,ML Road Bottle Cage - Yellow- 60,1417.0,,2021-03-07,
4669,CO-SA-260-38,ML ML Road Frame - Red- 38,,M ,2012-07-09,
748,CL-JE-240-60,HL ML Road Pedal - Yellow- 60,3440.0,R ,2019-12-04,2022-08-30
463,CO-WH-575-60,LL HL Touring Frame - Red- 60,2002.0,S ,2022-03-06,
1633,CO-PD-715-48,ML HL Mountain Frame - Silver- 48,259.0,S ,2020-06-24,
603,AC-PA-367-48,HL HL Mountain Handlebars - Black- 48,,R ,2019-04-30,
212,CL-TI-103-38,ML ML Touring Seat/Saddle - Black- 38,2135.0,T ,2018-06-24,
6776,CL-GL-633-62,LL ML Bottom Bracket - Black- 62,605.0,S ,2012-01-25,2013-11-20
2283,CL-TI-997-48,ML Fender Set - Silver- 48,1168.0,S ,2019-10-25,
1026,AC-TT-278-44,ML HL Mountain Front Wheel - Red- 44,2825.0,R ,2013-11-22,
5781,CO-FO-929-42,LL Bike Wash - White- 42,2258.0,R ,2012-09-11,2014-10-07
3369,CL-CA-330-38,ML Hydration Pack - Yellow- 38,1675.0,T ,2020-05-24,
2630,CL-SO-764-58,ML ML Road Tire - Red- 58,,S ,2011-12-17,
2645,CO-HS-398-48,HL LL Headset - Red- 48,3307.0,R ,2025-01-27,2027-09-15
686,AC-PU-645-62,LL LL Mountain Tire - Blue- 62,251.0,R ,2021-11-28,
809,AC-LI-692-42,HL ML Touring Seat/Saddle - Silver- 42,3486.0,M ,2019-11-12,2020-10-02
3965,CL-SH-890-52,HL ML Road Handlebars - Blue- 52,471.0,M ,2022-10-19,
6113,CO-RF-368-42,ML HL Headset - Black- 42,,S ,2023-11-15,
1361,CL-GL-783-52,HL ML Mountain Frame - White- 52,310.0,M ,2025-03-13,
2989,AC-TT-682-52,ML Rear Derailleur - White- 52,1470.0,M ,2024-11-19,2026-01-21
3147,CL-TI-873-62,LL HL Headset - Blue- 62,1608.0,T ,2016-05-16,2020-07-31
2934,CO-BR-936-48,HL Front Brakes - Black- 48,2551.0,R ,2022-12-19,
2373,AC-BR-507-62,HL ML Mountain Front Wheel - Blue- 62,709.0,M ,2012-06-17,2015-07-25
3613,CO-CS-607-42,HL ML Mountain Handlebars - White- 42,2252.0,R ,2014-07-18,
3688,CL-SO-198-38,LL Rear Derailleur - Silver- 38,1358.0,T ,2013-02-20,
4036,CL-VE-135-60,HL Touring Tire - White- 60,3076.0,T ,2021-12-14,
5174,CO-BB-312-60,LL Chain - Silver- 60,1733.0,T ,2013-04-26,2017-10-31
2196,AC-FE-516-60,HL LL Mountain Seat/Saddle - Blue- 60,1644.0,T ,2019-02-02,
5742,CO-DE-563-42,ML LL Road Tire - Silver- 42,3068.0,T ,2017-06-26,
3938,CO-MF-190-58,HL HL Road Frame - Yellow- 58,-176.0,M ,2011-11-25,
1791,CO-HB-162-58,HL Hitch Rack - Black- 58,,T ,2013-04-01,2014-01-14
3450,CO-PD-992-38,LL HL Mountain Seat/Saddle - Black- 38,988.0,S ,2020-04-18,
6678,CL-SO-172-52,ML LL Mountain Pedal - Yellow- 52,1385.0,R ,2015-01-26,2016-11-15
3652,CL-CA-851-44,HL Sport - Silver- 44,1593.0,T ,2021-07-03,
2543,AC-CL-919-52,ML Fender Set - Silver- 52,1158.0,S ,2017-05-20,2022-01-05
1425,AC-CL-235-44,LL All - Blue- 44,1028.0,T ,2011-07-24,
4515,CO-PD-251-44,ML LL Road Pedal - White- 44,1163.0,R ,2011-02-24,
5591,CO-RF-378-58,HL Front Derailleur - White- 58,512.0,R ,2018-07-02,
6772,CO-SA-308-44,ML HL Touring Seat/Saddle - Blue- 44,3485.0,S ,2017-09-10,2021-01-18
1973,CO-BB-569-62,ML LL Touring Seat/Saddle - Silver- 62,776.0,T ,2017-06-22,
6192,CL-SH-855-38,HL LL Road Pedal - Black- 38,296.0,R ,2019-12-11,2023-02-08
1835,BI-TB-216-52,HL Half - Yellow- 52,2219.0,R ,2023-05-28,
4498,CO-HS-107-52,LL Rear Brakes - Red- 52,3107.0,S ,2013-03-31,
6450,CO-SA-285-60,HL LL Road Front Wheel - Blue- 60,3326.0,M ,2016-09-16,
4241,CL-BS-711-52,ML Racing Socks - Blue- 52,1748.0,S ,2020-03-12,
3643,CL-TI-308-58,HL HL Bottom Bracket - Red- 58,2457.0,T ,2019-09-16,
5731,BI-RB-945-62,ML ML Touring Seat/Saddle - Silver- 62,2554.0,S ,2019-02-05,2020-12-29
5794,CO-BR-843-44,LL LL Road Rear Wheel - Red- 44,345.0,S ,2017-10-24,
2255,CO-BB-450-44,HL LL Mountain Pedal - Yellow- 44,1959.0,,2022-09-27,2026-10-07
502,CO-HB-634-44,ML Road - Black- 44,3491.0,R ,2018-12-07,2022-09-22
5846,CL-SH-988-52,LL ML Mountain Frame - Black- 52,1769.0,R ,2022-02-24,2024-01-11
3568,AC-LI-286-42,HL ML Road Rear Wheel - Yellow- 42,30.0,M ,2016-07-31,2019-07-06
4233,CO-CS-851-44,ML LL Mountain Rear Wheel - Blue- 44,3012.0,S ,2025-02-07,
1410,AC-TT-258-42,HL Touring Rear Wheel - Yellow- 42,1297.0,T ,2020-09-07,
2814,CO-CS-872-60,LL LL Headset - Yellow- 60,936.0,S ,2021-08-21,2025-01-30
6025,CO-FO-561-48,HL Rear Brakes - Silver- 48,995.0,T ,2019-01-24,
642,CO-BR-239-62,LL Rear Derailleur - Red- 62,3441.0,T ,2021-05-17,
860,AC-LO-432-58,ML HL Road Seat/Saddle - Yellow- 58,3353.0,T ,2020-10-16,2021-11-10
1681,CL-JE-703-48,HL HL Mountain Rear Wheel - Black- 48,347.0,R ,2015-07-27,2018-01-16
2329,CO-BR-771-44,HL ML Road Frame - Red- 44,1848.0,M ,2011-06-08,2014-06-15
6599,CO-TF-557-42,LL Chain - Red- 42,3463.0,T ,2016-05-26,
6304,CL-BS-919-58,HL ML Crankset - Silver- 58,,R ,2017-08-08,
6344,AC-HE-620-62,ML Touring - Blue- 62,762.0,M ,2016-07-13,
4279,CO-WH-805-42,HL LL Mountain Seat/Saddle - White- 42,2899.0,T ,2021-03-10,2022-09-02
3982,CL-VE-818-42,HL ML Mountain Tire - White- 42,2196.0,S ,2014-07-14,
6890,CO-FO-672-52,ML LL Road Seat/Saddle - Blue- 52,443.0,S ,2012-09-20,2014-02-09
2050,BI-MB-283-52,LL HL Touring Handlebars - Silver- 52,1774.0,R ,2024-04-18,2027-05-01
1880,CL-CA-618-52,ML ML Mountain Tire - Red- 52,1412.0,T ,2015-09-27,2019-11-15
5811,CL-TI-506-52,HL ML Mountain Handlebars - Silver- 52,1890.0,R ,2020-09-25,2023-02-08
5924,AC-BC-651-42,LL HL Road Front Wheel - Blue- 42,1069.0,S ,2017-02-18,
4309,CO-BR-175-62,LL Mountain Pump - Silver- 62,1091.0,S ,2022-02-11,
2439,AC-TT-533-62,HL Headlights - Black- 62,2194.0,T ,2014-09-14,
4774,CL-SO-810-44,LL LL Road Pedal - Yellow- 44,3161.0,R ,2016-07-13,
449,BI-TB-728-38,ML HL Road Pedal - Yellow- 38,2633.0,R ,2012-08-26,2016-07-17
2259,CO-MF-403-42,ML ML Road Frame - Black- 42,2503.0,T ,2018-02-19,2018-11-18
3118,CO-BB-973-58,ML Taillights - Red- 58,392.0,M ,2012-01-30,
5882,CO-DE-820-38,LL Full - Red- 38,2730.0,M ,2019-10-04,
4959,AC-TT-707-42,LL ML Headset - White- 42,2019.0,S ,2021-01-03,
5320,CO-MF-309-60,LL Women's Tights - Blue- 60,2357.0,R ,2016-11-26,2019-02-05
2764,CL-CA-509-62,HL Sport - White- 62,546.0,M ,2013-04-06,
5506,AC-TT-794-38,LL LL Road Pedal - Silver- 38,17.0,S ,2014-10-10,
4588,CO-HB-147-60,LL LL Touring Handlebars - White- 60,1644.0,M ,2018-03-03,
2734,CO-SA-476-58,ML HL Touring Frame - Blue- 58,789.0,S ,2021-11-11,
854,AC-HP-433-48,ML ML Road Frame - Red- 48,99.0,T ,2018-09-26,2020-03-13
3065,CO-HB-535-48,ML Hydration Pack - Red- 48,3301.0,,2012-04-10,
5976,CO-MF-259-44,HL HL Touring Handlebars - White- 44,3297.0,M ,2018-07-15,
4871,CL-JE-422-62,LL LL Road Front Wheel - Red- 62,2909.0,M ,2019-05-20,
6821,CO-HB-941-44,LL ML Fork - Yellow- 44,3218.0,M ,2016-11-15,2019-05-10
215,CO-FO-821-52,LL HL Mountain Rear Wheel - Yellow- 52,3099.0,M ,2012-11-19,
6080,BI-RB-330-48,LL ML Road Seat/Saddle - Red- 48,452.0,,2015-10-15,2016-10-03
4014,CO-PD-130-60,ML Women's Mountain Shorts - Yellow- 60,3015.0,,2015-06-18,
544,AC-BS-730-38,ML Touring - Silver- 38,2095.0,T ,2012-05-20,2016-05-05
5044,BI-RB-900-38,HL Patch Kit/8 Patches - Blue- 38,683.0,R ,2014-04-12,2017-06-19
6633,AC-PA-449-38,ML ML Road Tire - Blue- 38,1726.0,S ,2020-01-27,2019-06-25
1289,AC-LI-936-44,ML Road - White- 44,3125.0,S ,2023-04-12,2024-03-20
704,CL-GL-329-60,HL HL Bottom Bracket - Red- 60,1454.0,T ,2020-02-13,
1795,CO-MF-236-58,ML All - White- 58,354.0,T ,2012-09-22,2014-04-18
4308,CO-PD-682-60,HL LL Crankset - Silver- 60,3492.0,S ,2022-12-14,
2722,CO-MF-339-42,LL HL Road Tire - Blue- 42,1058.0,R ,2020-03-10,
5434,BI-MB-123-52,HL Women's Mountain Shorts - Yellow- 52,282.0,T ,2015-08-10,
3762,AC-CL-922-60,LL Touring Tire Tube - Silver- 60,2763.0,R ,2017-07-27,
1664,CO-TF-724-48,ML Minipump - Yellow- 48,59.0,T ,2018-07-06,
4350,CO-BR-355-58,HL ML Touring Seat/Saddle - White- 58,1728.0,T ,2015-05-05,2016-12-21
3794,BI-RB-683-62,LL ML Road Tire - Red- 62,3317.0,R ,2017-12-03,2021-07-15
6111,CL-GL-994-38,HL HL Touring Frame - Black- 38,286.0,S ,2011-04-21,2013-11-24
2498,AC-CL-984-62,LL Short - Red- 62,1034.0,R ,2015-03-10,
5360,CL-VE-450-44,LL Touring Rear Wheel - Yellow- 44,1318.0,M ,2011-03-21,
3714,CL-SH-620-48,LL Mountain Tire Tube - Black- 48,2650.0,T ,2015-06-08,2017-07-06
2187,CO-HS-262-60,ML Patch Kit/8 Patches - White- 60,1851.0,T ,2023-07-02,
4486,AC-HE-114-60,HL ML Fork - Red- 60,1578.0,S ,2020-12-05,
522,AC-BR-171-62,HL Hitch Rack - Blue- 62,3415.0,,2013-04-15,
450,CO-HB-232-42,LL LL Touring Handlebars - Yellow- 42,66.0,T ,2024-11-17,
3619,CO-HB-862-42,LL HL Road Tire - White- 42,2937.0,T ,2013-04-16,2016-07-31
4936,CO-MF-773-58,ML Mountain - White- 58,1976.0,T ,2016-02-14,
3625,AC-BS-521-44,HL HL Road Handlebars - Yellow- 44,2244.0,M ,2018-01-26,
2386,CO-CH-213-60,HL ML Road Handlebars - Red- 60,354.0,M ,2021-12-27,
945,CO-TF-487-38,ML LL Fork - Red- 38,,S ,2017-11-24,
4305,CO-HS-876-58,LL Racing Socks - White- 58,3100.0,T ,2021-10-12,
4436,CO-CH-640-44,ML LL Touring Frame - Black- 44,2534.0,M ,2011-06-23,
2811,CO-CS-760-62,HL LL Touring Handlebars - White- 62,536.0,T ,2016-04-28,2019-06-12
2059,CL-SO-591-44,LL ML Mountain Seat/Saddle - White- 44,2832.0,M ,2017-02-23,2019-10-28
4424,CO-RF-706-58,HL Cable Lock - White- 58,527.0,T ,2012-04-10,2016-02-28
2996,CO-BB-834-60,LL LL Mountain Tire - Silver- 60,1736.0,T ,2024-04-16,2023-10-14
6090,CO-BB-707-62,HL HL Headset - Blue- 62,2114.0,S ,2012-03-18,2015-08-30
4437,CO-SA-490-44,LL LL Mountain Front Wheel - Black- 44,2907.0,M ,2019-05-18,
1720,CO-SA-316-48,HL LL Bottom Bracket - Yellow- 48,430.0,M ,2018-06-21,
6287,AC-BS-775-62,HL Chain - Silver- 62,1115.0,M ,2017-11-11,
3803,AC-HE-932-42,HL Touring Pedal - Red- 42,1626.0,R ,2024-04-26,2027-05-20
4403,AC-FE-470-60,HL Touring Tire - Silver- 60,1316.0,T ,2020-04-23,
5357,CO-BB-223-52,HL ML Mountain Pedal - Yellow- 52,1025.0,M ,2021-04-07,
4409,CO-PD-540-42,ML ML Mountain Handlebars - Silver- 42,439.0,M ,2018-12-31,
3186,CL-TI-360-52,LL HL Headset - Silver- 52,2729.0,T ,2023-08-12,2026-07-31
3225,CL-CA-200-44,ML Road Bottle Cage - Red- 44,1326.0,R ,2013-11-26,2018-07-05
6139,BI-TB-527-44,ML Classic Vest - Blue- 44,873.0,M ,2011-07-31,2013-01-06
514,CO-HB-992-42,HL HL Fork - Yellow- 42,436.0,M ,2019-08-30,
4638,AC-PU-910-38,LL ML Road Front Wheel - Blue- 38,2652.0,M ,2020-08-01,
574,CO-FO-150-38,HL LL Road Tire - Yellow- 38,851.0,S ,2020-01-21,
738,CL-VE-334-44,LL Hitch Rack - Red- 44,1110.0,R ,2017-12-02,2018-09-23
5769,BI-TB-631-58,ML Road Bottle Cage - Red- 58,2504.0,S ,2025-02-21,
6748,AC-HE-716-60,LL HL Touring Frame - Blue- 60,1933.0,R ,2025-03-09,2027-06-02
1246,AC-BS-992-42,ML HL Fork - White- 42,1932.0,S ,2012-12-30,2014-09-12
4607,CL-GL-412-52,ML ML Touring Seat/Saddle - Red- 52,1556.0,M ,2011-05-07,
823,CO-MF-116-58,LL Touring Tire Tube - Silver- 58,3015.0,R ,2011-07-27,
5983,CO-FO-803-42,HL ML Mountain Pedal - Blue- 42,2042.0,R ,2019-04-18,2022-12-02
6900,CO-FO-236-58,LL ML Mountain Pedal - Red- 58,597.0,T ,2016-01-30,2019-02-22
1712,BI-MB-955-52,HL Minipump - Blue- 52,727.0,T ,2018-10-04,2020-01-19
3880,CO-PD-384-52,LL Touring Front Wheel - Black- 52,,S ,2011-09-30,
725,CL-JE-929-62,HL LL Touring Handlebars - White- 62,2594.0,R ,2018-01-24,
2742,CO-CH-887-60,LL Road Bottle Cage - Yellow- 60,177.0,S ,2013-08-17,
5323,AC-HE-693-58,ML Fender Set - Red- 58,1318.0,S ,2016-02-08,
3666,CO-FO-995-48,LL HL Fork - Blue- 48,2401.0,T ,2011-08-09,2015-05-15
6267,CL-JE-118-60,ML Hitch Rack - Silver- 60,2185.0,M ,2012-04-25,2013-09-13
3081,BI-MB-430-38,ML Front Brakes - Black- 38,1017.0,R ,2024-03-27,2026-01-29
4909,CO-DE-151-48,LL Water Bottle - Silver- 48,2342.0,S ,2019-01-21,2022-02-18
5015,AC-BC-710-48,LL HL Road Rear Wheel - Black- 48,890.0,M ,2023-08-19,
6157,CO-TF-228-42,HL Women's Mountain Shorts - Blue- 42,-856.0,S ,2016-11-25,
511,CL-TI-415-60,HL LL Headset - White- 60,2.0,M ,2021-02-17,2023-04-21
1467,CL-JE-779-38,ML Men's Sports Shorts - Blue- 38,486.0,M ,2022-10-01,
4316,AC-BC-470-52,HL HL Touring Frame - Black- 52,,M ,2021-12-29,
2768,CO-WH-916-58,LL Touring Front Wheel - Silver- 58,715.0,T ,2019-05-20,
2459,CL-TI-355-58,HL LL Mountain Rear Wheel - Silver- 58,558.0,S ,2022-01-06,
6345,BI-RB-546-38,ML Racing Socks - Black- 38,604.0,T ,2023-07-27,
5710,BI-TB-735-48,ML LL Touring Seat/Saddle - Blue- 48,303.0,R ,2025-01-07,
1233,CO-DE-990-44,LL Mountain Tire Tube - Silver- 44,3472.0,R ,2023-07-10,2026-12-07
1940,AC-BR-412-62,HL LL Touring Seat/Saddle - Red- 62,93.0,M ,2014-09-25,2018-12-05
1688,CO-HB-914-62,LL LL Crankset - White- 62,1029.0,S ,2016-11-25,
2462,CL-CA-559-60,LL ML Road Handlebars - Silver- 60,1756.0,R ,2011-06-26,2014-07-20
2929,CL-TI-233-60,ML Full - Silver- 60,1205.0,M ,2011-04-29,
1166,BI-MB-415-52,ML HL Mountain Rear Wheel - Blue- 52,1495.0,T ,2024-01-05,
3377,CL-BS-572-62,LL Classic Vest - Silver- 62,1845.0,T ,2014-09-29,
3745,AC-HP-485-62,ML Hitch Rack - Silver- 62,607.0,M ,2015-05-19,
951,AC-BC-498-38,ML Patch Kit/8 Patches - Black- 38,1641.0,R ,2016-04-22,
4464,AC-BS-436-58,ML ML Mountain Tire - Black- 58,3335.0,S ,2020-06-05,
981,AC-CL-553-62,HL LL Mountain Handlebars - Black- 62,,R ,2017-05-19,2019-08-12
6879,CO-SA-473-58,HL LL Mountain Pedal - Silver- 58,2731.0,R ,2025-02-02,
1709,AC-BS-990-62,ML LL Mountain Rear Wheel - Red- 62,1338.0,R ,2024-05-05,
5693,CL-VE-815-42,HL ML Road Tire - White- 42,82.0,M ,2012-01-31,
1941,AC-HE-222-62,HL Men's Bib - Red- 62,1487.0,S ,2014-12-20,
4151,CL-GL-673-42,ML Road - Black- 42,3010.0,R ,2018-05-25,2017-08-23
4118,CO-WH-515-48,LL ML Mountain Tire - Yellow- 48,1136.0,M ,2020-06-18,
5135,CL-SH-972-60,HL HL Road Front Wheel - Yellow- 60,1976.0,M ,2021-05-01,
2463,CO-FO-555-58,LL ML Road Front Wheel - Blue- 58,1929.0,S ,2012-01-04,
1929,AC-PA-877-38,ML HL Crankset - White- 38,1969.0,T ,2014-10-10,2016-12-05
2521,CL-SO-574-52,ML Hydration Pack - Blue- 52,,M ,2015-07-02,
3765,AC-HE-786-38,LL HL Mountain Handlebars - Silver- 38,636.0,T ,2024-09-18,
1409,CL-VE-965-48,HL Racing Socks - Black- 48,1685.0,M ,2015-07-25,2019-03-12
849,CO-SA-482-58,HL Mountain - Black- 58,3005.0,R ,2021-12-28,
6493,AC-BR-945-60,HL LL Mountain Pedal - Blue- 60,2296.0,T ,2011-01-14,
4185,CO-HB-656-42,LL LL Mountain Handlebars - Black- 42,1953.0,S ,2017-09-03,2020-11-04
375,AC-CL-897-60,LL HL Touring Frame - Blue- 60,687.0,M ,2021-07-12,2023-07-09
3406,AC-PA-906-62,LL HL Road Pedal - Black- 62,3491.0,T ,2012-09-18,2012-01-24
6813,CO-TF-177-44,LL Front Brakes - White- 44,3306.0,M ,2013-03-01,
4929,AC-TT-368-44,HL HL Bottom Bracket - Black- 44,1147.0,T ,2018-01-11,2019-02-14
740,CO-FO-872-38,HL Cable Lock - Yellow- 38,2533.0,S ,2013-01-26,2016-08-12
2829,CL-VE-371-44,LL Hydration Pack - Silver- 44,640.0,M ,2020-05-29,
6867,AC-TT-519-60,ML ML Bottom Bracket - Yellow- 60,1166.0,R ,2011-04-26,
1058,AC-FE-436-62,HL LL Road Front Wheel - White- 62,1490.0,M ,2020-08-28,
496,AC-LI-962-38,LL ML Mountain Pedal - Blue- 38,2827.0,S ,2022-05-19,2024-03-13
6332,CO-HS-363-52,LL ML Mountain Front Wheel - Silver- 52,1874.0,R ,2019-05-19,
4935,CL-CA-585-44,LL Classic Vest - Silver- 44,1668.0,R ,2016-02-17,2019-04-09
5071,CO-WH-559-48,ML ML Mountain Seat/Saddle - Yellow- 48,,R ,2016-04-21,2015-10-23
5638,CO-WH-720-52,LL HL Mountain Handlebars - Silver- 52,1031.0,T ,2016-12-10,
5075,AC-CL-907-42,ML HL Touring Handlebars - Blue- 42,3318.0,R ,2020-12-23,
6386,CO-MF-818-52,LL Fender Set - Yellow- 52,588.0,S ,2022-06-09,
1912,CO-HB-393-58,ML Road Bottle Cage - Red- 58,2294.0,M ,2014-09-09,
1680,CL-CA-305-48,LL LL Road Seat/Saddle - Silver- 48,1403.0,M ,2011-10-11,2013-06-21
1982,CO-CH-978-38,HL ML Mountain Tire - Yellow- 38,1339.0,S ,2012-04-10,2014-03-09
2236,CL-CA-554-44,HL LL Road Tire - White- 44,1769.0,S ,2023-11-02,2025-08-05
1744,CL-JE-176-62,HL HL Mountain Handlebars - Blue- 62,3055.0,M ,2013-07-18,
2121,AC-BC-227-38,ML HL Fork - Blue- 38,1276.0,M ,2023-12-17,
6520,CL-SO-856-44,LL Racing Socks - Red- 44,22.0,R ,2015-02-18,
3850,CL-SO-168-58,LL Touring - Red- 58,117.0,S ,2014-01-10,2015-05-06
1287,CL-SO-369-62,HL Rear Brakes - Yellow- 62,1974.0,M ,2021-02-24,2023-09-23
1825,CL-JE-403-48,HL ML Bottom Bracket - Silver- 48,1061.0,T ,2021-02-19,
886,AC-PU-196-62,LL ML Mountain Rear Wheel - White- 62,1201.0,R ,2013-01-10,
2857,CL-BS-876-52,ML HL Road Tire - Red- 52,1440.0,M ,2018-05-10,2021-02-08
2031,CL-VE-855-44,HL HL Mountain Seat/Saddle - Yellow- 44,440.0,T ,2020-12-22,
3410,CL-VE-602-58,ML ML Mountain Pedal - Blue- 58,1567.0,M ,2022-10-02,2024-06-21
5875,CL-JE-521-42,ML Women's Mountain Shorts - White- 42,2600.0,T ,2023-10-30,2026-12-05
4766,CO-PD-924-52,LL HL Crankset - Yellow- 52,1831.0,R ,2016-04-25,2018-02-10
2935,AC-PA-228-42,HL LL Fork - Silver- 42,2433.0,M ,2022-06-16,2024-01-18
6273,CO-CH-684-52,LL LL Mountain Pedal - Black- 52,2823.0,R ,2019-09-09,2022-05-23
565,AC-BR-288-38,ML Short - Blue- 38,2417.0,M ,2016-05-12,2021-04-10
2526,AC-CL-423-44,LL LL Mountain Pedal - Blue- 44,2895.0,R ,2024-11-09,2029-08-01
783,CL-BS-534-42,ML ML Mountain Tire - Black- 42,1323.0,M ,2019-10-04,
6666,CO-SA-112-58,HL HL Road Tire - Black- 58,1545.0,T ,2017-07-02,
1458,CO-TF-566-58,LL Touring Pedal - Yellow- 58,2141.0,,2015-02-07,
5967,AC-BC-195-52,LL LL Mountain Rear Wheel - Silver- 52,2587.0,T ,2012-02-24,
1516,CO-SA-494-58,LL LL Touring Frame - Red- 58,2678.0,R ,2015-07-02,
2701,CO-MF-718-38,LL Men's Bib - Silver- 38,709.0,R ,2014-06-19,
4164,AC-LO-589-58,ML ML Road Frame - Silver- 58,2596.0,M ,2022-08-31,
5956,CO-HB-529-48,ML Racing Socks - Silver- 48,1916.0,M ,2011-08-25,
2705,CL-TI-141-42,LL HL Headset - Black- 42,2912.0,R ,2015-02-20,2018-08-05
6426,CO-BB-961-38,HL LL Road Rear Wheel - Black- 38,1646.0,M ,2018-01-02,2021-07-09
1515,CO-BR-893-52,HL Touring Rear Wheel - Yellow- 52,3198.0,S ,2019-05-06,
1042,AC-LI-665-52,ML HL Road Rear Wheel - Blue- 52,175.0,M ,2020-07-10,2024-12-09
6069,AC-LO-675-38,LL LL Road Tire - Silver- 38,2720.0,M ,2025-02-24,
2423,CO-TF-236-60,HL HL Mountain Tire - Blue- 60,568.0,M ,2023-08-23,2024-03-26
749,CO-PD-588-42,LL Road Tire Tube - Blue- 42,1444.0,S ,2022-08-05,2025-05-17
1421,CO-BB-368-44,ML Women's Mountain Shorts - White- 44,1724.0,S ,2023-12-23,2025-05-06
3784,AC-FE-393-58,LL Touring Tire Tube - Silver- 58,3241.0,S ,2024-03-17,
6787,CO-HS-963-42,HL HL Road Front Wheel - Red- 42,1095.0,M ,2018-12-26,2019-09-03
1103,AC-FE-207-44,ML Sport - Black- 44,3434.0,R ,2021-04-10,
3158,CL-TI-877-44,ML HL Mountain Front Wheel - Silver- 44,422.0,M ,2024-01-09,
4345,AC-LI-749-44,HL HL Road Handlebars - Red- 44,609.0,R ,2018-02-05,2019-06-16
1264,CO-DE-748-58,ML HL Road Handlebars - White- 58,3367.0,T ,2016-12-19,
4427,CO-MF-741-44,LL LL Mountain Front Wheel - White- 44,890.0,M ,2023-03-23,2023-12-11
2506,BI-RB-419-60,HL Touring Tire Tube - Red- 60,461.0,R ,2020-03-12,2021-02-02
6740,CL-SO-416-42,LL ML Touring Seat/Saddle - Yellow- 42,2933.0,R ,2015-12-10,
1266,CO-RF-774-60,ML Touring Rear Wheel - White- 60,1982.0,T ,2012-02-01,
5990,BI-TB-929-62,ML Taillights - White- 62,954.0,S ,2021-06-18,
3523,CO-HS-663-42,LL LL Road Seat/Saddle - Blue- 42,2991.0,M ,2013-03-05,
3687,AC-BC-300-42,ML Cable Lock - Blue- 42,1479.0,T ,2021-01-10,2025-11-02
1155,CL-SH-284-62,HL Road - Blue- 62,1294.0,,2021-02-21,
2023,AC-LO-497-58,HL LL Road Rear Wheel - Yellow- 58,1992.0,M ,2020-12-07,
4117,CL-VE-109-44,ML LL Mountain Rear Wheel - Black- 44,271.0,,2016-05-03,2019-03-07
5077,CO-PD-615-62,HL HL Mountain Tire - White- 62,983.0,M ,2020-01-05,
3276,AC-FE-613-48,ML HL Fork - Silver- 48,1329.0,M ,2024-02-07,
3848,AC-BC-641-38,ML LL Mountain Rear Wheel - Silver- 38,,S ,2019-08-15,
507,CO-HB-128-48,HL Women's Mountain Shorts - White- 48,2153.0,R ,2019-01-23,
5100,CL-JE-427-48,HL ML Mountain Handlebars - Yellow- 48,,S ,2018-04-30,
5682,CL-CA-497-58,HL HL Road Frame - Blue- 58,3032.0,S ,2015-06-03,2019-01-01
5148,CO-BR-285-44,ML Classic Vest - Yellow- 44,2782.0,M ,2025-03-01,2028-01-09
4397,CO-BR-563-60,LL LL Fork - Black- 60,1542.0,T ,2022-10-03,2026-12-20
1782,BI-MB-568-52,HL LL Touring Frame - Red- 52,2456.0,M ,2022-02-09,2024-10-06
556,CO-TF-647-38,LL LL Crankset - Yellow- 38,1533.0,R ,2014-03-11,
1957,AC-HE-274-52,HL HL Fork - Red- 52,2009.0,S ,2012-09-29,2017-03-03
5405,AC-CL-358-42,HL Women's Mountain Shorts - Black- 42,2320.0,T ,2015-02-25,2017-09-01
2176,AC-TT-750-42,ML HL Road Frame - Red- 42,,R ,2016-04-19,2016-12-27
5785,AC-PU-684-48,LL Full - Silver- 48,2506.0,T ,2017-12-31,
3709,CO-PD-522-48,ML Mountain Pump - Blue- 48,929.0,M ,2019-12-11,
3716,CO-WH-164-44,HL HL Mountain Handlebars - Blue- 44,714.0,M ,2018-11-30,2020-06-14
5334,CO-SA-460-58,LL Men's Sports Shorts - Yellow- 58,,M ,2022-11-04,
1776,AC-LI-988-62,HL Fender Set - White- 62,256.0,T ,2016-06-08,
5215,CO-BB-489-52,ML HL Touring Frame - Silver- 52,2321.0,T ,2024-07-20,2028-02-26
4822,CL-TI-876-62,ML Road - Black- 62,899.0,S ,2021-08-18,2026-03-28
1203,AC-LO-845-44,HL Cable Lock - Blue- 44,438.0,R ,2011-04-13,
1711,AC-LI-955-44,HL Water Bottle - Yellow- 44,3435.0,M ,2017-12-11,
661,CO-MF-843-60,ML Touring - White- 60,2979.0,T ,2014-06-02,
4184,CL-CA-717-62,ML Mountain Bottle Cage - Silver- 62,35.0,T ,2021-06-25,2024-07-08
2124,BI-TB-885-42,ML Touring Front Wheel - Black- 42,3256.0,T ,2015-06-25,
3901,CL-SH-475-48,ML Sport - Yellow- 48,3134.0,S ,2016-06-27,
6588,AC-LO-394-44,ML LL Road Handlebars - Blue- 44,1044.0,R ,2012-03-14,2013-11-28
3074,CO-HB-614-52,LL LL Mountain Rear Wheel - Blue- 52,3257.0,M ,2025-03-08,
690,AC-BR-897-44,HL ML Touring Seat/Saddle - Blue- 44,1427.0,S ,2016-07-06,2021-01-18
3583,CO-HB-941-38,ML HL Mountain Tire - Blue- 38,1011.0,R ,2011-04-10,2015-10-22
6555,CO-CS-639-52,LL LL Touring Frame - White- 52,540.0,M ,2021-10-30,
3925,CO-TF-382-48,LL HL Road Rear Wheel - Silver- 48,3140.0,S ,2016-04-20,
3946,AC-LO-886-52,LL Mountain Tire Tube - Black- 52,3025.0,M ,2015-07-08,2016-04-27
4792,CO-HS-873-48,HL Bike Wash - Black- 48,2848.0,,2023-05-19,2026-02-06
683,BI-TB-172-60,LL Road Tire Tube - White- 60,163.0,M ,2017-09-03,
6521,CO-DE-586-60,HL LL Road Pedal - Black- 60,489.0,R ,2023-11-09,
2161,AC-HP-892-62,ML HL Road Frame - White- 62,987.0,T ,2020-10-04,2022-08-06
2392,CO-WH-400-44,HL Full - Yellow- 44,689.0,M ,2018-08-06,
3555,AC-HE-681-38,ML Men's Sports Shorts - Silver- 38,373.0,T ,2014-12-12,
5206,AC-BC-138-52,ML Taillights - Black- 52,2096.0,M ,2013-08-15,2018-05-18
5302,CO-HS-865-60,LL LL Mountain Seat/Saddle - Blue- 60,3057.0,M ,2023-06-02,
6325,CO-HB-702-62,ML Rear Derailleur - Yellow- 62,33.0,R ,2022-01-12,
6225,AC-TT-384-38,ML LL Mountain Pedal - Red- 38,146.0,T ,2024-03-21,
2549,AC-FE-909-48,HL HL Mountain Seat/Saddle - Red- 48,510.0,S ,2020-05-19,2021-03-20
3757,CO-CS-864-38,LL HL Mountain Tire - White- 38,,T ,2023-11-06,
934,AC-HE-860-52,LL AWC Logo Cap - Silver- 52,1706.0,S ,2021-03-16,
560,BI-MB-755-60,ML LL Road Front Wheel - Yellow- 60,1324.0,R ,2023-01-18,
975,AC-BR-353-52,LL ML Road Seat/Saddle - White- 52,,R ,2023-08-04,
5312,CO-BR-986-38,HL Men's Sports Shorts - Blue- 38,893.0,R ,2019-09-28,2022-03-07
398,BI-MB-613-58,HL LL Road Handlebars - Red- 58,,R ,2013-12-10,
4623,CO-PD-146-48,LL HL Mountain Pedal - White- 48,366.0,R ,2018-07-16,2020-03-17
4732,CO-FO-473-42,ML HL Mountain Seat/Saddle - Yellow- 42,2115.0,M ,2011-12-01,
4487,CO-WH-189-58,ML LL Mountain Frame - Black- 58,,T ,2015-12-30,
2864,CO-CS-748-38,ML HL Mountain Tire - Blue- 38,2242.0,T ,2022-02-15,
5568,BI-MB-933-48,ML LL Mountain Front Wheel - White- 48,2627.0,S ,2020-11-22,
6012,BI-TB-199-48,HL HL Mountain Seat/Saddle - White- 48,1955.0,T ,2022-02-21,2024-08-12
3617,CL-CA-892-48,ML HL Mountain Tire - Black- 48,2089.0,T ,2024-12-16,
870,AC-BR-680-58,ML LL Road Seat/Saddle - Black- 58,2503.0,S ,2019-08-13,
4596,CL-SH-508-48,LL LL Mountain Seat/Saddle - Red- 48,-435.0,T ,2024-04-21,
4447,CO-HS-190-44,ML Road - Yellow- 44,1902.0,M ,2016-06-17,
6354,CL-JE-823-58,LL HL Mountain Tire - White- 58,183.0,S ,2012-05-14,
3686,CO-DE-661-42,LL HL Touring Handlebars - Yellow- 42,2129.0,,2019-02-22,
2065,AC-LO-538-52,HL ML Mountain Pedal - Black- 52,898.0,S ,2017-09-19,2020-02-01
5613,AC-BS-318-42,LL HL Headset - Blue- 42,3121.0,R ,2015-12-02,2018-10-15
4443,CO-HS-350-42,HL Road - Red- 42,2790.0,M ,2013-11-14,
1802,CO-BB-488-60,ML HL Mountain Front Wheel - Red- 60,455.0,,2011-03-05,
3287,AC-FE-230-58,HL HL Road Rear Wheel - Black- 58,2733.0,,2019-06-23,2022-01-04
4722,BI-TB-620-60,ML HL Fork - White- 60,1264.0,R ,2018-07-17,2020-03-06
1830,CO-HB-976-58,LL Women's Mountain Shorts - Silver- 58,95.0,T ,2021-07-21,
3439,AC-BC-631-38,ML LL Bottom Bracket - Black- 38,934.0,S ,2024-11-01,
4124,CO-HS-684-58,LL Chain - Blue- 58,190.0,T ,2015-08-22,
3040,CO-FO-225-48,ML LL Road Handlebars - Silver- 48,2716.0,T ,2014-03-31,2016-05-20
1194,CO-TF-455-48,HL Mountain - Black- 48,1671.0,T ,2014-11-11,
5332,CL-SO-778-62,LL Water Bottle - Silver- 62,1943.0,S ,2020-08-14,
694,AC-BC-795-52,LL HL Touring Frame - Yellow- 52,1230.0,T ,2019-10-12,2023-10-06
6148,CL-BS-761-38,ML Touring Pedal - Yellow- 38,-936.0,T ,2019-06-08,
1812,CL-BS-851-48,HL ML Crankset - Red- 48,2115.0,R ,2014-10-14,
6365,CO-MF-581-38,ML HL Bottom Bracket - Yellow- 38,2026.0,S ,2014-12-23,
4165,CL-SO-439-52,LL HL Crankset - White- 52,-2263.0,M ,2024-08-15,
5039,AC-CL-879-44,LL Men's Sports Shorts - Silver- 44,2388.0,S ,2020-06-24,
2045,CO-TF-964-44,LL ML Road Rear Wheel - Yellow- 44,2964.0,R ,2013-06-29,2018-03-03
1017,CO-SA-589-38,LL ML Road Tire - Yellow- 38,3322.0,T ,2011-12-19,2015-03-02
634,CL-TI-671-58,ML LL Mountain Pedal - White- 58,691.0,R ,2024-01-09,2028-08-17
6166,CO-WH-483-44,HL Road - Red- 44,,M ,2015-01-17,
5790,CL-JE-243-38,ML HL Road Handlebars - Black- 38,2944.0,R ,2023-05-14,
3510,CL-CA-309-38,HL HL Road Handlebars - Red- 38,2245.0,T ,2020-07-16,
1814,CO-BB-209-60,ML Hitch Rack - Red- 60,1709.0,S ,2015-11-21,
1842,AC-BR-775-38,ML Mountain Tire Tube - Silver- 38,2361.0,T ,2016-12-08,2019-10-01
2680,CL-JE-794-38,LL LL Crankset - Blue- 38,307.0,M ,2021-10-06,2023-11-15
3172,CO-FO-362-60,ML Mountain Pump - Black- 60,1510.0,R ,2017-06-18,2020-01-06
4533,CO-TF-394-58,HL ML Road Tire - Silver- 58,920.0,R ,2023-05-30,2027-12-26
5783,AC-BR-976-58,HL ML Road Front Wheel - Silver- 58,1955.0,T ,2024-09-21,2025-10-07
2775,CO-RF-553-42,LL Mountain Bottle Cage - White- 42,526.0,R ,2017-11-13,
4717,CO-PD-855-44,LL HL Road Handlebars - Silver- 44,181.0,S ,2020-05-15,
6896,CO-PD-168-44,LL Water Bottle - Red- 44,,M ,2023-10-31,2026-05-16
295,CO-CS-506-42,ML Mountain Tire Tube - White- 42,,,2022-08-30,2026-10-29
3088,AC-LI-777-52,ML ML Crankset - Silver- 52,648.0,S ,2020-06-20,
6831,CL-SH-857-58,ML LL Mountain Handlebars - White- 58,1043.0,R ,2013-03-21,2017-01-24
6178,AC-FE-104-60,LL LL Mountain Front Wheel - Blue- 60,491.0,R ,2021-09-29,2026-07-31
3695,AC-LO-676-58,ML HL Road Rear Wheel - Black- 58,1439.0,R ,2021-02-04,
1827,CO-FO-795-38,ML ML Mountain Tire - Yellow- 38,1621.0,S ,2017-10-20,
4070,AC-TT-620-48,HL Men's Sports Shorts - Red- 48,2984.0,M ,2012-04-30,
1312,CO-WH-784-58,ML LL Mountain Tire - Blue- 58,588.0,S ,2014-06-29,
2640,CO-MF-199-58,HL LL Mountain Frame - Silver- 58,1224.0,S ,2022-12-20,
293,CO-PD-981-52,ML Mountain Pump - Blue- 52,,S ,2011-06-11,
5114,CO-DE-642-44,LL Women's Tights - Blue- 44,277.0,R ,2022-04-02,2023-09-16
4857,CO-SA-751-42,HL LL Bottom Bracket - Yellow- 42,1661.0,R ,2011-03-16,2012-08-30
3838,CL-JE-480-62,LL Classic Vest - Blue- 62,2763.0,R ,2017-09-30,2019-03-07
4729,AC-LO-780-62,ML ML Road Rear Wheel - Black- 62,1937.0,,2016-11-27,
1578,AC-BR-964-60,HL LL Road Frame - White- 60,3387.0,T ,2015-01-09,2018-01-13
2398,BI-RB-404-42,HL LL Road Seat/Saddle - Black- 42,,R ,2022-06-06,
6105,CL-SH-518-62,HL Short - Blue- 62,934.0,,2014-12-28,2018-03-12
6211,AC-CL-236-48,LL ML Road Pedal - Black- 48,344.0,R ,2017-03-27,
5660,CO-BB-375-48,LL HL Road Seat/Saddle - Red- 48,1204.0,R ,2019-01-25,
299,CO-TF-228-44,HL Chain - Silver- 44,2092.0,R ,2013-12-27,
292,CO-PD-487-60,LL Bike Wash - Yellow- 60,,S ,2011-06-28,
6799,CO-FO-413-42,HL ML Mountain Rear Wheel - Red- 42,3200.0,T ,2021-05-03,2023-01-05
6274,BI-RB-556-38,ML ML Crankset - Black- 38,843.0,S ,2013-04-21,2014-03-23
3361,AC-BC-154-38,ML LL Mountain Front Wheel - Silver- 38,3434.0,R ,2025-03-02,2029-12-04
2342,AC-BR-698-44,LL Headlights - Blue- 44,779.0,M ,2022-04-20,2024-02-25
3679,AC-PA-924-60,HL Bike Wash - Red- 60,1188.0,R ,2022-06-18,2021-12-04
271,CO-HS-159-42,LL ML Bottom Bracket - White- 42,2353.0,M ,2016-12-08,
3294,AC-PA-243-58,HL HL Crankset - Black- 58,1849.0,M ,2023-04-10,
1117,CO-SA-180-42,ML All - Silver- 42,1128.0,M ,2025-01-29,2026-12-27
2264,AC-CL-766-42,LL LL Road Seat/Saddle - Yellow- 42,1889.0,M ,2016-09-23,
5490,CL-SH-584-44,LL Racing Socks - White- 44,2704.0,T ,2011-09-18,2013-01-25
2074,CL-TI-322-42,LL Front Derailleur - Black- 42,1868.0,T ,2021-03-19,
5383,AC-LO-777-60,LL ML Mountain Frame - Red- 60,2732.0,M ,2022-04-23,
1728,AC-HP-734-62,ML HL Mountain Seat/Saddle - Silver- 62,820.0,R ,2018-04-25,2021-02-02
4354,CO-CS-770-48,ML HL Mountain Front Wheel - Yellow- 48,3288.0,S ,2014-03-23,
4817,AC-TT-604-38,ML Headlights - Red- 38,3432.0,M ,2016-09-16,
5915,AC-LO-861-60,ML LL Road Seat/Saddle - Silver- 60,3307.0,M ,2022-06-07,2024-03-04
1111,AC-FE-559-44,LL HL Mountain Rear Wheel - Yellow- 44,,S ,2013-12-08,2014-10-04
1557,BI-TB-940-62,LL Headlights - Blue- 62,674.0,S ,2020-01-17,
6855,AC-BS-721-60,ML Mountain - Yellow- 60,1949.0,R ,2022-11-16,
5387,AC-PU-703-58,ML Headlights - Blue- 58,610.0,R ,2012-09-20,
3750,CL-SH-924-48,ML ML Mountain Front Wheel - Black- 48,,R ,2020-01-06,
5510,CO-TF-735-62,LL ML Mountain Frame - Silver- 62,2427.0,T ,2023-02-06,2026-12-03
318,CO-HB-108-60,LL HL Road Handlebars - Silver- 60,3438.0,M ,2011-03-27,
2806,AC-CL-818-62,LL HL Mountain Seat/Saddle - Blue- 62,889.0,R ,2013-04-20,2016-01-09
3087,AC-LI-283-48,HL Short - Black- 48,1204.0,R ,2021-09-05,
5590,AC-BC-287-42,LL Taillights - Blue- 42,2262.0,,2017-04-24,
6369,CL-TI-493-52,LL AWC Logo Cap - Silver- 52,780.0,R ,2013-12-09,
3231,CO-FO-759-60,ML LL Mountain Handlebars - White- 60,362.0,T ,2023-12-27,
6439,AC-HP-833-44,LL Bike Wash - Red- 44,,R ,2021-04-11,
2917,AC-HE-905-62,LL ML Road Handlebars - Silver- 62,1818.0,T ,2020-08-21,
4003,CO-DE-133-38,ML LL Mountain Seat/Saddle - Black- 38,2027.0,R ,2017-11-15,2021-07-27
6115,CO-HB-598-38,LL LL Headset - Blue- 38,885.0,S ,2018-10-05,
3324,CL-TI-162-44,HL Men's Bib - Silver- 44,2867.0,S ,2021-06-26,2026-04-17
1689,BI-MB-440-52,ML ML Fork - Blue- 52,3028.0,M ,2018-01-12,
3609,CO-PD-782-44,HL HL Bottom Bracket - Black- 44,2765.0,T ,2017-01-28,2021-03-08
6472,CL-SH-263-42,HL Women's Tights - Red- 42,2322.0,,2025-01-13,
2940,CO-DE-215-52,HL LL Road Rear Wheel - Red- 52,9.0,R ,2024-02-04,
3420,AC-HP-192-38,HL LL Mountain Seat/Saddle - Blue- 38,991.0,T ,2016-12-13,2021-09-19
3524,CO-BR-369-48,ML ML Mountain Tire - Blue- 48,2589.0,,2017-07-11,2021-08-09
5604,AC-LO-833-44,LL Rear Brakes - Red- 44,2366.0,M ,2015-11-01,
737,AC-BR-390-52,ML Front Derailleur - Black- 52,,M ,2016-07-02,
5414,BI-TB-541-60,ML HL Mountain Front Wheel - Black- 60,1018.0,M ,2024-08-15,
2403,CL-TI-959-44,HL HL Mountain Rear Wheel - Silver- 44,802.0,R ,2017-02-17,
6643,AC-BS-518-52,HL Front Brakes - Silver- 52,,T ,2012-07-26,2017-04-24
1402,CO-PD-305-58,LL LL Fork - White- 58,527.0,M ,2020-10-26,
1706,CO-FO-989-48,HL Fender Set - Black- 48,1064.0,T ,2016-05-19,2020-07-04
5048,CO-HB-267-44,ML ML Road Pedal - Blue- 44,1456.0,S ,2024-06-05,2025-10-15
791,AC-BR-976-42,HL Classic Vest - Yellow- 42,987.0,S ,2019-12-29,
6410,CO-DE-959-44,HL Patch Kit/8 Patches - Black- 44,2118.0,M ,2023-07-16,
4600,AC-LO-339-38,HL Road Tire Tube - Yellow- 38,1692.0,T ,2018-01-11,
865,AC-CL-797-38,ML LL Road Handlebars - Red- 38,526.0,T ,2015-12-10,2019-09-04
3036,AC-CL-319-44,ML ML Road Rear Wheel - White- 44,2597.0,T ,2014-08-17,
1208,CO-CH-312-44,ML ML Road Handlebars - Black- 44,2737.0,S ,2024-11-15,2028-11-25
6297,CO-TF-958-42,HL LL Road Tire - White- 42,2087.0,S ,2014-03-13,2018-10-17
5562,AC-PA-666-62,ML ML Mountain Rear Wheel - Blue- 62,,R ,2022-10-06,
1592,CO-CH-937-44,LL Taillights - Black- 44,3067.0,M ,2018-02-09,2019-06-28
2053,AC-TT-400-44,HL Rear Brakes - White- 44,2802.0,T ,2024-04-29,2028-04-30
5965,AC-FE-137-62,ML Touring Rear Wheel - Silver- 62,756.0,R ,2011-04-11,
4825,CL-GL-745-42,LL ML Touring Seat/Saddle - Blue- 42,2411.0,T ,2019-02-14,
1428,AC-FE-973-52,HL ML Headset - Blue- 52,939.0,M ,2018-07-03,
4190,CO-BR-318-58,ML LL Headset - Silver- 58,2158.0,M ,2024-03-31,2026-09-04
858,AC-TT-885-48,ML Touring Pedal - Silver- 48,1996.0,T ,2021-01-09,2022-08-02
3403,AC-LO-786-44,HL ML Mountain Tire - Blue- 44,346.0,R ,2015-05-12,2016-03-14
5996,CO-SA-890-42,LL Mountain Bottle Cage - Silver- 42,2639.0,M ,2016-08-25,
2026,CO-RF-848-44,ML Mountain Tire Tube - White- 44,1941.0,T ,2018-03-14,
4906,CO-PD-874-48,LL LL Mountain Pedal - Red- 48,3357.0,S ,2023-02-22,2027-07-14
1461,CL-SO-694-58,LL ML Road Tire - Red- 58,,R ,2012-04-29,
1623,AC-LI-219-52,ML LL Touring Handlebars - White- 52,639.0,T ,2021-02-04,2025-07-08
3875,BI-TB-607-44,HL LL Crankset - Black- 44,887.0,M ,2018-07-26,
6409,CL-BS-961-60,ML HL Bottom Bracket - Yellow- 60,2450.0,T ,2016-08-02,
6151,AC-BC-309-44,LL LL Touring Frame - Red- 44,2213.0,S ,2015-02-03,
6358,CO-DE-218-60,ML ML Mountain Frame - Black- 60,641.0,R ,2016-03-03,
3100,AC-PU-437-62,ML LL Road Pedal - Yellow- 62,,M ,2019-04-05,
2784,CO-CS-827-60,ML LL Mountain Front Wheel - Silver- 60,1867.0,S ,2021-07-01,2025-05-15
4860,CL-JE-257-48,LL HL Fork - Silver- 48,366.0,M ,2021-09-08,
4586,BI-TB-899-52,ML ML Bottom Bracket - Blue- 52,315.0,S ,2013-05-18,
3756,CL-CA-941-48,LL Mountain Tire Tube - Red- 48,1312.0,R ,2016-05-24,2018-05-17
2069,CO-HB-781-62,LL Racing Socks - Black- 62,549.0,M ,2023-08-31,
1354,CL-SH-400-62,HL Touring Pedal - Yellow- 62,2502.0,T ,2015-09-17,2016-05-13
3076,CL-SH-609-58,ML Mountain - Silver- 58,2234.0,S ,2019-10-17,2020-08-07
4800,AC-PU-518-60,ML LL Road Handlebars - Silver- 60,636.0,T ,2013-04-02,
1764,AC-FE-638-38,LL HL Mountain Pedal - Red- 38,2411.0,R ,2018-07-29,2021-04-24
3769,AC-TT-447-44,LL HL Mountain Frame - Black- 44,3359.0,T ,2018-09-29,
1868,CO-WH-139-48,LL Mountain Tire Tube - Red- 48,3208.0,M ,2022-05-03,
3650,CO-TF-585-48,ML Road Bottle Cage - White- 48,3430.0,T ,2012-09-25,2017-03-30
4378,CO-TF-732-52,HL ML Mountain Front Wheel - White- 52,384.0,S ,2021-10-04,2025-08-02
537,BI-TB-606-42,LL LL Mountain Rear Wheel - Red- 42,405.0,S ,2017-03-22,
2306,CO-RF-642-44,HL LL Touring Handlebars - Silver- 44,245.0,R ,2017-08-25,2021-06-30
1121,AC-PU-495-58,LL ML Mountain Frame - Silver- 58,450.0,R ,2018-10-12,
337,CO-CH-593-52,HL ML Road Pedal - White- 52,919.0,S ,2015-11-14,2018-12-09
253,CL-SO-902-62,LL HL Touring Handlebars - White- 62,3491.0,M ,2013-01-14,
4221,CO-DE-378-58,HL Men's Sports Shorts - Black- 58,1475.0,R ,2012-02-15,
5545,AC-BS-351-48,LL All - Red- 48,1627.0,S ,2017-09-16,
2503,AC-BR-864-42,ML HL Road Handlebars - Black- 42,2343.0,T ,2017-08-27,2022-07-02
5019,AC-TT-762-48,HL Touring Rear Wheel - Silver- 48,735.0,S ,2014-11-21,
5317,CL-SO-772-44,ML Hitch Rack - Black- 44,3088.0,R ,2011-12-05,2013-09-12
4028,AC-BS-639-42,LL Mountain Pump - Silver- 42,,S ,2020-01-20,2023-01-01
4131,AC-BS-452-44,LL Chain - Yellow- 44,377.0,S ,2020-05-12,
4312,CO-CS-881-60,ML Road - White- 60,691.0,T ,2019-05-08,2023-10-21
4106,CO-CS-249-62,HL LL Mountain Seat/Saddle - Black- 62,1869.0,T ,2018-11-03,2022-01-13
3763,CO-CS-502-48,HL Hitch Rack - Red- 48,2593.0,T ,2023-05-15,2026-02-01
500,CO-PD-231-52,LL Racing Socks - Blue- 52,1871.0,M ,2016-04-25,2017-09-16
680,AC-BS-343-58,ML ML Mountain Frame - Yellow- 58,3264.0,M ,2023-09-13,
1758,CL-SO-680-52,ML ML Road Rear Wheel - Black- 52,1822.0,R ,2024-01-29,2028-06-15
5751,CO-TF-574-60,LL Hydration Pack - White- 60,2126.0,S ,2016-08-27,
6733,CL-BS-130-48,HL AWC Logo Cap - Red- 48,792.0,S ,2019-10-11,
3911,BI-RB-579-48,HL LL Headset - Blue- 48,3336.0,S ,2016-01-14,
1951,CO-HB-384-62,HL ML Road Seat/Saddle - White- 62,862.0,M ,2021-01-08,
2710,CO-TF-172-52,HL HL Road Rear Wheel - Silver- 52,2115.0,S ,2011-03-13,
6402,AC-BC-853-42,ML LL Touring Seat/Saddle - Red- 42,2808.0,R ,2015-07-23,
1677,AC-CL-675-48,HL ML Mountain Tire - Blue- 48,2521.0,M ,2022-05-13,
2237,CO-DE-652-58,HL LL Road Pedal - Red- 58,,S ,2015-03-17,
4088,CO-HS-688-48,ML Rear Derailleur - White- 48,549.0,T ,2015-02-27,2017-08-06
1063,AC-TT-591-44,HL Mountain Bike Socks - Silver- 44,975.0,R ,2019-11-16,
4148,AC-BC-782-48,ML Minipump - Yellow- 48,3268.0,R ,2024-03-01,
5245,CL-VE-417-48,ML LL Headset - Black- 48,1536.0,M ,2022-05-29,
4211,AC-CL-530-38,LL Road - Silver- 38,282.0,M ,2023-05-07,
2320,CL-TI-657-44,ML ML Mountain Pedal - Yellow- 44,,S ,2023-11-13,
6277,AC-LO-486-62,HL Patch Kit/8 Patches - Red- 62,939.0,R ,2014-09-09,
4542,AC-HE-768-58,HL Short - Blue- 58,1441.0,R ,2020-04-03,
6411,AC-PU-994-44,LL LL Bottom Bracket - Silver- 44,3107.0,R ,2011-02-27,
804,CO-RF-265-44,LL Short - Silver- 44,1690.0,S ,2012-09-15,
2855,CO-BB-882-52,ML LL Road Front Wheel - Red- 52,2525.0,M ,2014-04-19,2018-06-11
1085,CL-CA-818-62,LL Road Bottle Cage - Silver- 62,666.0,M ,2014-01-15,
5836,CO-HS-329-52,LL LL Headset - White- 52,3478.0,R ,2019-05-14,2020-01-17
4907,CO-DE-948-48,HL ML Road Seat/Saddle - White- 48,1018.0,S ,2012-04-11,2014-04-08
6634,AC-BR-658-44,HL Classic Vest - Black- 44,3035.0,S ,2011-05-14,
4100,CO-HS-169-48,LL Women's Tights - White- 48,130.0,R ,2011-07-19,
3831,CO-RF-356-38,HL HL Mountain Tire - Red- 38,932.0,R ,2014-04-17,
4579,AC-PA-783-58,HL ML Road Frame - Blue- 58,3381.0,T ,2017-04-29,
902,CL-VE-605-38,LL HL Headset - White- 38,1529.0,R ,2016-08-09,
5995,AC-TT-834-48,HL Cable Lock - Silver- 48,494.0,M ,2023-10-21,
4111,CO-DE-797-42,HL Mountain Bike Socks - Yellow- 42,2126.0,M ,2023-10-19,2027-05-07
4539,AC-HE-362-52,ML HL Touring Handlebars - Black- 52,1984.0,R ,2013-10-16,
6647,CL-BS-598-52,HL Touring Front Wheel - Red- 52,2439.0,T ,2021-12-27,2026-07-20
5061,AC-HP-633-58,HL ML Mountain Pedal - Black- 58,2606.0,T ,2017-06-09,
4404,CO-SA-730-62,LL HL Touring Frame - Black- 62,1663.0,,2017-10-09,2021-04-05
4276,AC-TT-953-38,LL AWC Logo Cap - Yellow- 38,2875.0,,2012-06-07,2016-01-07
5403,CO-CS-690-60,LL Mountain - Black- 60,1728.0,T ,2021-10-13,2024-10-24
687,CO-CH-279-62,HL Taillights - Silver- 62,1367.0,S ,2014-04-03,
1474,AC-HE-215-52,LL Rear Derailleur - White- 52,603.0,T ,2025-01-29,2027-06-24
5504,CL-VE-811-42,ML LL Mountain Front Wheel - White- 42,1696.0,T ,2015-02-07,
4677,AC-BR-203-48,LL Sport - Black- 48,2621.0,R ,2018-07-14,
6679,AC-CL-375-48,HL Women's Tights - Red- 48,32.0,T ,2018-03-02,2021-04-02
5554,BI-RB-684-44,ML Touring Pedal - Silver- 44,1637.0,,2019-04-19,
4417,CO-SA-360-44,HL Chain - Silver- 44,853.0,R ,2013-02-27,
1071,AC-CL-948-38,LL LL Crankset - Silver- 38,3298.0,M ,2015-08-01,2015-06-24
2401,CL-VE-750-48,HL ML Mountain Frame - Red- 48,,S ,2015-04-12,
1822,CO-BB-602-60,LL Mountain Bike Socks - Red- 60,,S ,2022-11-30,
941,AC-CL-751-44,HL Women's Mountain Shorts - Black- 44,2854.0,S ,2023-12-14,
853,CL-VE-365-42,HL Touring Front Wheel - Black- 42,2454.0,T ,2020-01-29,
2458,CO-SA-308-44,ML HL Touring Seat/Saddle - Blue- 44,3485.0,S ,2017-09-10,2021-01-18
6898,CO-RF-356-38,HL HL Mountain Tire - Red- 38,932.0,R ,2014-04-17,
4737,AC-PU-306-58,LL Touring - Red- 58,2416.0,S ,2013-12-29,2016-06-16
6459,CO-SA-103-48,ML Mountain Tire Tube - Blue- 48,2530.0,T ,2016-09-13,
1732,AC-HE-331-38,ML Touring Tire - Silver- 38,1860.0,T ,2023-04-19,2025-03-02
821,CO-HB-499-38,HL Minipump - Silver- 38,2819.0,S ,2016-08-14,2018-08-31
369,CO-CH-563-58,LL Half - Silver- 58,534.0,S ,2020-07-28,
1136,CO-RF-687-38,HL ML Road Front Wheel - Black- 38,3097.0,R ,2018-12-15,2023-05-15
4499,CO-FO-234-62,LL HL Road Tire - White- 62,3384.0,S ,2021-11-07,
1015,CO-HB-945-38,LL LL Touring Frame - White- 38,3441.0,T ,2017-09-26,2018-08-20
6208,AC-PU-338-48,ML ML Mountain Front Wheel - Yellow- 48,612.0,R ,2013-09-19,2016-01-31
4399,CL-JE-100-42,LL Road - Yellow- 42,627.0,S ,2018-11-30,2022-04-08
4798,CL-VE-584-44,ML Mountain Bike Socks - Black- 44,81.0,S ,2015-05-22,
4032,CO-CS-886-62,HL Racing Socks - Yellow- 62,2049.0,,2024-09-11,
6526,CL-GL-838-42,HL HL Mountain Front Wheel - White- 42,2733.0,R ,2011-09-20,
974,CL-BS-102-58,LL HL Road Handlebars - Blue- 58,887.0,,2014-08-23,2015-03-20
3120,CL-GL-455-60,LL Touring Rear Wheel - Yellow- 60,,T ,2015-04-15,2019-03-05
5337,CO-CH-337-60,LL LL Road Pedal - Blue- 60,2817.0,,2018-06-29,
5051,AC-HP-419-38,HL Rear Derailleur - Blue- 38,1422.0,R ,2014-11-26,
2241,CO-WH-950-42,ML HL Road Pedal - Silver- 42,3495.0,M ,2013-11-19,
3458,AC-TT-970-52,HL ML Bottom Bracket - White- 52,,S ,2022-05-28,2025-05-09
4093,CL-JE-857-58,LL LL Mountain Rear Wheel - Yellow- 58,1942.0,R ,2021-04-23,2026-01-27
262,AC-FE-851-42,ML Front Derailleur - White- 42,910.0,,2020-03-10,2021-06-25
1464,CO-BB-238-62,LL Taillights - Yellow- 62,670.0,M ,2019-09-17,
5628,AC-HE-283-48,LL ML Mountain Frame - Blue- 48,2975.0,S ,2018-11-20,
2425,AC-CL-136-44,LL ML Road Frame - Yellow- 44,1384.0,R ,2022-01-08,2022-09-04
965,CL-SH-956-60,ML LL Road Frame - Red- 60,,S ,2020-01-31,2022-02-10
5893,AC-FE-644-62,ML ML Mountain Handlebars - Blue- 62,1363.0,S ,2017-04-24,
1687,CO-CS-158-60,ML ML Mountain Rear Wheel - White- 60,1886.0,R ,2011-12-08,
730,CL-GL-254-44,LL Rear Derailleur - Yellow- 44,3409.0,S ,2012-04-24,
5059,CO-HB-259-62,ML Mountain Tire Tube - Black- 62,1884.0,S ,2019-03-26,2021-01-22
4880,CO-BR-640-62,HL Rear Brakes - Red- 62,2279.0,S ,2025-02-16,
2400,AC-PU-669-58,HL Touring Tire - Blue- 58,,S ,2017-10-18,2018-12-25
365,CO-TF-378-58,LL Rear Brakes - Yellow- 58,3012.0,M ,2020-05-17,2024-02-02
6154,CO-PD-130-52,LL Women's Tights - Red- 52,2303.0,M ,2022-09-02,
5522,AC-CL-836-38,ML Touring Tire - Black- 38,1126.0,M ,2023-07-24,2026-07-30
698,BI-TB-452-38,ML HL Mountain Handlebars - White- 38,2462.0,M ,2022-05-27,2023-08-30
393,AC-CL-839-42,ML LL Touring Frame - Red- 42,2251.0,S ,2013-04-29,
3780,AC-PA-669-42,LL Short - Silver- 42,642.0,,2016-05-01,
3724,CO-WH-522-44,HL LL Road Pedal - Red- 44,3204.0,R ,2011-09-17,2015-12-05
3305,AC-BC-756-44,ML Cable Lock - Red- 44,1763.0,R ,2017-12-05,
6382,CO-HB-371-60,LL HL Touring Frame - Blue- 60,594.0,M ,2012-11-08,
866,AC-BS-442-48,HL Front Brakes - Yellow- 48,,T ,2013-12-15,
2250,BI-MB-893-52,LL Rear Derailleur - White- 52,193.0,S ,2021-11-06,2022-09-03
889,AC-TT-369-60,HL ML Road Seat/Saddle - Black- 60,2607.0,R ,2019-03-21,2020-05-06
479,CL-TI-538-58,HL HL Mountain Rear Wheel - White- 58,910.0,S ,2012-10-29,2014-08-04
1018,AC-HE-549-52,HL Touring Rear Wheel - Blue- 52,1661.0,T ,2016-07-26,2018-08-10
594,CL-BS-611-60,LL Fender Set - Blue- 60,,M ,2023-09-11,
5553,CO-FO-295-52,LL LL Mountain Frame - Red- 52,600.0,M ,2020-11-17,
4202,CL-BS-107-48,LL ML Mountain Rear Wheel - Blue- 48,2759.0,S ,2022-08-19,
739,CL-SO-355-60,HL HL Mountain Handlebars - Silver- 60,2335.0,R ,2014-07-30,2016-01-23
4895,CL-GL-609-60,LL Minipump - Yellow- 60,2639.0,R ,2016-02-06,
3732,AC-CL-163-52,HL Bike Wash - White- 52,3266.0,M ,2018-07-29,
1935,AC-LO-310-62,HL LL Road Frame - Blue- 62,1197.0,S ,2023-10-20,2026-11-26
1196,AC-PA-101-48,LL Water Bottle - White- 48,3486.0,S ,2023-10-04,
3413,BI-MB-828-58,LL Front Derailleur - Yellow- 58,1563.0,S ,2011-12-27,2014-04-01
3265,AC-CL-285-62,ML Men's Sports Shorts - Yellow- 62,1592.0,S ,2013-03-20,2014-01-11
2009,AC-BC-670-60,LL LL Road Front Wheel - Black- 60,2320.0,T ,2012-06-15,2013-10-24
602,CO-CH-599-48,LL Long - White- 48,887.0,M ,2017-08-24,
5447,BI-RB-338-52,ML HL Road Tire - Black- 52,2129.0,T ,2013-03-03,
5404,CL-CA-437-52,LL LL Road Rear Wheel - Red- 52,401.0,M ,2015-07-07,
1921,CO-CH-835-62,LL LL Touring Handlebars - Red- 62,846.0,T ,2015-02-08,2017-07-01
2624,AC-HP-438-48,HL ML Headset - Yellow- 48,1819.0,S ,2015-08-21,
5012,CL-SH-176-52,ML HL Road Seat/Saddle - White- 52,3358.0,T ,2019-08-17,2020-07-20
6540,AC-BS-141-60,ML LL Touring Frame - Blue- 60,1722.0,S ,2024-07-01,2026-07-14
4063,CO-FO-274-62,LL Mountain Tire Tube - White- 62,1009.0,R ,2024-05-19,
3805,CO-WH-968-60,LL HL Mountain Handlebars - Silver- 60,3039.0,T ,2015-01-15,
3719,CO-MF-761-62,LL Cable Lock - Blue- 62,2964.0,R ,2021-04-12,
3845,CL-JE-267-52,LL Road Bottle Cage - White- 52,84.0,R ,2011-07-13,2014-03-30
2165,CO-CS-471-62,ML ML Road Frame - Silver- 62,,S ,2013-07-27,
5001,CO-PD-818-58,HL HL Mountain Handlebars - Black- 58,,S ,2024-10-29,2024-05-10
5958,AC-FE-512-42,LL LL Road Pedal - Yellow- 42,2482.0,S ,2020-11-05,
4954,CL-JE-720-38,HL Taillights - Blue- 38,446.0,S ,2016-11-17,2018-12-11
1503,AC-LI-926-42,LL ML Mountain Front Wheel - Blue- 42,425.0,T ,2020-05-23,2022-01-27
5234,CL-VE-975-52,ML Road Bottle Cage - Red- 52,2708.0,R ,2013-05-16,2016-04-23
998,AC-PU-401-38,HL HL Mountain Front Wheel - Blue- 38,1328.0,R ,2016-05-17,2019-04-01
1205,AC-FE-403-62,HL LL Mountain Handlebars - Blue- 62,2264.0,T ,2014-05-19,
926,CO-HB-236-60,LL HL Crankset - White- 60,3366.0,S ,2012-11-27,
1045,AC-LO-809-38,ML Touring Tire Tube - Silver- 38,2902.0,S ,2020-06-08,2023-10-04
3682,CO-HS-496-60,LL HL Mountain Frame - Red- 60,2809.0,,2020-10-06,
1649,CO-FO-505-44,HL Road Tire Tube - Red- 44,2542.0,S ,2020-11-07,2023-01-12
1525,CL-GL-485-48,LL HL Mountain Seat/Saddle - Yellow- 48,17.0,T ,2012-12-08,2015-12-17
4680,AC-FE-620-42,LL LL Mountain Rear Wheel - Yellow- 42,2786.0,R ,2014-12-31,2018-01-22
1506,AC-CL-757-58,ML LL Road Tire - Red- 58,1203.0,R ,2024-12-03,
4743,AC-BC-210-60,HL LL Touring Handlebars - Silver- 60,,M ,2017-10-14,
3573,CL-CA-451-38,LL ML Mountain Seat/Saddle - Yellow- 38,1542.0,T ,2020-02-02,2024-08-03
4314,CO-BB-694-58,ML Touring Rear Wheel - Black- 58,1595.0,M ,2011-04-07,
4894,BI-MB-792-62,LL Road Bottle Cage - Silver- 62,2108.0,T ,2020-03-10,
5188,CL-GL-883-38,LL Mountain - Black- 38,1998.0,S ,2013-06-15,
1337,CL-VE-851-60,LL LL Touring Seat/Saddle - Red- 60,2994.0,M ,2013-04-15,
561,CL-GL-954-58,HL LL Road Pedal - White- 58,3308.0,R ,2013-08-10,2015-02-05
492,CL-GL-830-60,HL LL Road Rear Wheel - Yellow- 60,,T ,2023-12-24,
4837,CO-CS-737-52,HL HL Road Seat/Saddle - Yellow- 52,2296.0,M ,2012-10-26,2013-09-15
5137,CO-CS-681-60,ML LL Road Seat/Saddle - Black- 60,,M ,2013-02-08,
3531,CO-SA-252-44,HL Chain - Black- 44,1295.0,M ,2024-07-05,2029-03-13
4820,AC-TT-460-62,HL HL Bottom Bracket - Silver- 62,526.0,S ,2012-07-06,
6020,CO-WH-882-42,ML ML Road Seat/Saddle - Silver- 42,1734.0,S ,2025-03-27,
6765,AC-LO-521-48,ML HL Road Handlebars - Blue- 48,897.0,M ,2015-05-04,2017-09-16
1845,AC-LO-886-58,ML LL Mountain Seat/Saddle - Black- 58,633.0,S ,2015-06-16,
6442,AC-PA-141-48,LL Men's Sports Shorts - Silver- 48,2832.0,T ,2013-03-25,
2460,AC-LO-185-48,HL ML Mountain Rear Wheel - Yellow- 48,500.0,M ,2024-05-20,
430,AC-BC-688-60,LL LL Touring Handlebars - Blue- 60,2368.0,S ,2011-08-25,
1238,AC-LO-243-42,LL LL Fork - Blue- 42,1852.0,S ,2019-05-01,2021-07-09
6218,AC-HP-395-52,HL ML Road Tire - Silver- 52,2636.0,M ,2024-02-07,2025-12-24
1343,CO-RF-468-44,HL LL Touring Seat/Saddle - Red- 44,,R ,2015-12-08,
6212,AC-LI-174-58,HL LL Fork - White- 58,1404.0,T ,2025-03-04,2025-11-06
5992,AC-BR-364-44,HL LL Road Front Wheel - Yellow- 44,248.0,R ,2012-09-30,2014-09-07
232,AC-BC-389-38,LL Water Bottle - Red- 38,2241.0,S ,2019-01-03,
2689,CO-HS-805-52,ML HL Road Pedal - Blue- 52,379.0,T ,2015-11-28,2018-02-12
2371,CO-WH-529-60,LL Mountain - Black- 60,3273.0,M ,2014-09-09,
3283,CL-SO-995-60,HL Racing Socks - Red- 60,2146.0,M ,2017-05-10,
321,CO-BB-863-60,HL LL Mountain Seat/Saddle - Yellow- 60,2684.0,S ,2014-01-19,2014-12-02
665,BI-RB-661-48,LL Minipump - Yellow- 48,1764.0,R ,2018-09-20,
370,CL-TI-774-60,HL All - Blue- 60,3325.0,S ,2015-04-08,
1943,BI-RB-544-58,ML ML Fork - Blue- 58,3303.0,R ,2014-02-09,2015-12-25
4835,CL-GL-621-62,LL Touring Tire - Silver- 62,361.0,T ,2023-11-07,
446,AC-TT-201-52,ML Short - Black- 52,2903.0,,2012-07-27,
1030,AC-BC-787-44,LL LL Mountain Frame - Silver- 44,2532.0,R ,2016-09-27,
1911,AC-FE-196-42,HL HL Mountain Seat/Saddle - Blue- 42,2860.0,T ,2019-06-05,
4468,CO-HS-655-38,LL Hitch Rack - Red- 38,2897.0,S ,2017-06-13,
3533,BI-MB-957-52,ML Patch Kit/8 Patches - Yellow- 52,379.0,R ,2016-02-12,
1676,AC-HP-496-44,HL Front Derailleur - Red- 44,3039.0,M ,2019-04-24,2021-11-16
4094,BI-RB-568-38,HL Women's Mountain Shorts - Red- 38,2442.0,T ,2025-02-15,
5493,CO-DE-507-52,ML LL Road Tire - Yellow- 52,732.0,S ,2019-10-05,2022-06-24
5010,AC-HP-247-58,HL Chain - Black- 58,2102.0,T ,2017-03-15,2019-12-25
1811,AC-PA-391-44,ML ML Mountain Pedal - White- 44,385.0,T ,2013-09-10,
4381,CL-CA-663-62,ML Chain - Black- 62,3141.0,T ,2017-03-29,2018-01-31
1673,CO-DE-732-44,HL LL Mountain Pedal - Silver- 44,3466.0,M ,2012-10-13,
1222,CO-HB-923-38,ML LL Touring Seat/Saddle - Yellow- 38,1340.0,T ,2013-12-04,2016-02-27
2788,CO-BR-489-42,HL LL Mountain Seat/Saddle - Silver- 42,1099.0,R ,2021-05-07,
2953,AC-HP-258-48,ML HL Touring Seat/Saddle - Black- 48,2066.0,M ,2019-12-27,2022-05-14
4703,CO-MF-646-42,LL Water Bottle - Yellow- 42,2456.0,R ,2011-12-24,2015-12-06
1729,BI-RB-658-58,HL Cable Lock - Silver- 58,3398.0,S ,2021-05-04,
6822,CO-PD-726-48,HL ML Mountain Front Wheel - Silver- 48,1924.0,S ,2018-11-14,
482,CO-CH-967-60,ML HL Road Front Wheel - Silver- 60,2523.0,T ,2014-10-01,
703,CO-CS-398-42,ML Women's Mountain Shorts - Blue- 42,151.0,S ,2021-06-26,2023-11-10
1365,BI-RB-977-60,LL Women's Mountain Shorts - White- 60,2747.0,T ,2022-05-07,
6041,CO-RF-688-62,LL HL Road Tire - Red- 62,263.0,R ,2014-01-14,
4833,CL-VE-751-52,ML HL Fork - Silver- 52,2467.0,T ,2016-08-13,2019-06-08
281,CO-BR-594-58,HL Patch Kit/8 Patches - Yellow- 58,217.0,S ,2017-05-01,2021-08-20
2639,CL-GL-418-62,LL Half - White- 62,2265.0,,2016-10-13,2021-04-12
359,AC-PU-639-48,HL Cable Lock - Blue- 48,1414.0,,2013-06-14,
3146,AC-PA-607-42,LL Water Bottle - Red- 42,905.0,M ,2016-01-09,2018-04-27
4905,AC-PU-680-38,LL Fender Set - Silver- 38,3188.0,T ,2023-05-04,2024-03-08
6230,CO-RF-953-42,HL Half - Yellow- 42,2001.0,S ,2011-01-16,
254,CO-WH-988-52,ML HL Road Rear Wheel - Yellow- 52,1814.0,M ,2022-08-30,
312,AC-BS-340-52,LL HL Road Handlebars - Silver- 52,3406.0,S ,2015-01-09,
2359,AC-CL-697-60,ML Mountain Bike Socks - Black- 60,388.0,T ,2021-01-16,
2038,AC-BC-261-48,ML Road Tire Tube - White- 48,2637.0,M ,2022-09-06,2025-07-26
1552,AC-FE-121-62,ML LL Road Tire - Blue- 62,3003.0,R ,2013-03-08,2016-12-05
5022,CL-BS-539-38,LL LL Road Tire - White- 38,3414.0,R ,2019-09-29,2024-06-02
300,CO-CS-766-38,HL HL Mountain Rear Wheel - Yellow- 38,591.0,T ,2015-08-29,
5343,AC-HE-786-44,HL HL Bottom Bracket - Blue- 44,429.0,T ,2023-09-28,
3499,BI-RB-499-42,ML ML Road Tire - Red- 42,6.0,R ,2024-03-19,2027-11-23
3375,BI-TB-950-52,LL Patch Kit/8 Patches - Black- 52,1237.0,T ,2022-10-22,
5484,AC-PA-242-52,LL HL Road Pedal - White- 52,261.0,R ,2024-04-12,2027-12-30
6407,CL-JE-961-58,ML Hitch Rack - Yellow- 58,2520.0,S ,2020-05-26,
766,CL-CA-707-38,ML Taillights - Black- 38,1630.0,T ,2012-05-18,
3440,AC-PU-938-60,ML ML Mountain Tire - Yellow- 60,954.0,T ,2023-12-02,
2900,CL-VE-468-52,LL Patch Kit/8 Patches - Yellow- 52,1709.0,R ,2022-06-05,
6545,CO-CS-923-52,HL Touring Rear Wheel - Red- 52,,R ,2024-02-04,2025-12-19
2370,CO-DE-965-60,HL LL Road Handlebars - Black- 60,1742.0,M ,2015-08-21,
569,AC-PA-889-44,HL LL Touring Handlebars - Blue- 44,,S ,2020-09-23,
4963,AC-BC-641-48,ML Rear Derailleur - Blue- 48,138.0,R ,2015-06-22,
5342,CO-MF-628-44,ML ML Mountain Handlebars - Silver- 44,3311.0,S ,2014-09-04,
3328,CO-HS-394-48,ML LL Mountain Frame - Black- 48,3085.0,T ,2020-05-30,
6455,CO-BB-957-52,HL Women's Tights - Red- 52,381.0,S ,2021-05-06,2025-01-20
6437,CO-MF-622-58,LL Touring Tire Tube - Red- 58,2993.0,M ,2013-07-02,
1399,BI-RB-390-58,HL LL Fork - White- 58,2722.0,T ,2016-01-24,
6754,AC-BR-493-44,ML LL Road Frame - Silver- 44,,T ,2012-08-10,
4352,AC-BS-143-62,LL Full - Silver- 62,,S ,2022-08-05,
4219,CO-FO-690-38,LL ML Mountain Tire - Silver- 38,1013.0,M ,2012-08-31,
5310,CO-BR-525-58,ML HL Road Pedal - Black- 58,775.0,S ,2012-01-19,
608,CO-PD-552-48,LL ML Mountain Front Wheel - Red- 48,-525.0,R ,2012-04-14,2016-12-26
3279,BI-RB-826-48,ML HL Crankset - White- 48,244.0,S ,2021-02-17,2022-10-17
2959,CL-SO-939-44,LL Road Tire Tube - Black- 44,457.0,R ,2023-03-06,2026-11-26
5566,AC-BS-633-62,HL HL Road Handlebars - White- 62,2674.0,S ,2022-01-28,2026-11-30
4844,AC-FE-975-42,HL AWC Logo Cap - Red- 42,1021.0,,2021-12-10,
4726,CL-VE-378-60,ML ML Road Pedal - Yellow- 60,774.0,S ,2020-03-23,
2570,AC-HE-481-42,ML LL Road Front Wheel - Black- 42,2879.0,M ,2020-02-16,
6067,AC-BS-628-60,LL Taillights - Blue- 60,1063.0,S ,2016-02-29,2020-03-30
947,CL-CA-187-52,LL Mountain Bike Socks - White- 52,1584.0,M ,2020-06-27,
6492,CL-VE-667-60,ML ML Road Frame - White- 60,2229.0,T ,2020-08-31,
3729,AC-TT-379-62,LL Women's Tights - Red- 62,-3479.0,M ,2015-12-18,
3336,CL-GL-436-58,LL LL Road Handlebars - White- 58,1149.0,R ,2016-06-11,2017-04-07
3072,AC-PU-340-62,HL Men's Sports Shorts - Silver- 62,,M ,2020-12-02,
4147,CL-VE-952-38,LL LL Touring Handlebars - Yellow- 38,672.0,S ,2024-01-18,
1416,CL-SO-781-42,ML Bike Wash - Black- 42,2700.0,M ,2024-06-04,2027-03-29
6837,AC-BS-192-44,HL Full - Yellow- 44,3310.0,,2017-03-16,
1949,CL-SH-911-52,ML Headlights - Yellow- 52,,R ,2011-12-28,
4660,AC-BR-882-44,HL HL Road Front Wheel - Blue- 44,1983.0,M ,2022-01-27,2025-08-16
1252,CO-DE-668-42,ML LL Mountain Tire - Silver- 42,1068.0,,2022-04-23,
2220,CO-HB-826-52,ML ML Mountain Seat/Saddle - Black- 52,1711.0,R ,2011-01-10,2011-11-26
942,CL-SO-375-42,HL ML Touring Seat/Saddle - White- 42,2222.0,S ,2023-04-01,2025-05-19
1530,CO-BR-997-38,ML Road Tire Tube - Silver- 38,1853.0,R ,2024-04-08,2024-12-08
5505,AC-PA-861-42,ML LL Road Frame - Red- 42,960.0,S ,2011-12-10,
2200,CO-MF-129-58,HL HL Mountain Handlebars - Red- 58,2069.0,R ,2011-04-13,
3812,AC-TT-662-58,ML ML Road Pedal - White- 58,2536.0,R ,2015-03-26,2017-12-08
2805,CO-CS-152-58,ML ML Road Tire - Blue- 58,2340.0,M ,2019-06-07,
6613,CL-TI-345-58,HL LL Road Tire - Black- 58,159.0,M ,2013-01-03,
4023,AC-TT-182-52,HL HL Mountain Handlebars - Blue- 52,294.0,R ,2015-12-30,2016-12-28
1534,AC-TT-723-42,ML LL Mountain Seat/Saddle - Silver- 42,3407.0,R ,2024-02-27,2025-12-08
2906,AC-PA-532-42,ML Mountain Bottle Cage - Blue- 42,1281.0,S ,2018-07-16,
4482,BI-RB-172-58,ML Long - White- 58,913.0,R ,2015-06-25,
6104,CL-TI-749-58,HL Rear Derailleur - White- 58,1633.0,T ,2019-10-25,
3178,CO-HB-226-58,ML Women's Tights - White- 58,787.0,R ,2021-04-07,2024-10-10
2661,CL-SH-695-62,HL HL Mountain Handlebars - Yellow- 62,3464.0,R ,2023-01-03,
4573,AC-FE-170-58,LL LL Fork - Silver- 58,3168.0,M ,2020-10-12,
533,BI-MB-786-60,HL ML Road Seat/Saddle - Black- 60,3078.0,T ,2012-12-02,2014-10-25
5526,BI-MB-426-58,LL Full - Silver- 58,2370.0,T ,2012-08-01,
557,CO-CS-309-48,HL Half - Black- 48,746.0,S ,2017-06-23,2021-06-14
639,AC-FE-807-38,ML LL Road Frame - Blue- 38,87.0,T ,2013-05-07,
2936,CO-SA-233-48,ML HL Crankset - Silver- 48,1675.0,R ,2018-10-09,2021-06-23
1187,AC-PU-803-58,ML ML Mountain Front Wheel - White- 58,2340.0,S ,2011-09-09,
5583,CL-GL-457-38,LL Touring Pedal - Blue- 38,3261.0,S ,2020-10-27,
3033,AC-TT-157-62,ML LL Road Front Wheel - Blue- 62,728.0,M ,2012-03-02,
4602,CO-BB-790-48,LL ML Mountain Front Wheel - Red- 48,401.0,S ,2013-10-07,2016-02-26
3211,CO-CH-984-52,ML ML Road Frame - Black- 52,1674.0,R ,2017-03-28,
1061,CO-DE-933-62,ML LL Road Seat/Saddle - Red- 62,2988.0,T ,2022-11-09,
1936,AC-PA-494-38,HL HL Road Frame - Black- 38,127.0,M ,2021-11-09,2022-07-01
929,AC-LI-101-52,HL HL Mountain Rear Wheel - Yellow- 52,,R ,2013-04-23,2018-01-27
4924,CO-PD-139-42,LL ML Mountain Seat/Saddle - Black- 42,335.0,R ,2020-06-05,
2228,AC-BC-501-44,LL ML Road Frame - White- 44,3292.0,S ,2011-06-13,
3589,AC-HE-168-38,ML ML Mountain Rear Wheel - Red- 38,2970.0,R ,2016-12-12,2021-07-06
6523,CO-HS-365-60,ML LL Mountain Frame - White- 60,1491.0,R ,2012-01-27,
6580,BI-MB-295-44,LL Full - White- 44,457.0,S ,2011-05-01,2013-05-15
2331,AC-PA-888-42,HL LL Road Seat/Saddle - Blue- 42,2266.0,T ,2023-10-24,
4791,CO-HS-956-52,ML ML Road Tire - Silver- 52,635.0,S ,2017-07-27,2020-02-24
2542,CO-DE-374-60,LL Mountain Pump - White- 60,2726.0,S ,2012-05-14,
714,AC-PU-362-42,HL HL Mountain Pedal - Yellow- 42,1109.0,T ,2020-02-20,
2467,CO-RF-396-38,ML Racing Socks - Red- 38,947.0,S ,2011-02-20,
6621,CO-HB-508-44,HL Half - Black- 44,2182.0,M ,2022-12-30,
923,CO-HS-630-52,HL ML Mountain Seat/Saddle - Silver- 52,,R ,2022-01-08,
4281,AC-BC-670-60,ML LL Mountain Frame - Yellow- 60,860.0,M ,2012-08-01,
2663,CL-SO-203-60,ML LL Fork - Red- 60,284.0,R ,2018-09-12,
4848,CL-SO-892-52,LL HL Road Pedal - Silver- 52,2588.0,M ,2021-09-20,2023-01-25
6282,CO-BB-364-58,LL AWC Logo Cap - Red- 58,1777.0,M ,2019-06-12,2018-07-21
4290,CL-JE-402-48,ML HL Mountain Handlebars - Blue- 48,991.0,M ,2012-06-27,
503,AC-CL-277-60,ML LL Road Tire - White- 60,3322.0,S ,2015-12-21,2015-06-06
1250,AC-BS-438-60,HL HL Mountain Tire - Red- 60,,S ,2024-07-01,2027-05-22
1179,CO-MF-181-48,HL ML Road Handlebars - Blue- 48,3226.0,R ,2019-06-06,2022-07-25
1896,CL-GL-904-60,LL LL Mountain Handlebars - Black- 60,1631.0,R ,2025-03-03,
1564,CL-BS-705-58,LL Sport - Silver- 58,,S ,2021-05-30,
6071,CO-RF-768-48,HL Headlights - Silver- 48,116.0,R ,2012-10-13,
1950,CL-SH-258-44,LL LL Mountain Rear Wheel - White- 44,3418.0,M ,2017-05-26,2017-12-27
5725,CL-JE-186-62,ML Mountain Bike Socks - Black- 62,2003.0,T ,2016-12-03,
1251,AC-BR-126-44,ML HL Road Tire - White- 44,2578.0,S ,2013-07-28,2018-04-11
2435,AC-BS-492-48,LL Sport - Blue- 48,3179.0,S ,2011-05-26,2012-05-26
4423,CL-CA-330-62,ML LL Road Front Wheel - Yellow- 62,2736.0,M ,2017-11-05,
1150,CO-HS-533-48,LL ML Road Handlebars - Yellow- 48,3155.0,R ,2020-09-11,
471,CO-MF-116-60,LL Bike Wash - Silver- 60,2924.0,T ,2016-02-06,2019-06-27
4994,AC-BR-239-42,LL ML Mountain Seat/Saddle - Red- 42,910.0,R ,2014-01-14,
2908,CL-SO-368-42,HL ML Crankset - Blue- 42,1375.0,R ,2021-12-02,
5275,CO-RF-253-44,LL Water Bottle - White- 44,844.0,T ,2023-12-19,2025-04-03
4239,CO-CH-732-58,LL LL Mountain Seat/Saddle - Blue- 58,972.0,R ,2012-04-02,
1346,AC-FE-946-44,HL ML Road Pedal - Silver- 44,2256.0,T ,2020-10-21,
6792,CL-BS-891-42,ML Cable Lock - Black- 42,3099.0,S ,2019-05-14,2023-06-16
5391,AC-PU-939-58,LL Chain - Red- 58,2914.0,T ,2018-05-23,2023-04-14
4072,AC-BC-984-52,HL ML Mountain Pedal - Black- 52,458.0,M ,2019-08-14,
939,CO-BB-715-52,LL HL Mountain Rear Wheel - Red- 52,3113.0,M ,2014-06-01,
5511,BI-MB-498-42,LL Minipump - Blue- 42,1894.0,M ,2014-10-27,
3402,CO-MF-427-52,LL HL Mountain Rear Wheel - Yellow- 52,2531.0,M ,2021-12-17,
969,CL-VE-783-44,HL Long - Black- 44,1175.0,R ,2012-02-26,
4364,CO-CS-731-62,HL Men's Sports Shorts - Black- 62,3473.0,S ,2021-06-30,2024-05-24
4592,CO-RF-469-38,ML LL Mountain Rear Wheel - Blue- 38,3086.0,M ,2021-03-05,2023-01-13
2828,CO-SA-544-60,HL ML Road Handlebars - White- 60,2429.0,,2021-07-03,2020-06-21
3026,AC-PU-309-38,ML Racing Socks - Yellow- 38,1297.0,S ,2022-10-21,
2040,AC-PU-980-58,ML LL Mountain Tire - Silver- 58,,S ,2020-02-17,
5743,CO-BR-425-52,HL HL Touring Seat/Saddle - Red- 52,2302.0,,2012-10-09,
5054,AC-TT-795-62,HL HL Road Handlebars - Blue- 62,1524.0,R ,2014-04-16,2018-08-09
4115,CO-BB-830-58,ML Mountain Bike Socks - White- 58,487.0,M ,2018-01-31,
5191,AC-HP-848-52,HL HL Touring Frame - White- 52,2722.0,T ,2018-06-27,
6214,AC-FE-168-42,HL LL Road Rear Wheel - Yellow- 42,2172.0,M ,2014-09-05,2017-12-05
5329,CO-CH-785-42,HL ML Mountain Frame - White- 42,957.0,T ,2014-05-25,2018-01-12
2773,CO-RF-785-38,ML LL Road Seat/Saddle - Silver- 38,715.0,T ,2013-10-20,
4789,CL-BS-674-62,LL Patch Kit/8 Patches - White- 62,3198.0,S ,2012-11-07,2013-05-29
6188,AC-LI-713-48,LL ML Mountain Pedal - Silver- 48,2125.0,M ,2023-06-09,2025-02-10
2872,CO-DE-445-60,ML LL Mountain Front Wheel - Yellow- 60,2635.0,M ,2023-01-14,2026-07-27
5538,AC-BC-397-44,HL LL Mountain Frame - Red- 44,660.0,R ,2015-09-30,
1371,CL-BS-572-52,LL HL Mountain Handlebars - White- 52,2819.0,R ,2021-10-20,2021-08-31
1037,AC-CL-489-58,LL LL Crankset - Yellow- 58,2971.0,,2016-01-11,2018-05-10
4367,CO-CS-687-48,ML ML Mountain Rear Wheel - White- 48,1983.0,,2018-07-29,
4949,CO-CH-920-52,HL Touring - Blue- 52,,M ,2017-10-18,
2169,CO-MF-241-48,ML HL Road Front Wheel - Black- 48,3108.0,M ,2016-04-02,2018-07-08
1852,CO-FO-278-60,ML ML Headset - Black- 60,,M ,2021-05-25,
1459,AC-LO-469-48,LL Touring Rear Wheel - Blue- 48,2411.0,R ,2014-08-30,
2480,BI-RB-562-42,ML HL Mountain Frame - Yellow- 42,2251.0,R ,2013-12-06,
6015,AC-CL-605-38,ML Patch Kit/8 Patches - Blue- 38,2612.0,R ,2016-01-27,2019-09-21
436,CO-HB-509-44,LL Classic Vest - Red- 44,649.0,M ,2015-11-13,
6764,CL-VE-234-62,LL LL Touring Seat/Saddle - Yellow- 62,1399.0,R ,2021-05-24,2025-01-14
2073,CO-MF-606-38,HL Short - Red- 38,3317.0,R ,2013-11-16,
2999,CL-SH-245-62,LL LL Mountain Handlebars - Blue- 62,632.0,M ,2025-03-07,2025-12-31
4092,CO-WH-113-44,ML ML Mountain Seat/Saddle - Red- 44,411.0,M ,2013-10-25,2013-03-21
3518,CO-BB-297-42,HL HL Road Front Wheel - Silver- 42,1945.0,S ,2024-09-13,
5631,CL-JE-864-60,ML Half - Silver- 60,610.0,M ,2013-03-28,2014-03-17
4836,CL-SH-980-42,HL Road Bottle Cage - White- 42,2076.0,R ,2018-02-20,2021-12-02
6791,BI-RB-901-62,ML ML Fork - Red- 62,2491.0,T ,2024-01-25,
6258,CL-JE-911-44,ML HL Mountain Seat/Saddle - Blue- 44,602.0,M ,2021-11-07,2023-03-08
285,AC-FE-178-44,HL Full - Silver- 44,1783.0,S ,2019-01-29,2019-12-10
5458,BI-MB-192-62,LL ML Mountain Front Wheel - Silver- 62,1046.0,T ,2024-11-13,
5229,CO-DE-339-42,LL HL Road Seat/Saddle - Red- 42,1337.0,S ,2022-07-16,2025-10-13
5321,BI-RB-565-48,HL Touring Front Wheel - Red- 48,2676.0,T ,2014-08-22,
611,BI-RB-495-38,LL Racing Socks - Red- 38,1488.0,T ,2019-12-17,2020-09-24
6539,CO-FO-484-42,HL Racing Socks - Yellow- 42,3136.0,M ,2011-11-11,
1445,CL-TI-849-52,LL Women's Mountain Shorts - Yellow- 52,,T ,2020-08-23,
4785,AC-CL-962-38,LL HL Mountain Handlebars - Yellow- 38,3272.0,T ,2012-01-01,
3647,AC-PA-939-62,ML Touring - Red- 62,,T ,2011-07-05,
1406,CO-HS-723-44,HL LL Touring Handlebars - Red- 44,1760.0,M ,2023-04-12,
3670,CO-HB-609-60,LL Long - Red- 60,2728.0,S ,2018-11-19,
681,CO-DE-947-52,LL All - Black- 52,,S ,2014-09-14,2017-08-03
3713,CO-FO-969-38,HL LL Road Seat/Saddle - Red- 38,2196.0,R ,2021-05-14,
4376,AC-BR-781-60,ML ML Road Rear Wheel - White- 60,479.0,R ,2013-01-25,2014-05-25
5902,BI-RB-344-48,ML HL Mountain Handlebars - Silver- 48,3380.0,M ,2019-06-14,
2721,AC-HE-460-60,ML ML Road Seat/Saddle - Silver- 60,2544.0,S ,2019-02-16,2020-06-21
2826,CL-TI-491-60,ML All - Blue- 60,2676.0,M ,2022-12-13,
1702,BI-MB-146-42,ML Touring Front Wheel - Blue- 42,1093.0,M ,2011-02-03,
918,CO-CH-152-38,HL Hitch Rack - Red- 38,189.0,M ,2022-07-02,
1359,AC-HP-164-38,ML LL Mountain Rear Wheel - Silver- 38,2049.0,T ,2018-09-29,
983,CO-CS-575-52,LL Racing Socks - White- 52,,R ,2022-02-17,2026-01-21
3483,CO-TF-785-62,LL Full - Yellow- 62,1278.0,R ,2022-08-13,2025-11-13
5745,AC-PA-665-42,LL LL Mountain Tire - Red- 42,3320.0,R ,2018-07-06,2020-12-05
2825,CL-SH-531-42,LL Women's Mountain Shorts - Red- 42,1970.0,S ,2016-04-27,2019-05-07
4863,AC-BC-909-44,HL Bike Wash - Red- 44,2671.0,M ,2016-12-06,2019-08-05
3271,CL-CA-994-42,LL Touring Tire Tube - Yellow- 42,824.0,T ,2011-08-05,2013-02-19
3770,CO-CS-368-58,ML LL Mountain Frame - Yellow- 58,,T ,2014-06-13,2018-03-19
3894,AC-CL-191-62,LL LL Crankset - Black- 62,1247.0,T ,2021-03-04,
4420,AC-PU-729-60,HL Women's Mountain Shorts - Blue- 60,1422.0,T ,2021-10-25,
1381,CL-SO-749-62,LL HL Bottom Bracket - Blue- 62,,S ,2020-10-13,
1838,AC-LO-352-60,ML LL Road Frame - Black- 60,1761.0,M ,2019-11-06,
2582,CO-SA-549-60,LL HL Mountain Front Wheel - Yellow- 60,2516.0,R ,2020-07-28,
6693,CO-RF-713-60,ML HL Mountain Pedal - Silver- 60,324.0,S ,2019-12-20,
6183,CO-CH-333-52,HL HL Crankset - Blue- 52,1068.0,S ,2012-12-03,2012-09-08
2777,AC-LO-425-42,ML HL Mountain Front Wheel - Blue- 42,-1274.0,T ,2024-03-18,2025-09-29
2249,CO-FO-757-58,LL Rear Derailleur - Blue- 58,470.0,M ,2015-09-05,2017-05-15
6804,CO-HB-534-42,HL LL Mountain Pedal - White- 42,,M ,2011-04-27,
1376,CL-VE-960-42,ML ML Touring Seat/Saddle - Red- 42,2211.0,S ,2020-08-03,2023-12-12
2594,AC-LI-226-58,ML Hitch Rack - White- 58,942.0,M ,2020-02-19,
6153,BI-RB-436-62,LL LL Touring Seat/Saddle - Yellow- 62,2787.0,R ,2021-09-30,2022-08-27
750,CO-CH-236-52,HL HL Fork - Black- 52,2971.0,M ,2013-05-21,
3514,CL-GL-274-52,HL HL Crankset - Black- 52,1660.0,R ,2015-02-03,
2874,CO-TF-719-38,HL Road Tire Tube - Blue- 38,2949.0,S ,2019-11-02,
3307,CO-HS-454-38,LL ML Mountain Front Wheel - Silver- 38,170.0,S ,2014-11-03,2017-01-23
5396,CO-FO-855-58,HL Road Bottle Cage - Yellow- 58,586.0,T ,2018-05-07,
6132,CO-PD-390-44,HL Taillights - Black- 44,1958.0,S ,2015-04-30,
3242,AC-BR-126-58,HL Touring Rear Wheel - Silver- 58,631.0,M ,2021-04-09,
3266,CL-SH-681-44,LL Long - Red- 44,1285.0,T ,2021-12-10,
317,CO-MF-398-38,HL ML Road Front Wheel - Silver- 38,783.0,M ,2013-05-25,
2668,CL-GL-595-48,ML ML Road Pedal - Yellow- 48,1659.0,M ,2016-04-14,
5849,CO-MF-462-62,ML HL Bottom Bracket - Silver- 62,1159.0,T ,2024-09-18,
5364,CO-CS-297-44,HL ML Bottom Bracket - Blue- 44,527.0,R ,2023-04-19,
4187,CL-JE-502-62,LL LL Road Pedal - Yellow- 62,2994.0,S ,2022-07-05,2026-11-18
4090,AC-BC-773-62,LL Front Brakes - Yellow- 62,2994.0,M ,2020-05-18,2024-02-01
1369,CL-SO-265-52,ML ML Mountain Rear Wheel - Silver- 52,2356.0,M ,2018-10-18,
2732,AC-LO-700-42,ML ML Mountain Frame - White- 42,1529.0,R ,2015-12-24,
4767,AC-BR-837-48,HL Women's Tights - Black- 48,,R ,2020-06-20,
6532,CO-BR-420-58,LL LL Touring Seat/Saddle - Black- 58,1488.0,R ,2022-08-18,
963,AC-BR-810-38,ML LL Touring Handlebars - Red- 38,1370.0,R ,2021-01-04,
6289,AC-LI-388-44,HL ML Touring Seat/Saddle - Silver- 44,429.0,R ,2023-01-09,
1465,CO-DE-772-60,ML Mountain Tire Tube - Silver- 60,595.0,T ,2013-01-29,2017-06-13
528,CL-CA-418-60,LL HL Road Tire - Red- 60,375.0,M ,2011-08-02,
562,AC-FE-303-44,HL Men's Sports Shorts - Blue- 44,1253.0,R ,2015-10-01,
4056,CO-TF-489-42,LL ML Mountain Rear Wheel - Red- 42,1151.0,S ,2020-09-24,
5035,CO-BB-798-48,ML LL Crankset - Silver- 48,3341.0,M ,2014-05-12,2015-11-17
2566,CO-FO-110-42,HL Hydration Pack - Blue- 42,2466.0,T ,2016-04-06,
4809,CO-SA-707-60,LL Women's Mountain Shorts - Red- 60,,R ,2023-01-09,
1909,CO-HS-181-38,ML LL Mountain Front Wheel - Red- 38,1752.0,R ,2020-12-29,2022-01-11
6654,AC-LI-326-58,LL Half - Silver- 58,3238.0,T ,2020-11-07,
1715,CO-CS-650-58,HL HL Mountain Handlebars - Red- 58,2997.0,T ,2011-09-08,
236,CO-HB-532-60,ML LL Road Pedal - Yellow- 60,1920.0,S ,2013-10-25,
1107,CL-JE-475-42,LL HL Road Rear Wheel - White- 42,1742.0,R ,2012-06-21,
6885,CO-WH-359-58,LL Touring Front Wheel - Yellow- 58,2809.0,R ,2012-12-09,
2356,AC-BS-425-38,ML LL Mountain Handlebars - Yellow- 38,584.0,M ,2012-03-16,2012-12-13
3616,CO-RF-829-48,LL LL Mountain Frame - Red- 48,2847.0,M ,2024-06-25,
2015,CL-VE-776-60,ML Minipump - Yellow- 60,,R ,2015-03-20,2015-10-15
4220,AC-LI-234-38,ML Water Bottle - Black- 38,124.0,M ,2012-07-06,
6254,CL-SH-971-58,HL HL Headset - Silver- 58,3274.0,M ,2025-02-05,2027-12-30
1705,CL-GL-990-48,ML Patch Kit/8 Patches - White- 48,1579.0,M ,2017-01-27,
3592,CO-MF-401-38,LL Hydration Pack - Yellow- 38,2470.0,M ,2018-10-26,
5468,AC-BS-725-62,ML HL Mountain Front Wheel - White- 62,2878.0,M ,2017-03-01,2018-08-21
2214,AC-HE-277-52,LL HL Road Handlebars - Blue- 52,,S ,2020-12-12,2023-11-07
2981,CO-FO-634-62,HL HL Road Tire - Yellow- 62,3114.0,T ,2023-08-29,
640,CO-HB-167-42,ML ML Fork - Black- 42,,S ,2020-07-10,
5094,AC-BR-935-48,LL LL Fork - Silver- 48,920.0,S ,2016-06-25,
5662,CO-FO-345-38,HL HL Mountain Rear Wheel - Red- 38,594.0,T ,2021-06-10,
1983,CO-WH-269-60,ML Sport - Red- 60,-1814.0,S ,2017-07-02,
3378,CO-SA-571-62,HL LL Mountain Seat/Saddle - White- 62,431.0,S ,2012-07-29,
4958,AC-HP-988-52,LL Fender Set - White- 52,974.0,M ,2021-05-05,
2310,CL-SO-391-44,LL LL Road Handlebars - Silver- 44,2346.0,T ,2012-01-19,
1987,CO-RF-577-58,HL ML Mountain Rear Wheel - Silver- 58,770.0,M ,2013-05-28,
2129,CO-SA-878-38,HL ML Mountain Pedal - Yellow- 38,3145.0,T ,2021-11-17,2023-08-16
6390,CL-SO-189-58,HL HL Road Seat/Saddle - Red- 58,3316.0,M ,2016-02-19,2017-06-30
6805,AC-PA-758-44,LL Mountain Pump - Silver- 44,2752.0,M ,2019-08-13,
459,BI-MB-346-52,HL Racing Socks - Red- 52,2632.0,T ,2013-04-08,
286,CO-CS-815-62,HL LL Crankset - Black- 62,3240.0,S ,2019-07-28,
3399,CO-FO-814-42,ML ML Mountain Frame - Silver- 42,,R ,2019-11-09,2022-05-24
4738,CO-CH-599-42,ML LL Bottom Bracket - Black- 42,168.0,M ,2022-02-05,2025-03-11
2920,CO-BB-796-60,LL LL Headset - Blue- 60,-3201.0,S ,2021-02-05,2024-03-19
4256,AC-CL-673-44,HL LL Mountain Seat/Saddle - Black- 44,2483.0,S ,2018-07-18,
2770,CO-SA-983-38,LL LL Road Front Wheel - Yellow- 38,30.0,S ,2012-07-13,2013-07-16
6130,CO-TF-484-38,HL Touring Tire Tube - White- 38,1732.0,M ,2012-09-23,2016-08-18
5863,CL-GL-434-52,HL Touring Tire - Black- 52,1293.0,T ,2016-03-27,
1062,CO-CH-137-58,HL LL Mountain Rear Wheel - Yellow- 58,543.0,S ,2021-09-10,
5624,CL-VE-198-62,HL LL Mountain Rear Wheel - Black- 62,1957.0,,2024-04-15,
3697,CL-VE-460-60,HL ML Touring Seat/Saddle - Black- 60,2186.0,T ,2020-06-11,
6635,CL-JE-857-62,HL HL Mountain Rear Wheel - Yellow- 62,,T ,2024-04-22,
3104,CO-RF-180-42,ML LL Road Handlebars - Red- 42,3412.0,M ,2024-02-12,2026-04-04
4501,CO-BR-234-62,LL LL Touring Frame - Red- 62,345.0,S ,2019-01-09,
6626,CO-DE-555-38,LL ML Mountain Tire - Silver- 38,1953.0,M ,2023-08-08,2025-05-18
3198,CL-SO-428-38,ML LL Road Rear Wheel - Yellow- 38,2420.0,,2014-07-04,
4225,AC-PU-682-48,LL LL Mountain Frame - Silver- 48,3286.0,T ,2019-07-27,
377,BI-RB-253-58,ML HL Mountain Rear Wheel - Blue- 58,1053.0,M ,2012-11-07,
4718,CO-DE-701-44,HL ML Road Seat/Saddle - Black- 44,201.0,T ,2014-06-14,
2002,AC-BR-520-48,HL HL Mountain Tire - Yellow- 48,539.0,S ,2016-05-31,
3351,CO-SA-410-62,HL Touring Tire - Silver- 62,736.0,T ,2014-04-17,2015-10-25
989,AC-HE-646-44,HL Racing Socks - Silver- 44,2617.0,R ,2023-06-14,2024-01-20
4330,BI-RB-649-52,HL LL Touring Seat/Saddle - Black- 52,2813.0,T ,2023-01-17,2027-04-04
6496,CO-CS-477-44,ML ML Road Rear Wheel - Yellow- 44,2734.0,R ,2021-11-30,
636,CO-CH-580-60,HL HL Crankset - Silver- 60,959.0,R ,2019-08-05,2022-04-04
303,AC-BR-353-44,HL HL Road Handlebars - Blue- 44,1761.0,T ,2017-06-30,2018-02-25
1311,CO-CH-672-38,ML Cable Lock - Red- 38,957.0,M ,2017-07-17,
5643,CO-SA-493-62,LL HL Touring Frame - White- 62,2649.0,R ,2020-11-14,
2056,CO-CS-776-52,LL ML Road Frame - Blue- 52,425.0,R ,2014-12-06,
363,AC-BS-989-42,LL Classic Vest - Silver- 42,86.0,S ,2013-12-16,
1454,CL-VE-480-38,ML HL Mountain Front Wheel - Silver- 38,2518.0,M ,2023-09-15,
368,AC-TT-130-48,LL LL Touring Seat/Saddle - Red- 48,993.0,S ,2012-12-10,
1129,AC-LI-315-42,ML LL Mountain Handlebars - Silver- 42,1623.0,M ,2019-06-25,
390,CO-FO-100-58,HL ML Mountain Pedal - Red- 58,510.0,M ,2011-01-08,
5239,AC-BS-528-48,HL LL Road Rear Wheel - White- 48,455.0,T ,2022-04-02,2024-05-16
422,AC-LO-154-42,ML ML Mountain Seat/Saddle - Blue- 42,2814.0,R ,2014-12-06,2017-11-15
4377,CL-SH-461-52,HL HL Mountain Frame - Black- 52,743.0,R ,2014-03-22,
5203,CO-BB-133-48,LL ML Mountain Frame - Black- 48,3121.0,R ,2015-11-14,2019-05-21
3604,AC-LI-797-48,HL Minipump - Blue- 48,2240.0,S ,2021-07-25,2026-03-13
1695,CL-JE-407-38,LL Touring Tire - White- 38,2066.0,S ,2012-09-05,
4373,CO-CH-135-52,ML LL Mountain Frame - Yellow- 52,2681.0,M ,2021-04-01,2022-03-17
1856,CO-BR-238-38,LL All - Blue- 38,2086.0,S ,2011-07-30,2012-09-23
2713,CO-DE-625-48,LL ML Road Tire - White- 48,30.0,T ,2018-12-10,
4505,AC-PU-437-58,HL ML Road Handlebars - Black- 58,2787.0,S ,2018-02-06,
728,AC-HE-555-52,HL ML Headset - Blue- 52,1839.0,S ,2016-06-02,
3885,CO-DE-194-42,ML LL Crankset - Yellow- 42,3260.0,R ,2011-06-05,2012-08-02
296,CO-CS-367-58,HL Touring Front Wheel - Red- 58,1321.0,,2017-01-18,
4779,AC-HE-164-58,LL Headlights - Silver- 58,2923.0,S ,2019-10-25,
1393,AC-BR-210-38,LL HL Mountain Frame - Silver- 38,3304.0,M ,2023-03-24,2028-01-31
6844,CL-SH-579-52,ML ML Road Tire - Red- 52,2886.0,R ,2015-12-03,
2058,AC-PA-931-58,LL ML Mountain Rear Wheel - Blue- 58,-2369.0,S ,2017-06-16,
6194,AC-BS-559-58,HL Mountain - Red- 58,,M ,2024-02-13,2026-05-22
3199,AC-BS-563-60,LL ML Road Pedal - Silver- 60,1705.0,S ,2015-06-05,
3020,CO-CH-791-48,ML LL Mountain Pedal - Yellow- 48,1936.0,R ,2014-03-12,2018-12-21
1986,CO-HS-660-48,HL Hydration Pack - Red- 48,2641.0,T ,2015-11-01,2017-05-22
4775,CL-JE-198-44,ML Rear Derailleur - Silver- 44,3174.0,T ,2015-06-01,
1291,CO-HB-637-52,HL ML Touring Seat/Saddle - Silver- 52,3277.0,S ,2016-08-15,2021-04-09
3045,CL-SO-272-44,LL Hitch Rack - Yellow- 44,3120.0,R ,2021-10-09,2021-02-03
5464,BI-RB-113-60,LL ML Mountain Tire - Silver- 60,818.0,S ,2015-03-30,2018-05-28
4145,AC-BS-819-52,LL ML Bottom Bracket - White- 52,2299.0,S ,2024-08-11,2027-08-05
4965,CO-MF-221-58,LL ML Road Front Wheel - Silver- 58,,R ,2014-04-28,2016-05-31
4222,AC-PU-786-42,LL ML Mountain Pedal - White- 42,2557.0,M ,2011-10-28,2016-09-24
5944,AC-HP-628-62,ML Touring - Black- 62,198.0,T ,2021-08-21,
353,AC-TT-838-62,HL HL Mountain Rear Wheel - Yellow- 62,45.0,R ,2019-11-26,
677,AC-TT-949-52,ML Bike Wash - Black- 52,1305.0,M ,2023-04-08,
1545,CL-SH-197-60,HL Men's Sports Shorts - Red- 60,271.0,T ,2021-07-11,2022-02-13
5420,CL-TI-520-58,HL Men's Bib - Red- 58,1014.0,M ,2019-09-24,2024-08-21
2714,CL-SH-444-52,ML ML Road Pedal - Red- 52,685.0,R ,2023-07-26,2028-01-14
837,AC-BS-544-44,HL ML Bottom Bracket - Red- 44,1611.0,T ,2016-08-23,2017-05-14
3495,CO-PD-149-38,ML Hydration Pack - Yellow- 38,927.0,,2018-10-09,
4261,CL-BS-164-52,HL Touring Pedal - Red- 52,3118.0,S ,2019-05-02,2023-08-14
1353,AC-PU-783-42,HL Patch Kit/8 Patches - Red- 42,,M ,2015-07-17,
781,CO-CS-717-58,LL LL Mountain Pedal - Silver- 58,,S ,2019-03-11,2023-02-19
5395,AC-PU-936-38,HL Front Derailleur - Blue- 38,2275.0,S ,2024-01-29,
1123,AC-LO-717-58,ML HL Headset - Black- 58,,S ,2016-11-23,2018-12-08
2611,CO-HB-904-58,ML Half - Blue- 58,817.0,T ,2011-01-16,
6292,AC-LI-598-58,LL Mountain Tire Tube - White- 58,2982.0,T ,2020-02-26,2024-10-12
3284,CO-TF-281-60,LL ML Road Rear Wheel - Blue- 60,2565.0,T ,2017-05-05,2021-06-01
5775,CO-MF-637-62,LL LL Mountain Tire - White- 62,1799.0,M ,2021-09-19,
3405,CL-SH-382-62,HL LL Headset - Red- 62,2144.0,M ,2023-02-28,
6761,CO-SA-904-58,LL LL Bottom Bracket - White- 58,2846.0,S ,2013-02-19,2016-02-05
3217,AC-LI-640-48,HL Road Tire Tube - Blue- 48,214.0,R ,2022-12-29,
2673,AC-CL-957-58,ML LL Touring Frame - White- 58,285.0,M ,2024-10-27,
6853,CO-SA-630-58,LL ML Mountain Front Wheel - Blue- 58,3374.0,T ,2021-07-04,
5741,AC-PA-149-42,LL Headlights - Black- 42,1399.0,T ,2014-09-06,2016-09-22
470,CO-MF-429-62,LL HL Mountain Frame - Silver- 62,,R ,2013-01-05,
4228,AC-BR-851-44,HL HL Mountain Handlebars - Blue- 44,2867.0,T ,2015-07-15,
4770,CL-JE-272-58,LL HL Touring Seat/Saddle - White- 58,869.0,T ,2022-08-16,
4720,CO-WH-204-52,ML ML Road Tire - Black- 52,2493.0,R ,2023-07-09,2024-08-25
5086,CL-JE-602-52,LL ML Fork - Yellow- 52,1934.0,T ,2016-07-17,2018-03-03
1140,CO-CS-825-58,ML HL Mountain Seat/Saddle - Black- 58,2392.0,T ,2012-10-07,2016-04-11
6630,AC-PA-835-62,ML Touring Front Wheel - Black- 62,2365.0,T ,2015-09-20,2019-02-16
6803,CO-BB-394-58,LL LL Touring Frame - Blue- 58,1657.0,S ,2019-11-15,
3182,AC-BS-902-44,LL LL Mountain Pedal - White- 44,2946.0,R ,2014-12-13,
6136,AC-HE-938-58,HL Mountain Pump - Silver- 58,26.0,T ,2022-02-18,
6701,CL-GL-301-48,LL ML Road Rear Wheel - Silver- 48,2983.0,R ,2018-08-01,2021-06-05
2886,CL-GL-499-60,ML HL Mountain Seat/Saddle - Red- 60,2089.0,S ,2023-07-03,2025-05-19
1998,CL-BS-673-48,ML Cable Lock - White- 48,1599.0,M ,2024-05-27,
5305,CO-PD-859-62,HL Hydration Pack - White- 62,699.0,T ,2012-06-13,
6694,CO-BB-348-48,HL Long - Silver- 48,3072.0,R ,2024-01-04,2026-01-01
5559,CL-GL-222-58,HL LL Touring Frame - Red- 58,1948.0,S ,2017-07-31,
3948,CL-GL-112-44,HL LL Mountain Handlebars - Red- 44,2788.0,S ,2011-05-29,
4268,AC-BC-335-38,ML LL Road Handlebars - Red- 38,3470.0,S ,2021-12-08,
1065,CO-SA-617-38,LL LL Crankset - Black- 38,-2712.0,M ,2021-09-15,2022-07-03
2010,BI-TB-364-52,ML ML Road Rear Wheel - Yellow- 52,779.0,T ,2020-08-07,2025-03-17
2218,CL-JE-314-60,HL Front Brakes - Silver- 60,111.0,R ,2019-12-17,2022-06-21
3170,CO-FO-771-38,LL LL Headset - White- 38,1037.0,R ,2024-07-23,2026-04-10
2761,CO-DE-134-52,HL ML Mountain Tire - White- 52,3480.0,M ,2020-11-20,
6893,CO-DE-642-44,LL Women's Tights - Blue- 44,277.0,R ,2022-04-02,2023-09-16
2088,CL-JE-945-52,LL AWC Logo Cap - Silver- 52,,T ,2023-10-18,2027-01-14
5768,CO-DE-622-58,HL Women's Mountain Shorts - White- 58,1551.0,M ,2014-09-08,
3498,CO-RF-916-38,ML ML Road Handlebars - Blue- 38,468.0,S ,2015-12-23,
6005,CO-CS-786-58,ML ML Headset - Silver- 58,2073.0,,2022-09-07,2027-02-10
333,CO-WH-597-38,HL HL Touring Handlebars - Yellow- 38,-2707.0,,2018-05-29,
5361,AC-BC-366-62,LL Touring Front Wheel - White- 62,284.0,R ,2012-05-21,2015-10-12
938,CO-FO-659-38,LL LL Road Handlebars - Yellow- 38,105.0,R ,2021-01-19,
4572,AC-FE-451-52,HL Cable Lock - Silver- 52,212.0,S ,2017-07-11,
4059,CL-JE-102-42,ML Fender Set - White- 42,299.0,T ,2021-09-16,
3046,CO-RF-377-58,LL LL Road Seat/Saddle - Blue- 58,628.0,M ,2019-10-25,2024-05-07
3048,AC-HP-852-42,HL Road Tire Tube - Yellow- 42,1181.0,S ,2017-03-22,2021-01-09
6673,AC-HP-549-62,HL Taillights - Blue- 62,2939.0,M ,2021-03-13,
2730,AC-PA-556-62,ML ML Road Handlebars - White- 62,2265.0,M ,2018-12-25,
1955,AC-BS-859-38,ML ML Mountain Seat/Saddle - White- 38,1383.0,T ,2014-01-13,
5887,BI-MB-791-48,HL LL Bottom Bracket - Silver- 48,2372.0,M ,2015-11-16,
3516,CL-SH-192-52,HL Touring Front Wheel - Red- 52,3264.0,R ,2025-02-15,2027-09-12
993,AC-BC-856-58,ML ML Fork - Black- 58,1307.0,S ,2014-08-20,2014-03-07
5657,AC-CL-770-42,LL LL Headset - Yellow- 42,2481.0,M ,2021-09-28,
645,AC-BR-762-52,ML Mountain Pump - Red- 52,1232.0,S ,2017-10-26,
4351,CL-TI-777-52,LL ML Touring Seat/Saddle - White- 52,317.0,T ,2015-11-30,2016-09-23
2133,CO-SA-643-48,HL LL Touring Seat/Saddle - White- 48,3108.0,T ,2015-05-06,
3526,CL-TI-482-48,HL LL Mountain Seat/Saddle - Black- 48,2035.0,,2024-04-03,2025-02-08
899,AC-LO-190-58,HL HL Mountain Front Wheel - Yellow- 58,1028.0,T ,2016-07-22,
1288,BI-MB-967-48,LL All - Red- 48,25.0,M ,2021-07-08,2026-01-29
2699,AC-BS-702-60,LL Touring Front Wheel - White- 60,72.0,M ,2012-10-31,
745,CO-RF-584-52,LL ML Road Pedal - Yellow- 52,3108.0,T ,2014-12-07,
1607,BI-TB-752-52,HL ML Mountain Pedal - Silver- 52,850.0,R ,2017-12-14,2022-04-14
2617,AC-PU-237-44,LL HL Mountain Front Wheel - Blue- 44,3292.0,M ,2021-03-07,2022-05-01
992,CL-TI-451-48,LL HL Bottom Bracket - Silver- 48,2668.0,T ,2013-08-17,
4421,CO-DE-966-52,HL ML Road Frame - Red- 52,2756.0,T ,2019-09-21,2023-02-15
790,CO-RF-680-52,LL LL Fork - Yellow- 52,397.0,T ,2023-10-01,
1441,CL-CA-386-62,LL HL Road Handlebars - Blue- 62,,T ,2016-06-13,
757,CO-RF-803-38,ML HL Road Seat/Saddle - White- 38,3193.0,M ,2020-02-27,
3587,CO-CH-559-58,HL Women's Tights - White- 58,3399.0,S ,2014-04-11,
2445,CO-HB-631-60,LL LL Road Pedal - Black- 60,3063.0,M ,2018-09-13,
6538,AC-BC-666-48,ML HL Mountain Pedal - Black- 48,,R ,2013-04-07,
3099,AC-CL-510-48,LL ML Road Frame - Silver- 48,1185.0,M ,2016-02-19,
874,CL-JE-968-52,ML HL Mountain Tire - Silver- 52,1266.0,R ,2020-02-17,
6242,CO-BR-516-58,HL Minipump - Blue- 58,561.0,R ,2011-12-28,2012-09-01
5283,CO-MF-557-44,LL Touring - Silver- 44,1242.0,R ,2024-08-31,
5576,AC-BR-487-48,LL LL Mountain Front Wheel - Silver- 48,951.0,M ,2013-04-09,
2415,AC-LI-641-60,HL LL Touring Handlebars - Yellow- 60,1532.0,M ,2018-03-23,
1328,CO-CH-277-48,LL HL Bottom Bracket - White- 48,1808.0,S ,2022-08-03,
760,AC-FE-373-62,LL LL Touring Handlebars - Silver- 62,611.0,T ,2019-04-06,
3467,CO-HB-295-62,ML HL Road Frame - Blue- 62,859.0,M ,2013-12-30,2014-07-20
2574,CL-SH-231-62,LL LL Mountain Handlebars - Yellow- 62,2766.0,R ,2024-01-28,
2022,CL-CA-840-60,HL Touring Tire Tube - White- 60,1882.0,S ,2019-04-07,
3098,CO-RF-383-62,HL Fender Set - Red- 62,2915.0,S ,2012-10-10,
5908,CO-MF-932-48,LL ML Mountain Handlebars - Yellow- 48,218.0,R ,2016-10-12,
2455,AC-HP-943-48,ML HL Road Tire - White- 48,1811.0,,2017-08-06,
2438,CL-JE-886-60,LL Fender Set - White- 60,388.0,M ,2015-03-03,2015-12-15
1579,CO-BR-299-52,ML HL Headset - Yellow- 52,455.0,R ,2014-10-30,2018-07-20
1074,CO-HB-425-58,LL Front Derailleur - Black- 58,3150.0,T ,2018-12-01,
5786,CL-BS-979-38,HL HL Road Handlebars - Yellow- 38,3320.0,R ,2016-02-07,
4374,BI-RB-830-60,LL ML Road Tire - Red- 60,2019.0,T ,2025-01-16,2024-08-10
6868,CO-BR-504-62,LL Road Tire Tube - Blue- 62,,R ,2012-03-22,2013-12-12
4017,CO-SA-584-48,ML LL Mountain Seat/Saddle - Silver- 48,3216.0,S ,2013-08-23,
4739,CO-BR-278-44,HL Rear Brakes - Blue- 44,645.0,M ,2014-02-23,
3494,CO-PD-585-60,LL ML Fork - Yellow- 60,1406.0,M ,2014-12-28,
1269,AC-HE-990-52,ML Road Tire Tube - White- 52,286.0,T ,2017-02-28,
2390,AC-BS-266-60,HL HL Mountain Pedal - White- 60,480.0,T ,2015-04-18,
696,AC-FE-990-38,ML Minipump - Yellow- 38,791.0,M ,2025-02-16,
4282,CL-SH-918-60,LL Road Bottle Cage - Yellow- 60,2948.0,S ,2018-07-18,
3979,CL-JE-245-44,ML ML Fork - White- 44,,M ,2018-11-20,2022-08-03
5672,BI-TB-636-62,ML Road Tire Tube - Yellow- 62,1619.0,R ,2019-05-31,
2939,CL-GL-746-38,HL LL Fork - Blue- 38,1227.0,R ,2025-02-01,
4259,CL-CA-523-60,ML ML Road Front Wheel - Blue- 60,2156.0,,2019-12-27,2019-05-11
4452,CL-SH-644-48,ML LL Touring Seat/Saddle - Yellow- 48,1613.0,R ,2021-08-12,
5281,CO-RF-733-62,ML LL Road Pedal - Black- 62,2793.0,M ,2017-04-28,
5608,AC-TT-195-42,HL Road - Black- 42,1459.0,R ,2016-01-23,2020-03-24
5172,AC-HE-842-38,HL Racing Socks - Red- 38,2115.0,S ,2018-02-26,
6128,CO-PD-555-44,HL AWC Logo Cap - Silver- 44,2139.0,M ,2017-12-21,2017-01-15
1675,CO-FO-413-42,HL ML Mountain Rear Wheel - Red- 42,3200.0,T ,2021-05-03,2023-01-05
1404,CO-HB-832-38,HL Rear Derailleur - Black- 38,3133.0,M ,2015-05-05,
6319,AC-TT-271-52,ML Short - Red- 52,2276.0,M ,2017-04-05,2018-05-10
6747,BI-MB-110-42,ML LL Mountain Pedal - Red- 42,1516.0,R ,2021-07-29,2025-12-15
3083,AC-LO-812-48,LL Water Bottle - Yellow- 48,2783.0,R ,2012-01-11,
1294,CL-TI-289-48,LL HL Touring Handlebars - White- 48,2758.0,S ,2018-03-06,
6641,CO-FO-466-48,ML LL Road Tire - White- 48,2775.0,R ,2014-02-11,
2743,AC-BS-130-38,HL ML Headset - Yellow- 38,351.0,T ,2022-03-28,
6897,CO-BR-427-58,LL Touring Front Wheel - White- 58,2612.0,R ,2016-08-08,2017-03-19
5575,CL-VE-331-62,HL ML Crankset - Yellow- 62,2134.0,M ,2019-01-27,2020-10-31
746,AC-BC-825-44,HL Mountain Bottle Cage - Silver- 44,2217.0,M ,2021-10-11,2024-01-23
5655,CL-CA-100-42,LL ML Road Pedal - Red- 42,386.0,R ,2019-11-24,
2030,CL-SH-626-58,LL HL Mountain Front Wheel - Black- 58,2700.0,R ,2023-12-27,2027-06-16
4846,CL-JE-834-42,LL Mountain - Red- 42,2456.0,S ,2024-04-04,2027-09-15
4329,AC-CL-777-58,LL Men's Bib - Blue- 58,442.0,R ,2014-11-03,
5650,BI-RB-375-62,HL Long - Red- 62,,T ,2012-10-15,2016-04-13
2856,AC-PA-595-52,ML HL Mountain Tire - Yellow- 52,939.0,T ,2013-05-12,
4457,AC-BS-340-42,HL ML Mountain Handlebars - Red- 42,2161.0,M ,2012-05-26,
4917,CO-TF-389-48,LL LL Mountain Tire - Silver- 48,,T ,2021-08-11,2023-10-16
1572,BI-MB-760-52,LL ML Road Seat/Saddle - Yellow- 52,1729.0,,2018-03-08,
4191,CL-GL-517-60,ML Fender Set - White- 60,,,2024-10-16,
3883,AC-HP-453-60,LL HL Fork - Black- 60,3116.0,S ,2017-01-11,
1997,CL-SO-627-60,ML HL Touring Seat/Saddle - Blue- 60,1735.0,T ,2018-11-17,
5064,CO-SA-322-60,LL LL Road Handlebars - Yellow- 60,655.0,,2019-08-17,
4321,CL-TI-606-62,LL LL Mountain Pedal - Red- 62,2111.0,R ,2021-01-14,2022-12-20
5225,CL-VE-559-52,ML HL Road Tire - Red- 52,336.0,,2012-01-13,
4415,CO-WH-796-60,ML LL Mountain Tire - Blue- 60,1972.0,T ,2013-08-26,2017-12-03
3218,CO-HS-738-60,LL Water Bottle - Red- 60,2601.0,R ,2019-06-26,
1893,CO-BR-812-42,LL Mountain Bottle Cage - Silver- 42,1911.0,S ,2012-05-17,
3438,CL-SH-789-42,LL LL Mountain Rear Wheel - Yellow- 42,1707.0,R ,2011-06-08,
2613,CO-CS-160-60,ML Touring - Yellow- 60,1659.0,R ,2021-04-07,
5818,AC-HE-929-44,ML ML Fork - Silver- 44,2213.0,M ,2017-12-25,2019-07-16
1101,CL-CA-592-38,ML LL Mountain Pedal - Black- 38,3024.0,R ,2023-08-30,
1672,CL-SO-344-38,ML Road Bottle Cage - White- 38,1153.0,T ,2015-04-15,
1716,CO-BB-602-58,ML HL Touring Frame - Blue- 58,,T ,2020-10-12,2023-11-13
2374,AC-LI-952-38,HL LL Road Front Wheel - Yellow- 38,-2654.0,S ,2017-10-22,2018-07-06
1697,CL-CA-661-38,HL ML Road Tire - Red- 38,2053.0,R ,2016-06-07,
6196,CO-HS-719-52,HL Classic Vest - Silver- 52,933.0,R ,2021-04-26,2025-04-23
641,CO-TF-326-60,ML LL Road Tire - Black- 60,1206.0,M ,2011-05-23,
3110,AC-LI-542-60,LL Sport - Silver- 60,763.0,T ,2023-11-28,2025-01-20
1308,CL-SH-697-44,LL Mountain Bike Socks - Black- 44,1975.0,R ,2013-03-25,
2723,CO-MF-141-48,HL Sport - Blue- 48,1224.0,T ,2014-02-05,
2019,CO-MF-513-42,LL HL Mountain Handlebars - Blue- 42,1297.0,S ,2019-05-22,2020-05-09
5417,CO-CS-665-58,ML LL Mountain Front Wheel - White- 58,,R ,2016-01-18,
1433,CO-HS-773-58,ML ML Road Frame - Red- 58,2138.0,R ,2019-10-31,2022-08-14
5155,CO-HB-849-58,HL Men's Sports Shorts - Silver- 58,3490.0,S ,2013-07-30,
5671,CL-TI-163-38,ML HL Bottom Bracket - Blue- 38,1936.0,R ,2023-07-12,
2696,CO-CS-400-52,ML Chain - White- 52,351.0,M ,2022-05-11,
6002,CL-JE-806-44,HL Long - Blue- 44,1271.0,M ,2018-06-07,
6463,CO-CH-757-58,ML ML Mountain Front Wheel - Blue- 58,1753.0,S ,2020-08-02,2024-08-27
4819,BI-RB-372-60,HL ML Road Frame - Red- 60,3314.0,R ,2012-06-28,2013-03-02
3092,BI-TB-921-42,HL LL Touring Frame - Red- 42,1419.0,S ,2014-02-22,2015-07-23
478,CO-PD-367-38,HL HL Road Pedal - Blue- 38,1736.0,S ,2020-11-11,2022-02-08
367,CO-PD-181-42,HL Touring - Silver- 42,3150.0,S ,2024-11-24,
5375,CL-SO-901-38,HL HL Mountain Front Wheel - Yellow- 38,1280.0,T ,2019-11-27,
4030,CO-RF-623-60,HL Bike Wash - Yellow- 60,868.0,S ,2023-05-25,2024-10-23
4772,AC-LI-540-42,ML Water Bottle - Yellow- 42,623.0,R ,2021-06-03,
2605,CO-MF-417-60,LL LL Road Front Wheel - Yellow- 60,1433.0,S ,2012-01-26,2013-03-27
3486,CL-SH-763-42,LL LL Crankset - White- 42,404.0,T ,2018-09-07,2020-06-12
6399,AC-FE-231-58,HL HL Mountain Frame - White- 58,2883.0,S ,2012-02-20,
1090,CL-JE-926-38,HL HL Touring Frame - Red- 38,2970.0,M ,2022-04-27,2025-04-11
812,CO-BR-827-52,LL ML Mountain Seat/Saddle - Yellow- 52,3089.0,S ,2017-01-29,
927,CO-TF-248-58,LL LL Road Pedal - Silver- 58,,T ,2012-07-14,
5552,AC-BS-956-52,HL Racing Socks - Silver- 52,1997.0,S ,2016-02-03,2017-06-13
3159,AC-BS-970-44,HL ML Mountain Frame - Red- 44,494.0,M ,2013-10-05,
2546,CO-HS-167-52,HL Road Tire Tube - White- 52,,M ,2019-10-23,2022-10-14
2677,AC-PA-114-44,LL HL Road Seat/Saddle - Black- 44,2222.0,M ,2015-02-15,
1778,AC-PU-862-62,HL LL Road Front Wheel - Blue- 62,2066.0,S ,2013-12-14,
308,CL-SH-758-42,LL LL Mountain Tire - Black- 42,,R ,2022-03-17,2024-08-27
1747,CO-SA-879-58,ML ML Road Rear Wheel - Yellow- 58,1819.0,S ,2013-04-03,2015-07-02
4458,AC-HE-181-48,LL LL Touring Seat/Saddle - Yellow- 48,,T ,2011-09-03,
5895,AC-LO-136-44,LL LL Mountain Frame - Black- 44,1108.0,,2023-10-24,2024-08-19
1367,CO-RF-986-42,HL ML Mountain Tire - Red- 42,991.0,M ,2020-03-27,2024-07-15
2338,AC-HE-747-58,ML Fender Set - Red- 58,,R ,2015-11-17,
6849,AC-BC-546-60,HL Hitch Rack - Blue- 60,,M ,2023-08-22,2027-03-21
6290,CL-SH-435-62,LL ML Road Pedal - Red- 62,215.0,S ,2017-09-24,2020-06-22
4765,AC-HP-332-44,HL HL Mountain Front Wheel - Red- 44,1170.0,T ,2016-05-03,2017-02-13
5287,AC-BS-703-58,ML HL Mountain Frame - Silver- 58,1770.0,R ,2024-02-29,
2365,CO-RF-168-48,ML ML Crankset - Red- 48,3273.0,T ,2013-01-22,
4589,AC-PA-940-42,ML HL Road Frame - Blue- 42,1313.0,S ,2015-12-28,2017-09-11
5676,BI-MB-669-60,LL Chain - White- 60,,R ,2022-07-04,
6866,AC-CL-836-38,ML Touring Tire - Black- 38,1126.0,M ,2023-07-24,2026-07-30
2620,AC-CL-274-62,HL Taillights - Blue- 62,1504.0,M ,2013-12-08,
2449,CL-SH-192-52,HL LL Road Handlebars - Black- 52,2103.0,M ,2011-07-09,
5532,CL-VE-668-38,LL LL Mountain Handlebars - White- 38,,R ,2023-11-15,2026-07-05
3027,CO-TF-125-38,HL ML Road Front Wheel - Black- 38,541.0,M ,2022-12-19,2026-07-25
774,CO-SA-702-42,ML ML Fork - Yellow- 42,2095.0,S ,2025-01-05,
800,AC-LI-516-52,LL HL Crankset - White- 52,1082.0,S ,2017-11-14,2022-04-04
258,BI-RB-604-52,ML HL Mountain Tire - Red- 52,1844.0,M ,2020-11-02,
5130,CO-HB-577-44,HL LL Road Tire - Red- 44,2182.0,S ,2012-11-09,2013-10-22
4265,AC-BC-436-42,LL Headlights - White- 42,939.0,S ,2011-06-26,
3079,CO-MF-679-60,ML ML Mountain Rear Wheel - Red- 60,2044.0,M ,2023-05-04,2025-12-02
6743,CL-VE-232-58,ML LL Touring Seat/Saddle - White- 58,1623.0,R ,2020-02-06,
6042,CO-HS-512-44,LL ML Road Frame - Blue- 44,3349.0,S ,2021-03-08,
6215,CO-CH-406-60,HL Chain - Black- 60,2346.0,R ,2022-12-31,2026-05-25
5163,CL-GL-895-42,ML LL Headset - Yellow- 42,1093.0,M ,2011-02-27,2013-09-27
4714,BI-RB-714-48,HL HL Mountain Rear Wheel - Silver- 48,3091.0,,2017-01-12,2019-10-09
1548,CL-BS-836-52,ML ML Road Rear Wheel - Yellow- 52,2475.0,T ,2019-07-08,
3268,CO-PD-662-42,HL LL Road Seat/Saddle - Yellow- 42,3054.0,S ,2015-05-06,
2477,CL-JE-548-44,ML HL Touring Seat/Saddle - Blue- 44,2548.0,T ,2018-12-16,
5571,CO-HS-977-38,HL ML Road Tire - Silver- 38,3467.0,M ,2022-02-05,2023-02-17
6869,CO-CH-769-62,ML HL Road Pedal - Black- 62,2820.0,S ,2018-12-23,
743,CO-BB-700-60,LL Water Bottle - White- 60,3096.0,,2021-07-25,
6850,BI-TB-504-60,ML LL Mountain Handlebars - Red- 60,1184.0,T ,2011-07-13,2015-02-03
1375,AC-PA-414-62,HL Mountain Pump - Black- 62,1741.0,M ,2016-10-09,2020-12-25
6676,CO-PD-120-60,ML HL Road Frame - Yellow- 60,1583.0,S ,2013-10-29,2014-08-02
727,AC-FE-988-44,ML Mountain Pump - Red- 44,487.0,S ,2017-02-04,
2529,AC-FE-529-42,HL Men's Sports Shorts - Yellow- 42,-112.0,S ,2012-12-07,
3350,CO-SA-264-44,LL HL Road Front Wheel - Red- 44,1399.0,S ,2012-04-11,
5231,AC-CL-641-62,LL HL Crankset - Black- 62,2904.0,S ,2014-07-30,
5351,AC-BR-420-58,ML ML Bottom Bracket - Silver- 58,120.0,R ,2020-05-07,2021-11-02
3028,AC-FE-468-52,LL LL Mountain Tire - Black- 52,1898.0,R ,2014-11-29,2014-05-08
5615,CL-SO-205-44,ML Chain - Blue- 44,2054.0,M ,2015-01-24,2017-07-26
4479,CO-BB-454-48,ML Front Derailleur - Black- 48,1740.0,R ,2021-03-30,2022-02-22
3741,AC-BS-158-60,LL LL Fork - White- 60,92.0,R ,2012-04-14,
6387,AC-LO-596-58,ML Touring - Black- 58,61.0,S ,2013-08-25,2016-02-12
857,CL-CA-407-44,HL ML Touring Seat/Saddle - Red- 44,3364.0,T ,2016-02-21,
550,CL-BS-956-44,ML Hitch Rack - Black- 44,733.0,S ,2018-10-31,2021-01-20
2791,CO-BR-431-48,HL LL Mountain Seat/Saddle - White- 48,1050.0,T ,2013-10-18,2017-09-10
1055,CL-VE-290-62,HL LL Mountain Rear Wheel - Silver- 62,,M ,2011-10-28,2013-02-03
3393,CO-HS-598-44,HL Touring - Silver- 44,949.0,T ,2018-11-15,2021-01-18
4987,AC-PU-509-60,ML Men's Bib - White- 60,2188.0,M ,2016-07-17,2019-03-01
3090,CO-CH-256-38,LL HL Road Handlebars - Blue- 38,,,2024-10-28,2026-12-26
5058,AC-TT-835-44,ML Touring Pedal - Black- 44,3289.0,M ,2016-06-08,
4618,CL-SH-239-38,LL LL Road Handlebars - Black- 38,3454.0,M ,2024-01-08,2027-12-28
4997,AC-FE-571-60,HL HL Touring Handlebars - Yellow- 60,135.0,R ,2013-03-02,
5388,CL-GL-209-52,LL HL Mountain Frame - White- 52,2654.0,,2020-08-01,
3480,CO-HB-576-60,HL ML Mountain Tire - Red- 60,1464.0,T ,2023-04-24,
2185,AC-HE-293-58,HL Women's Mountain Shorts - Black- 58,2798.0,S ,2022-08-22,
3646,CL-GL-938-52,LL HL Road Handlebars - White- 52,3461.0,S ,2014-01-22,2013-11-07
5262,AC-BS-901-58,LL Touring Tire Tube - White- 58,763.0,T ,2016-04-25,2017-11-06
3711,CO-HS-980-60,LL ML Mountain Seat/Saddle - White- 60,2760.0,S ,2020-08-19,
248,CL-JE-783-48,HL Front Brakes - Silver- 48,,S ,2017-06-07,
3304,CL-SH-382-42,LL HL Headset - Silver- 42,2923.0,M ,2014-06-23,
4171,AC-BR-584-58,LL Road Tire Tube - Yellow- 58,2114.0,R ,2017-07-16,
3226,CO-BR-681-42,ML LL Touring Handlebars - White- 42,162.0,R ,2017-01-23,2018-01-18
2043,CO-PD-690-62,LL Road Bottle Cage - Red- 62,1725.0,S ,2018-08-24,
1298,AC-CL-957-52,HL LL Road Front Wheel - Blue- 52,2015.0,M ,2013-04-22,
1740,AC-LO-699-60,HL Hydration Pack - Black- 60,1773.0,R ,2014-12-09,
4243,AC-TT-139-62,LL HL Road Seat/Saddle - White- 62,1365.0,M ,2011-09-25,2013-11-14
3614,AC-PA-437-38,HL HL Touring Seat/Saddle - Silver- 38,42.0,R ,2021-08-11,
3706,AC-BS-913-62,ML HL Road Pedal - Blue- 62,2328.0,S ,2013-10-24,
971,BI-TB-259-52,HL Short - Blue- 52,2246.0,T ,2015-06-07,
5173,AC-PA-781-42,LL ML Headset - Silver- 42,959.0,S ,2024-10-19,
944,AC-LI-432-38,HL ML Mountain Tire - Black- 38,1303.0,R ,2024-01-31,2027-10-02
1699,CL-SH-323-48,HL ML Mountain Handlebars - Blue- 48,2205.0,T ,2018-05-25,
4952,CL-BS-817-42,LL ML Road Tire - Silver- 42,110.0,M ,2017-07-06,2020-01-27
3656,AC-FE-860-38,LL Rear Brakes - White- 38,1224.0,S ,2014-02-24,2016-03-11
1207,AC-LO-598-44,HL Touring Pedal - Red- 44,1080.0,R ,2020-07-27,
3374,AC-HE-948-42,LL ML Headset - Black- 42,2346.0,M ,2019-05-01,2023-01-06
1938,CO-MF-717-52,HL Road Tire Tube - Yellow- 52,2511.0,M ,2019-04-05,
1844,AC-CL-124-58,LL All - Red- 58,1279.0,T ,2018-08-02,
3389,AC-TT-627-38,LL Rear Brakes - Red- 38,1366.0,T ,2013-06-12,
3813,CL-JE-712-60,LL Road Bottle Cage - Red- 60,821.0,T ,2018-06-29,
4541,CL-TI-374-42,HL Road - Silver- 42,1079.0,R ,2020-11-16,2025-06-29
5695,AC-BC-151-44,ML ML Touring Seat/Saddle - Blue- 44,2889.0,T ,2018-12-01,2023-10-13
2223,CO-FO-866-42,LL Touring Rear Wheel - Silver- 42,2709.0,S ,2024-12-27,
5866,CL-TI-177-52,HL ML Road Tire - Silver- 52,281.0,T ,2019-05-08,
6082,CL-SO-350-62,LL LL Touring Seat/Saddle - Red- 62,2477.0,T ,2024-08-31,2027-07-01
4933,AC-FE-318-52,LL Mountain Tire Tube - White- 52,,M ,2020-07-20,
4179,CO-WH-867-52,HL Women's Tights - Blue- 52,527.0,T ,2018-09-13,
1118,CL-TI-934-60,ML Cable Lock - White- 60,1935.0,T ,2011-05-24,2016-04-26
1434,AC-PU-771-60,HL LL Road Front Wheel - Yellow- 60,2009.0,R ,2012-04-06,
6719,CL-SO-890-60,LL ML Road Seat/Saddle - White- 60,3468.0,M ,2021-09-14,
2175,AC-HP-449-44,LL Sport - Black- 44,2949.0,T ,2018-06-20,
5592,BI-MB-136-60,LL ML Mountain Front Wheel - White- 60,2020.0,R ,2020-05-01,
2313,CO-BR-371-62,ML LL Mountain Handlebars - Silver- 62,2153.0,S ,2016-09-21,2018-12-16
6658,AC-FE-968-58,LL Road - Silver- 58,3367.0,R ,2023-11-09,2028-03-16
3886,AC-FE-406-42,HL Front Brakes - Red- 42,1219.0,S ,2021-08-16,
5826,CL-VE-712-44,ML LL Headset - Yellow- 44,1462.0,T ,2024-08-13,
2817,CO-RF-979-52,LL HL Road Handlebars - Black- 52,1261.0,S ,2013-09-03,2017-09-24
1417,AC-FE-840-38,HL HL Road Seat/Saddle - Red- 38,1662.0,R ,2015-06-26,
1773,CO-MF-262-42,ML Mountain Pump - White- 42,,R ,2011-10-22,2011-08-28
525,CL-TI-946-42,HL ML Mountain Front Wheel - Black- 42,629.0,T ,2014-10-10,
5182,AC-BS-633-52,ML HL Road Tire - Red- 52,2583.0,T ,2022-10-20,
233,CO-BR-599-48,ML LL Mountain Front Wheel - Black- 48,,M ,2024-04-01,
6575,AC-TT-663-44,ML HL Road Front Wheel - Blue- 44,,M ,2016-03-11,2017-10-03
2085,AC-LO-539-38,HL ML Headset - Red- 38,2704.0,T ,2012-07-14,2013-09-08
3314,CO-FO-915-44,LL ML Road Tire - Silver- 44,3170.0,S ,2020-10-08,
4414,AC-CL-158-62,LL LL Road Rear Wheel - White- 62,741.0,T ,2015-04-15,
1885,CO-SA-100-48,ML ML Road Seat/Saddle - White- 48,2759.0,S ,2019-09-06,
4866,AC-PA-632-44,LL AWC Logo Cap - Silver- 44,,S ,2015-06-23,
4858,AC-HE-139-62,ML Headlights - Blue- 62,1736.0,R ,2021-11-14,
2882,AC-BC-638-52,LL HL Touring Frame - Blue- 52,191.0,,2022-02-02,
1851,AC-FE-575-38,HL Mountain Pump - Yellow- 38,1198.0,T ,2012-04-10,
4521,CO-SA-813-38,LL LL Bottom Bracket - Red- 38,1775.0,S ,2021-06-29,2024-11-10
4794,AC-HP-632-52,LL ML Fork - Black- 52,2257.0,M ,2021-05-26,
2648,CO-FO-831-52,ML Minipump - Blue- 52,2393.0,R ,2015-01-14,
1832,CL-TI-858-44,LL Hitch Rack - White- 44,791.0,T ,2017-08-12,
1081,AC-HP-598-48,LL All - Blue- 48,119.0,T ,2021-07-17,2025-03-08
5513,AC-HE-716-60,LL HL Touring Frame - Blue- 60,1933.0,R ,2025-03-09,2027-06-02
4216,AC-PA-925-38,ML Half - Yellow- 38,2054.0,R ,2018-03-29,2019-10-19
5307,AC-TT-545-44,LL HL Touring Seat/Saddle - Red- 44,3260.0,R ,2016-08-31,
656,CO-FO-908-42,HL LL Mountain Handlebars - Silver- 42,680.0,M ,2016-06-25,2019-12-20
972,AC-LI-289-38,HL HL Mountain Rear Wheel - White- 38,678.0,T ,2016-04-04,
2028,AC-BS-904-58,HL LL Fork - Yellow- 58,2486.0,S ,2015-09-15,
4991,AC-BC-833-52,HL LL Touring Frame - White- 52,2061.0,R ,2018-08-04,2022-07-05
531,BI-TB-907-60,ML ML Mountain Pedal - Black- 60,286.0,M ,2012-03-27,2015-03-26
5869,CO-HS-966-48,LL Short - White- 48,2609.0,S ,2024-10-13,
3815,CO-HS-347-44,LL LL Crankset - Silver- 44,2806.0,M ,2020-05-12,
2822,CL-VE-499-60,HL HL Road Front Wheel - Blue- 60,,R ,2012-05-11,2013-11-29
3708,CL-GL-723-42,HL Chain - White- 42,7.0,T ,2018-12-16,
376,CL-BS-827-38,ML HL Touring Seat/Saddle - Black- 38,2850.0,M ,2012-10-18,
1981,AC-BS-600-62,HL ML Fork - Black- 62,437.0,R ,2024-10-11,
834,BI-MB-624-38,HL Mountain Pump - Red- 38,469.0,R ,2019-10-10,2023-03-31
5410,CL-JE-271-38,HL LL Bottom Bracket - Silver- 38,3221.0,T ,2013-05-17,2014-06-04
2976,AC-LI-381-52,LL LL Touring Frame - White- 52,238.0,S ,2019-11-18,
5328,AC-PU-421-62,ML ML Touring Seat/Saddle - Red- 62,3136.0,S ,2014-05-04,2017-12-06
4317,CO-PD-723-60,LL LL Mountain Pedal - Red- 60,,S ,2017-12-17,
4661,AC-PU-204-44,ML HL Mountain Pedal - Blue- 44,1111.0,S ,2012-08-29,
1619,CO-CS-751-44,LL ML Mountain Frame - Yellow- 44,877.0,S ,2020-04-23,
6783,CO-CH-407-38,HL HL Touring Frame - Yellow- 38,,T ,2015-05-18,
4402,CO-SA-245-42,LL HL Road Front Wheel - Silver- 42,1344.0,T ,2017-08-16,
3857,CO-HB-537-44,LL ML Road Handlebars - Blue- 44,2486.0,R ,2013-04-15,2014-03-10
5521,CO-FO-948-60,ML LL Road Pedal - Black- 60,793.0,M ,2016-05-10,2021-01-26
5132,CO-MF-758-62,HL LL Bottom Bracket - Silver- 62,1924.0,S ,2018-10-09,
360,AC-BC-438-60,HL Mountain Pump - White- 60,3434.0,,2015-02-20,
6144,AC-HE-460-38,ML Men's Bib - Silver- 38,1256.0,S ,2023-03-19,2022-09-29
4021,CL-JE-113-38,HL HL Road Pedal - Blue- 38,1319.0,S ,2017-12-13,
3655,CO-BR-770-44,ML ML Mountain Front Wheel - Red- 44,1877.0,R ,2022-06-29,2023-10-01
4271,AC-FE-488-52,ML Touring Pedal - Black- 52,1284.0,S ,2017-11-04,2020-02-01
4850,AC-BC-213-38,ML HL Mountain Seat/Saddle - Silver- 38,,R ,2012-01-15,
424,CO-HB-220-48,LL LL Road Handlebars - Silver- 48,,R ,2023-01-18,
6615,CL-JE-522-38,ML Hitch Rack - Red- 38,3224.0,R ,2023-02-06,2024-02-26
3052,CL-VE-692-48,HL LL Touring Frame - White- 48,1365.0,T ,2015-07-27,
1206,AC-CL-158-62,HL HL Mountain Pedal - Black- 62,1863.0,S ,2018-12-29,2021-09-05
1976,CO-WH-892-58,ML ML Mountain Handlebars - White- 58,2342.0,R ,2017-08-08,2019-07-03
3960,AC-PA-944-62,ML LL Road Handlebars - Red- 62,1829.0,T ,2011-10-08,
6515,BI-MB-817-38,LL Hitch Rack - Blue- 38,2870.0,R ,2017-07-08,
5774,AC-LO-299-42,ML Half - White- 42,3245.0,T ,2019-01-09,
4386,AC-PA-909-48,HL HL Headset - Black- 48,430.0,S ,2020-10-20,
822,CO-FO-223-48,LL LL Road Pedal - Black- 48,2645.0,R ,2019-08-24,2020-07-16
2985,AC-BC-558-38,HL HL Touring Handlebars - Blue- 38,3014.0,T ,2017-03-07,2021-12-15
6102,AC-LO-298-60,LL ML Mountain Rear Wheel - White- 60,369.0,M ,2020-05-15,2024-10-01
5109,CO-SA-527-58,HL ML Mountain Seat/Saddle - White- 58,1792.0,R ,2022-10-24,2025-11-30
242,CO-CS-415-42,LL ML Mountain Rear Wheel - Black- 42,2645.0,M ,2021-01-11,2022-11-12
1124,AC-FE-209-38,LL ML Mountain Tire - Blue- 38,170.0,R ,2011-02-12,
221,CL-SH-327-62,HL Racing Socks - Yellow- 62,3182.0,M ,2024-12-19,
497,CO-TF-907-42,HL Touring Tire - Red- 42,2564.0,S ,2014-07-15,
2509,AC-BR-446-38,ML HL Fork - Blue- 38,2142.0,S ,2016-03-22,
4847,CO-BB-516-62,HL Taillights - Yellow- 62,1010.0,R ,2012-09-14,
3201,CO-BR-993-38,HL LL Road Pedal - Blue- 38,2725.0,T ,2020-05-13,2024-11-12
3488,AC-FE-633-58,ML Patch Kit/8 Patches - White- 58,1254.0,S ,2021-01-18,
1439,AC-LO-163-52,HL ML Fork - Red- 52,106.0,S ,2024-10-02,
3842,CL-SH-273-44,LL HL Touring Frame - Yellow- 44,3454.0,T ,2021-07-26,
6739,AC-BS-158-60,LL LL Fork - White- 60,92.0,R ,2012-04-14,
1546,CO-FO-148-62,ML LL Mountain Front Wheel - Blue- 62,255.0,S ,2012-03-17,
2307,AC-BR-945-60,LL Taillights - Blue- 60,65.0,M ,2016-10-20,
5567,CO-SA-917-52,ML HL Touring Frame - Black- 52,3036.0,T ,2013-08-22,
5778,CO-BB-163-48,HL ML Headset - Yellow- 48,,R ,2011-07-07,
1451,AC-FE-872-58,ML LL Mountain Handlebars - Blue- 58,886.0,M ,2018-01-09,2019-08-13
5134,CO-RF-227-38,HL LL Touring Frame - Black- 38,393.0,M ,2023-04-25,2024-11-19
2201,CO-MF-225-38,HL Classic Vest - Silver- 38,2064.0,R ,2024-11-27,2025-12-11
3309,CO-CH-651-52,LL Front Derailleur - White- 52,3009.0,R ,2023-01-31,2024-03-06
3973,CO-FO-202-60,LL ML Mountain Pedal - White- 60,1014.0,T ,2013-04-16,2015-01-03
6609,CL-SO-123-62,ML HL Road Frame - White- 62,2378.0,R ,2011-11-05,
4209,CL-SH-559-62,HL ML Mountain Tire - Yellow- 62,,T ,2015-03-25,2019-07-10
4108,AC-PA-918-42,HL ML Road Pedal - Blue- 42,2425.0,S ,2020-11-16,2022-04-10
3921,CO-PD-819-44,LL Minipump - Silver- 44,1062.0,R ,2025-01-08,
477,BI-TB-392-62,ML HL Touring Seat/Saddle - Red- 62,,M ,2017-10-30,
763,AC-PA-240-44,LL ML Touring Seat/Saddle - Black- 44,1115.0,S ,2020-08-20,2023-03-16
2656,CO-MF-969-60,ML Headlights - White- 60,2997.0,R ,2021-02-22,
4832,CO-HS-713-38,LL LL Mountain Pedal - Yellow- 38,3335.0,R ,2020-05-27,2023-12-02
6660,AC-PA-135-38,HL Road Tire Tube - Yellow- 38,2643.0,R ,2015-10-09,2016-07-07
6161,AC-BR-481-62,LL Touring Pedal - Blue- 62,-2456.0,M ,2011-08-21,2013-09-24
2573,AC-CL-236-48,ML Road - Blue- 48,103.0,R ,2015-02-12,
6483,AC-LI-816-42,HL ML Road Tire - Yellow- 42,413.0,S ,2018-06-26,
5587,CO-DE-162-62,ML LL Mountain Rear Wheel - Yellow- 62,1052.0,R ,2014-04-06,
3428,CL-TI-471-60,ML Patch Kit/8 Patches - Yellow- 60,2828.0,M ,2016-01-09,2017-10-26
4042,AC-LI-150-38,LL LL Mountain Seat/Saddle - Red- 38,434.0,M ,2017-03-22,
2327,AC-FE-105-48,ML Classic Vest - Red- 48,,M ,2021-12-19,2025-12-25
2284,CO-HS-638-62,HL Long - White- 62,1362.0,S ,2020-07-08,2025-01-21
4475,AC-TT-956-44,ML LL Road Tire - Red- 44,3298.0,,2017-09-23,
6418,AC-CL-915-38,HL LL Mountain Seat/Saddle - Red- 38,2386.0,T ,2019-05-22,2018-08-30
1523,CO-CH-244-48,HL HL Touring Seat/Saddle - Yellow- 48,1161.0,R ,2020-04-05,2023-08-19
5514,CO-DE-819-62,HL Headlights - Yellow- 62,2343.0,S ,2022-08-15,
4041,CL-BS-284-44,ML ML Mountain Rear Wheel - Blue- 44,2929.0,T ,2011-10-17,
6124,BI-MB-939-44,LL Patch Kit/8 Patches - Yellow- 44,364.0,,2011-09-16,
6559,AC-TT-997-62,LL ML Touring Seat/Saddle - White- 62,1262.0,S ,2019-04-18,
5453,AC-TT-227-60,ML ML Crankset - White- 60,637.0,S ,2023-12-14,
5386,AC-FE-630-48,LL Water Bottle - Red- 48,768.0,T ,2024-06-03,
1499,AC-LI-886-52,LL LL Mountain Frame - Black- 52,1879.0,R ,2011-03-10,
3192,CO-BR-282-44,ML LL Crankset - Black- 44,3328.0,T ,2012-07-18,
5068,AC-FE-866-52,HL Rear Brakes - Silver- 52,3083.0,M ,2018-07-01,2019-09-24
6429,AC-BR-702-60,ML HL Touring Frame - Yellow- 60,,T ,2016-03-29,2016-12-12
3388,BI-TB-201-52,HL ML Fork - Blue- 52,801.0,T ,2024-02-08,2026-12-19
2275,AC-LI-885-62,HL HL Road Front Wheel - White- 62,,M ,2014-03-26,
6723,AC-LI-585-48,LL Women's Tights - Red- 48,760.0,S ,2024-05-14,
4693,CO-BR-338-44,ML ML Mountain Tire - Black- 44,1127.0,T ,2020-08-29,2024-03-11
1413,CO-SA-948-48,ML ML Touring Seat/Saddle - Red- 48,33.0,R ,2015-08-03,2016-12-12
1519,BI-RB-731-52,ML HL Road Seat/Saddle - White- 52,1657.0,T ,2013-05-22,2018-01-26
6199,AC-FE-340-62,HL HL Mountain Rear Wheel - Blue- 62,784.0,R ,2017-02-08,
4960,CL-GL-436-48,LL LL Road Front Wheel - White- 48,36.0,M ,2022-09-25,2026-01-17
1299,CO-WH-213-48,ML Fender Set - Red- 48,216.0,T ,2018-07-15,
362,CL-JE-523-58,HL LL Mountain Frame - Black- 58,,S ,2023-01-15,2024-10-23
1625,AC-TT-652-44,HL Touring - Yellow- 44,1566.0,M ,2013-10-19,
6103,BI-MB-748-62,HL LL Mountain Handlebars - Silver- 62,456.0,R ,2021-02-04,
4142,BI-MB-110-42,ML LL Mountain Pedal - Red- 42,1516.0,R ,2021-07-29,2025-12-15
1581,CO-WH-808-38,HL Mountain Tire Tube - Red- 38,2327.0,T ,2013-09-26,2018-01-17
4989,CO-DE-697-44,LL ML Road Tire - Blue- 44,3061.0,T ,2016-10-09,
6416,CO-DE-430-38,LL Sport - Silver- 38,2539.0,R ,2024-06-16,
2751,CL-JE-240-52,LL HL Crankset - Yellow- 52,1594.0,T ,2016-07-05,2020-02-09
3376,BI-TB-399-38,ML LL Road Pedal - Silver- 38,2684.0,M ,2012-01-25,
994,AC-CL-904-62,HL Men's Bib - Black- 62,,,2021-12-01,
4336,CO-BR-172-62,ML ML Mountain Handlebars - Red- 62,1356.0,S ,2024-04-26,
2961,BI-MB-822-42,ML Cable Lock - White- 42,2851.0,S ,2014-04-20,
4391,CO-CH-407-38,HL HL Touring Frame - Yellow- 38,,T ,2015-05-18,
1368,AC-CL-851-42,LL HL Mountain Frame - Red- 42,2246.0,T ,2011-11-22,
5711,BI-RB-684-58,LL Bike Wash - Blue- 58,3123.0,S ,2011-01-22,2012-12-07
4548,BI-MB-397-60,HL ML Mountain Tire - Red- 60,-1237.0,T ,2015-06-22,
4024,CO-TF-879-44,LL LL Fork - Yellow- 44,552.0,R ,2017-10-02,
3367,AC-HP-515-58,LL LL Bottom Bracket - White- 58,2726.0,R ,2021-12-05,2024-01-02
6852,CO-MF-351-44,ML HL Road Frame - Black- 44,1482.0,T ,2016-05-03,
2517,CO-BR-491-44,ML ML Touring Seat/Saddle - Red- 44,,T ,2017-02-28,2020-07-17
1000,CO-BR-851-62,LL LL Bottom Bracket - Blue- 62,1494.0,M ,2024-07-10,2026-12-21
4406,BI-MB-304-52,LL Full - Red- 52,2670.0,R ,2022-05-01,2025-11-21
655,CO-HS-522-62,ML LL Mountain Front Wheel - White- 62,135.0,T ,2011-09-03,
4914,BI-MB-117-52,ML ML Fork - White- 52,3028.0,,2022-04-20,
1463,CO-RF-645-42,LL Water Bottle - Silver- 42,,R ,2022-11-15,
5580,CL-VE-315-62,LL HL Mountain Handlebars - Yellow- 62,1421.0,T ,2017-03-04,
3285,CO-WH-972-58,LL Headlights - Silver- 58,3409.0,R ,2019-01-21,
6730,AC-FE-644-42,ML ML Road Frame - Red- 42,502.0,T ,2019-10-14,2022-01-31
6440,CO-RF-219-42,LL Patch Kit/8 Patches - Black- 42,2590.0,T ,2016-01-17,2019-02-28
4885,AC-LI-211-48,LL Women's Tights - Yellow- 48,2341.0,M ,2019-01-04,
2195,CL-CA-998-52,ML LL Road Frame - White- 52,,,2012-12-05,
2190,AC-BC-464-42,LL LL Mountain Pedal - White- 42,3074.0,R ,2023-02-11,
5096,CL-VE-274-44,LL Women's Tights - White- 44,101.0,S ,2016-07-08,
5815,CO-BB-240-42,HL Hitch Rack - Black- 42,1053.0,R ,2013-03-04,
1626,BI-RB-423-38,ML Water Bottle - Yellow- 38,1819.0,S ,2019-04-14,
3063,CL-GL-343-44,ML LL Mountain Handlebars - Silver- 44,483.0,T ,2018-10-11,2021-12-13
2962,CL-SH-740-48,LL ML Mountain Tire - Red- 48,436.0,S ,2020-07-05,
3134,CO-SA-915-44,ML HL Mountain Front Wheel - Yellow- 44,1239.0,,2012-06-01,2014-12-19
5266,CL-JE-643-52,HL ML Mountain Rear Wheel - Red- 52,728.0,T ,2013-02-26,
4912,CO-MF-232-44,ML LL Bottom Bracket - Red- 44,2421.0,T ,2012-09-06,2015-08-01
4369,CO-DE-724-52,LL Taillights - Red- 52,360.0,M ,2016-05-26,2018-01-13
3131,CL-CA-772-42,LL LL Bottom Bracket - Blue- 42,3113.0,M ,2013-05-12,
1479,CL-JE-688-44,ML Short - Red- 44,2678.0,M ,2019-10-27,2023-03-25
4941,AC-BR-225-52,HL ML Mountain Frame - White- 52,2626.0,T ,2018-04-24,
5955,AC-PU-602-42,HL ML Road Front Wheel - Yellow- 42,,T ,2019-09-06,
1219,AC-HE-532-58,HL Rear Derailleur - Blue- 58,370.0,M ,2011-12-07,
3452,AC-BC-748-42,LL Road Bottle Cage - Black- 42,1647.0,T ,2022-09-20,
3415,CL-SO-634-48,ML LL Mountain Tire - Blue- 48,,M ,2016-01-07,2018-07-23
2305,CO-CH-773-62,LL ML Bottom Bracket - Red- 62,507.0,R ,2018-12-20,
6473,CL-SO-827-52,LL LL Headset - Black- 52,2558.0,S ,2019-04-18,
6529,CO-PD-166-52,HL HL Bottom Bracket - Silver- 52,1108.0,T ,2012-04-05,2013-09-05
4923,CO-HS-375-52,ML HL Mountain Front Wheel - Black- 52,1896.0,M ,2014-05-21,2018-08-12
3690,AC-PA-415-52,LL ML Headset - Yellow- 52,,R ,2015-03-30,
4323,AC-PU-835-48,HL LL Road Frame - Red- 48,167.0,S ,2011-06-14,2012-02-11
1282,AC-HE-188-60,HL ML Crankset - Blue- 60,3120.0,T ,2025-01-27,
4566,CO-BB-423-42,HL Women's Mountain Shorts - White- 42,,T ,2018-06-22,
2916,CL-SO-929-42,LL HL Touring Handlebars - Black- 42,-50.0,R ,2020-11-03,2024-05-04
1217,CO-CS-321-44,HL LL Crankset - Black- 44,702.0,S ,2018-07-04,2019-06-20
922,AC-BR-577-52,ML ML Road Rear Wheel - Silver- 52,3274.0,S ,2020-09-21,2022-01-04
3179,AC-PU-660-44,ML LL Touring Frame - Silver- 44,2343.0,T ,2024-07-29,
4955,CL-SO-549-48,ML HL Road Front Wheel - White- 48,704.0,R ,2017-07-22,2018-05-25
2694,CO-FO-241-60,HL HL Mountain Pedal - Black- 60,1303.0,R ,2015-08-25,
3866,CL-SO-707-38,LL Mountain Tire Tube - Yellow- 38,2514.0,R ,2023-04-16,2026-05-22
2219,AC-BR-575-60,ML ML Mountain Frame - Yellow- 60,1040.0,T ,2020-09-30,
3940,CO-HB-941-44,LL ML Fork - Yellow- 44,3218.0,M ,2016-11-15,2019-05-10
2418,CL-JE-727-48,LL Road Tire Tube - White- 48,1237.0,S ,2019-03-14,
1096,CO-WH-865-60,HL ML Road Frame - Blue- 60,3337.0,S ,2023-07-13,
5696,CL-VE-742-52,LL Minipump - Silver- 52,966.0,S ,2022-05-31,
405,CO-RF-244-58,ML Touring Pedal - Blue- 58,2087.0,R ,2022-03-20,
4608,BI-TB-891-48,HL Chain - Blue- 48,1432.0,M ,2017-02-19,
1347,CO-FO-739-52,LL Taillights - Blue- 52,1724.0,R ,2023-11-18,
586,CL-JE-653-42,LL Sport - Silver- 42,3133.0,M ,2012-02-27,2016-03-14
2210,CO-PD-409-52,LL LL Mountain Rear Wheel - White- 52,2249.0,T ,2015-10-15,2020-09-16
5841,AC-LI-998-62,ML Headlights - Yellow- 62,2934.0,R ,2023-04-21,
5200,CL-JE-707-38,LL Water Bottle - Yellow- 38,1410.0,T ,2011-07-30,2013-12-23
4678,CO-CH-941-38,HL LL Road Tire - Black- 38,2905.0,S ,2011-08-21,2013-09-16
6022,AC-BR-972-58,HL Women's Mountain Shorts - Silver- 58,2895.0,T ,2013-04-04,2014-03-18
6551,CO-FO-654-52,LL HL Touring Frame - Silver- 52,2014.0,M ,2017-02-06,2019-06-08
3136,CL-TI-987-48,ML Touring Rear Wheel - Black- 48,1145.0,T ,2011-07-04,
5004,AC-CL-564-60,LL LL Mountain Frame - Yellow- 60,1050.0,S ,2014-10-19,
3824,AC-LI-770-60,LL Touring Front Wheel - Yellow- 60,2822.0,S ,2019-08-27,
3456,AC-TT-620-48,HL HL Road Handlebars - Blue- 48,1697.0,T ,2016-01-03,2016-07-24
1871,CO-PD-894-42,ML Racing Socks - Blue- 42,299.0,R ,2011-05-01,
6511,AC-BR-262-52,LL Touring - Red- 52,2396.0,S ,2016-11-01,2017-06-15
1476,CO-WH-339-52,LL LL Road Frame - Red- 52,419.0,M ,2019-11-15,2022-01-29
2140,CO-PD-154-42,LL LL Headset - Blue- 42,3242.0,M ,2016-06-18,
2001,AC-HE-663-38,HL Touring Rear Wheel - Yellow- 38,3381.0,M ,2015-11-05,2018-07-18
4978,CL-TI-762-42,ML Road Tire Tube - Red- 42,683.0,,2012-02-06,
5083,AC-BS-715-48,HL LL Mountain Front Wheel - Black- 48,1344.0,R ,2011-01-26,
3684,CO-WH-227-38,LL LL Mountain Seat/Saddle - Silver- 38,2993.0,T ,2017-09-24,
5796,BI-TB-960-58,ML LL Road Seat/Saddle - Silver- 58,2335.0,M ,2021-03-25,
1182,AC-HE-227-62,HL HL Mountain Pedal - Blue- 62,2007.0,S ,2024-10-11,2027-08-21
3673,CO-CH-964-38,LL ML Road Seat/Saddle - Blue- 38,2184.0,T ,2017-09-23,2022-03-02
1394,CO-HB-584-62,HL LL Mountain Front Wheel - Red- 62,2357.0,S ,2020-01-06,
6620,AC-PA-646-44,ML Bike Wash - Blue- 44,2339.0,R ,2023-04-05,
5290,BI-RB-832-52,LL LL Road Rear Wheel - Blue- 52,2021.0,S ,2013-10-24,2018-05-23
371,BI-TB-884-60,HL HL Bottom Bracket - Yellow- 60,2734.0,T ,2015-05-15,2020-01-07
2337,CO-BR-316-48,HL HL Headset - Blue- 48,,,2021-04-03,2022-04-17
1509,AC-HE-690-58,ML Water Bottle - Yellow- 58,1515.0,M ,2023-07-25,
6160,CO-HB-479-58,ML Mountain Pump - Black- 58,3176.0,T ,2011-04-26,
6604,AC-HE-637-42,HL Front Derailleur - Silver- 42,3188.0,S ,2017-10-10,2022-04-21
4560,AC-FE-294-62,ML AWC Logo Cap - Silver- 62,747.0,M ,2012-01-13,
2294,CL-SH-127-44,HL Rear Derailleur - Black- 44,2681.0,,2021-09-19,2021-02-11
1183,AC-FE-113-42,ML HL Touring Seat/Saddle - Blue- 42,1064.0,R ,2023-11-19,2026-07-09
6453,CO-BR-935-52,LL HL Fork - Blue- 52,1741.0,S ,2025-03-06,2028-10-21
2240,CO-CH-193-58,ML Long - Blue- 58,810.0,T ,2023-02-16,
3140,CO-BB-293-44,HL LL Touring Seat/Saddle - Silver- 44,3181.0,,2021-10-09,
2108,CL-SO-222-60,ML LL Mountain Pedal - Black- 60,955.0,M ,2018-09-03,
4849,CO-HS-590-62,LL HL Mountain Tire - Black- 62,2351.0,M ,2023-04-07,2027-02-07
3631,CO-CS-305-60,LL ML Mountain Tire - Blue- 60,1750.0,M ,2021-12-23,2025-08-02
3923,CO-RF-441-48,HL Men's Sports Shorts - White- 48,2574.0,R ,2022-08-19,
6683,AC-HP-605-44,HL Water Bottle - Blue- 44,85.0,M ,2015-08-09,
4925,AC-BC-100-58,HL HL Road Frame - Red- 58,1492.0,S ,2024-11-08,2028-05-08
3460,AC-LI-615-62,LL Road Tire Tube - Yellow- 62,3116.0,,2022-05-03,
3343,CO-MF-143-38,LL LL Crankset - Yellow- 38,811.0,R ,2013-05-29,2017-09-25
543,AC-PU-620-52,HL ML Mountain Frame - Blue- 52,,,2020-04-24,
6341,AC-BS-654-62,ML LL Road Tire - Black- 62,3471.0,S ,2011-01-21,
6054,AC-PU-647-52,ML LL Touring Seat/Saddle - White- 52,134.0,T ,2015-05-19,2017-09-15
943,AC-BC-764-44,LL LL Mountain Seat/Saddle - White- 44,484.0,R ,2013-02-12,
2304,CO-BR-892-44,LL HL Road Pedal - Red- 44,1244.0,,2015-06-23,
1887,AC-CL-823-38,HL ML Mountain Handlebars - Red- 38,,T ,2015-02-13,2017-03-30
2354,CL-JE-343-38,HL HL Road Front Wheel - Silver- 38,2136.0,S ,2014-08-20,2019-05-29
726,CL-CA-451-38,LL LL Crankset - White- 38,486.0,S ,2024-05-16,
1722,CO-RF-289-60,ML Mountain - Silver- 60,2906.0,T ,2018-01-15,2019-10-04
2819,BI-RB-992-42,ML ML Road Tire - Yellow- 42,1559.0,M ,2024-05-29,2025-05-21
3513,CL-GL-532-62,HL HL Mountain Tire - Silver- 62,,M ,2014-09-20,
4634,CO-PD-269-52,HL Fender Set - White- 52,2477.0,M ,2019-05-04,
2292,CL-BS-641-62,ML Rear Derailleur - Black- 62,2904.0,R ,2012-01-01,2013-06-23
996,CL-SH-918-42,ML Mountain Bottle Cage - White- 42,115.0,S ,2011-04-13,2015-08-25
2815,CO-HS-637-38,ML HL Road Seat/Saddle - White- 38,,,2014-08-29,
1662,CO-CS-973-52,HL Bike Wash - Black- 52,2190.0,S ,2015-10-01,
3793,CO-HS-793-60,HL ML Mountain Frame - Black- 60,176.0,R ,2021-06-29,2024-07-16
1524,AC-BS-534-44,ML HL Road Front Wheel - Silver- 44,188.0,S ,2013-12-22,
5180,CO-FO-480-58,ML HL Mountain Rear Wheel - Yellow- 58,3244.0,T ,2013-07-28,2015-04-23
6465,CL-BS-878-52,ML Taillights - White- 52,2987.0,M ,2012-07-29,
1120,CO-RF-695-62,HL ML Road Front Wheel - White- 62,945.0,R ,2018-10-14,
1334,CL-VE-405-58,ML HL Mountain Frame - Silver- 58,2488.0,M ,2023-02-25,2027-10-29
6317,AC-CL-329-38,ML ML Road Frame - Silver- 38,1506.0,,2022-07-03,2024-01-07
2754,AC-HE-714-44,ML HL Mountain Pedal - White- 44,2404.0,R ,2016-11-02,
5599,CO-CH-200-42,ML ML Road Pedal - White- 42,,R ,2025-03-02,
2186,CO-WH-942-42,ML Mountain - Blue- 42,1905.0,M ,2018-06-14,
4532,CO-TF-781-58,HL LL Mountain Tire - Silver- 58,172.0,T ,2012-08-08,
2623,CO-FO-550-48,LL Bike Wash - Yellow- 48,2475.0,S ,2017-08-14,
6601,CL-BS-676-58,HL ML Touring Seat/Saddle - Black- 58,1249.0,T ,2016-02-14,
2991,BI-RB-782-62,ML LL Road Pedal - Red- 62,914.0,,2018-09-12,2023-02-20
6360,CL-GL-463-58,HL Mountain Pump - Red- 58,3245.0,R ,2014-03-11,
4463,CO-HB-688-60,LL Rear Brakes - Black- 60,2891.0,T ,2014-03-25,
3600,AC-TT-924-62,LL LL Crankset - White- 62,2284.0,T ,2011-05-28,
2622,CO-BR-490-60,LL LL Fork - White- 60,,R ,2012-12-22,2015-09-19
349,CO-DE-236-60,HL LL Fork - White- 60,2037.0,T ,2022-07-29,
6430,CO-PD-977-48,ML Cable Lock - Red- 48,571.0,R ,2021-10-13,
6732,AC-LI-381-52,LL LL Touring Frame - White- 52,238.0,S ,2019-11-18,
3272,BI-MB-969-48,LL HL Fork - Blue- 48,,M ,2015-08-13,
5090,CO-TF-967-58,HL ML Headset - Black- 58,3282.0,M ,2023-03-30,2026-04-24
742,BI-TB-672-48,HL Road Bottle Cage - Blue- 48,3149.0,T ,2011-10-12,
273,BI-MB-997-62,ML ML Touring Seat/Saddle - Black- 62,448.0,R ,2017-06-05,
2061,AC-HP-116-42,LL Half - Blue- 42,1292.0,M ,2021-03-17,2025-09-29
4518,CO-SA-758-52,ML HL Mountain Tire - Yellow- 52,2488.0,S ,2023-09-14,
1169,CO-MF-456-60,LL Rear Brakes - Yellow- 60,,T ,2012-03-30,2017-02-16
1485,CO-BR-918-42,LL HL Mountain Frame - Silver- 42,3154.0,M ,2024-07-26,
2301,CO-FO-672-52,ML LL Road Seat/Saddle - Blue- 52,443.0,S ,2012-09-20,2014-02-09
3903,CO-TF-309-52,HL ML Mountain Seat/Saddle - Silver- 52,1285.0,R ,2011-03-08,
4828,CO-PD-701-52,ML Touring Tire Tube - White- 52,3052.0,T ,2022-12-13,2022-10-06
1614,AC-LI-803-58,HL Touring - Silver- 58,705.0,R ,2013-08-07,2015-08-27
219,BI-TB-408-42,ML Mountain Bottle Cage - Silver- 42,331.0,T ,2015-04-06,2016-06-15
2252,BI-TB-411-42,ML Taillights - Silver- 42,2312.0,S ,2021-01-20,2022-06-01
2158,AC-BS-434-62,LL Full - White- 62,3497.0,M ,2019-07-13,
3055,CO-BR-586-38,LL HL Crankset - Blue- 38,,T ,2011-02-10,
2762,BI-MB-501-62,HL LL Touring Handlebars - Black- 62,419.0,S ,2015-03-23,2019-05-18
5998,CO-PD-985-44,ML LL Fork - Yellow- 44,1136.0,S ,2020-06-13,2023-03-13
2933,AC-LI-625-52,LL Full - Blue- 52,1372.0,S ,2017-07-12,
4872,AC-PA-368-48,HL HL Fork - Silver- 48,2193.0,M ,2024-09-21,
5147,AC-BC-206-60,LL ML Mountain Rear Wheel - Black- 60,2092.0,,2017-03-06,
542,CL-SO-174-44,LL Bike Wash - Yellow- 44,640.0,S ,2019-03-29,2021-09-20
6880,CO-HS-966-48,LL Short - White- 48,2609.0,S ,2024-10-13,
2604,BI-RB-596-58,HL ML Mountain Tire - Silver- 58,1864.0,S ,2023-07-13,2026-04-29
5534,CO-WH-201-58,HL HL Road Pedal - White- 58,,M ,2015-02-01,2019-11-17
1430,CO-BR-371-48,ML Men's Bib - White- 48,1040.0,M ,2012-10-13,2011-10-12
3380,BI-RB-643-62,HL LL Headset - Black- 62,,R ,2023-12-02,2027-06-07
3301,AC-PA-345-44,LL LL Crankset - White- 44,2848.0,T ,2016-05-06,
5825,BI-TB-399-48,ML LL Mountain Seat/Saddle - Silver- 48,,R ,2011-11-11,
481,CO-DE-413-48,HL Fender Set - Black- 48,1220.0,T ,2019-08-22,
2142,CO-RF-769-52,LL HL Mountain Handlebars - White- 52,638.0,M ,2017-12-14,2021-07-27
841,AC-PU-660-38,HL ML Mountain Tire - Blue- 38,2995.0,,2019-07-02,
6321,CO-CH-405-62,ML All - Black- 62,1971.0,S ,2017-02-13,
6826,CO-RF-375-44,HL Hitch Rack - Silver- 44,,S ,2012-11-28,2016-02-13
3015,AC-FE-746-38,LL ML Road Tire - White- 38,1272.0,S ,2020-12-06,
6552,CO-HS-301-42,HL HL Mountain Front Wheel - Black- 42,453.0,M ,2023-01-25,2026-02-10
3401,CO-HS-734-58,ML HL Bottom Bracket - Blue- 58,1183.0,T ,2016-04-20,2017-03-05
5851,CO-HB-863-52,HL Front Derailleur - Black- 52,1935.0,M ,2017-12-12,
2890,CO-TF-881-52,LL HL Mountain Front Wheel - White- 52,2513.0,M ,2020-09-19,
2893,AC-BR-525-38,LL LL Road Seat/Saddle - Silver- 38,1484.0,M ,2011-06-24,
4077,CL-GL-855-48,ML ML Road Frame - Black- 48,2193.0,M ,2020-04-03,
3624,AC-PU-417-52,HL Women's Mountain Shorts - Silver- 52,1496.0,T ,2015-02-28,
5537,CL-BS-753-42,ML HL Fork - Red- 42,2075.0,T ,2021-06-21,
3549,CL-SO-932-48,ML ML Bottom Bracket - Blue- 48,975.0,,2011-10-08,
3596,CO-FO-440-38,ML ML Road Pedal - Silver- 38,2503.0,S ,2016-08-16,
444,CO-PD-951-48,LL ML Touring Seat/Saddle - Blue- 48,2378.0,M ,2013-02-17,
5373,CO-BB-571-48,HL Full - Black- 48,429.0,S ,2011-08-06,2015-09-08
6536,AC-LI-507-58,ML Minipump - Red- 58,,R ,2013-04-27,
4245,CL-BS-605-44,HL ML Headset - Black- 44,50.0,S ,2011-03-01,
6189,AC-FE-195-42,LL HL Mountain Pedal - Yellow- 42,1812.0,R ,2011-03-10,2012-10-21
4575,AC-PA-762-62,ML LL Bottom Bracket - Yellow- 62,298.0,T ,2017-11-15,2021-03-20
6083,CL-BS-523-52,LL LL Mountain Frame - Silver- 52,827.0,R ,2019-10-30,2023-10-14
4990,CO-FO-201-62,ML Road Bottle Cage - Blue- 62,653.0,R ,2023-12-08,2025-01-20
4940,CO-HB-564-42,HL Bike Wash - Yellow- 42,167.0,R ,2011-07-02,2014-12-27
615,CO-CS-100-62,LL ML Mountain Seat/Saddle - White- 62,2154.0,R ,2014-10-18,2016-02-01
4506,AC-HP-199-42,LL Touring - Silver- 42,553.0,M ,2013-11-14,
2545,CL-VE-712-42,HL Women's Mountain Shorts - Blue- 42,186.0,T ,2015-02-22,2019-07-14
3073,AC-PU-320-48,HL HL Crankset - Silver- 48,1727.0,R ,2015-06-12,2019-10-23
5311,CO-BR-326-42,LL ML Road Front Wheel - Blue- 42,,R ,2014-07-23,
2297,AC-PA-853-52,HL Classic Vest - Silver- 52,28.0,M ,2016-06-26,
2560,CL-BS-916-42,HL LL Fork - Silver- 42,2716.0,R ,2017-12-19,2020-01-13
4711,CL-SH-240-44,LL HL Road Handlebars - White- 44,2774.0,M ,2013-02-10,
6190,CL-SO-567-38,LL Touring Pedal - Black- 38,2239.0,M ,2019-02-11,
5767,CO-BR-210-52,HL LL Touring Seat/Saddle - Silver- 52,1438.0,M ,2015-11-03,2020-05-15
2927,CO-BR-544-44,HL HL Mountain Front Wheel - Yellow- 44,2955.0,S ,2012-08-22,2015-03-27
736,CO-SA-412-42,ML LL Mountain Rear Wheel - White- 42,1692.0,T ,2016-12-17,
6793,CL-GL-746-38,HL LL Fork - Blue- 38,1227.0,R ,2025-02-01,
2726,BI-TB-541-38,ML Mountain Bottle Cage - Black- 38,511.0,R ,2015-10-08,
6794,AC-HE-671-60,ML HL Mountain Rear Wheel - Yellow- 60,1714.0,S ,2016-06-27,
4643,AC-BC-547-44,LL ML Road Handlebars - Black- 44,1115.0,R ,2019-04-09,2022-03-16
2739,CL-BS-869-48,HL Mountain Bike Socks - Silver- 48,570.0,R ,2025-02-22,
1498,CO-CS-361-60,LL Women's Mountain Shorts - White- 60,2809.0,S ,2015-09-26,
2035,CL-GL-279-48,HL ML Road Frame - Black- 48,,S ,2021-10-01,
6415,CO-HS-269-48,ML Cable Lock - White- 48,513.0,S ,2015-12-31,
4603,CO-MF-367-42,HL LL Mountain Seat/Saddle - Black- 42,2391.0,,2023-08-14,
930,CO-BR-731-42,ML Mountain - Black- 42,3336.0,R ,2015-08-12,2015-05-19
4619,CO-BR-186-52,ML Hitch Rack - Yellow- 52,1866.0,R ,2015-12-15,
1066,CO-SA-457-58,LL Bike Wash - Blue- 58,,M ,2011-12-31,
767,AC-BS-276-52,HL LL Mountain Front Wheel - Blue- 52,1976.0,T ,2013-10-05,
1615,CO-CH-324-38,LL LL Mountain Front Wheel - Red- 38,-1276.0,R ,2022-05-28,
6052,CL-SO-914-38,LL HL Crankset - Black- 38,1489.0,R ,2011-04-01,
2750,CO-BR-611-58,ML ML Road Front Wheel - Silver- 58,1779.0,S ,2024-09-04,
4856,AC-HE-982-48,ML Half - Red- 48,516.0,T ,2020-10-25,2024-03-24
1644,BI-RB-619-44,LL HL Touring Handlebars - Yellow- 44,3240.0,M ,2011-12-11,
5625,BI-RB-984-58,HL ML Mountain Seat/Saddle - White- 58,1365.0,M ,2019-04-20,2021-06-09
5293,AC-PA-148-42,LL HL Road Pedal - Black- 42,2585.0,,2016-10-14,2021-04-08
5814,CL-SO-416-42,LL ML Touring Seat/Saddle - Yellow- 42,2933.0,R ,2015-12-10,
6031,AC-FE-798-60,HL Patch Kit/8 Patches - Blue- 60,2484.0,S ,2012-07-23,
4697,CO-FO-173-60,ML All - Red- 60,1824.0,T ,2019-01-20,
4460,CO-RF-188-58,LL LL Road Seat/Saddle - Blue- 58,1173.0,S ,2018-12-22,2022-03-08
1894,CO-TF-462-48,ML LL Fork - White- 48,1894.0,T ,2018-11-03,
4536,CO-WH-381-48,HL ML Mountain Frame - Yellow- 48,,,2021-12-10,2024-10-31
1230,AC-LO-510-48,LL LL Mountain Tire - Silver- 48,767.0,M ,2011-06-04,2015-09-20
2215,AC-LI-597-58,LL Headlights - Blue- 58,750.0,M ,2020-09-23,
5129,CO-CH-428-44,ML HL Mountain Rear Wheel - Red- 44,,R ,2021-09-18,2021-08-08
5006,CO-HS-228-42,HL Chain - Blue- 42,,S ,2020-07-21,2022-04-08
721,AC-CL-473-62,ML Chain - Blue- 62,1786.0,T ,2020-12-03,
1899,CL-CA-198-48,HL HL Touring Handlebars - Silver- 48,1624.0,R ,2018-06-16,
5535,BI-TB-809-38,ML Long - Blue- 38,2315.0,M ,2013-07-29,
2096,CO-CS-147-58,LL HL Road Rear Wheel - Yellow- 58,1448.0,R ,2020-10-29,
5610,CO-CH-680-44,ML HL Touring Frame - Yellow- 44,2558.0,T ,2016-12-15,
4647,CO-RF-445-38,LL Sport - Black- 38,1613.0,R ,2021-02-12,2024-03-23
2008,CO-TF-511-62,ML ML Headset - Yellow- 62,631.0,R ,2022-08-12,2026-05-24
4066,BI-TB-545-52,LL ML Mountain Pedal - Silver- 52,,R ,2019-07-14,2022-08-17
1358,CO-BR-553-38,LL LL Mountain Frame - Silver- 38,657.0,T ,2012-04-08,2016-05-11
2317,AC-HP-581-42,LL LL Mountain Handlebars - White- 42,434.0,S ,2018-11-24,2020-03-20
1772,CO-HB-248-38,HL ML Road Seat/Saddle - Silver- 38,850.0,M ,2019-01-03,2022-07-25
4000,BI-TB-346-48,ML Mountain - Silver- 48,2742.0,S ,2013-12-02,
2641,AC-PA-670-38,LL ML Mountain Tire - Blue- 38,893.0,S ,2014-02-02,2018-01-14
3702,CO-SA-773-58,ML Full - Blue- 58,1954.0,,2019-07-15,
3917,CL-BS-956-60,LL Mountain Bike Socks - White- 60,1876.0,M ,2023-03-27,2026-08-15
3205,CL-SH-455-48,LL Minipump - Blue- 48,3351.0,T ,2024-09-03,2025-04-06
2725,AC-BC-258-44,ML LL Touring Handlebars - Yellow- 44,2686.0,M ,2024-03-09,2027-05-29
4786,BI-MB-674-38,HL Road - Black- 38,2542.0,T ,2024-10-10,
4154,AC-BC-928-62,LL LL Road Tire - White- 62,3150.0,T ,2021-05-14,2023-05-16
6023,CO-FO-786-38,ML Touring Rear Wheel - Black- 38,,R ,2020-07-17,2024-04-27
1953,AC-HE-155-44,LL All - Silver- 44,1163.0,M ,2020-09-26,2021-09-05
3050,AC-PU-977-62,LL Rear Derailleur - Red- 62,26.0,T ,2019-08-08,2022-10-29
816,AC-HP-287-62,ML LL Touring Frame - Red- 62,2018.0,M ,2015-08-25,
706,CL-CA-102-38,ML LL Road Pedal - White- 38,,,2016-07-18,
847,AC-PU-485-60,LL Mountain Bike Socks - Blue- 60,,S ,2012-01-24,
1541,BI-MB-540-62,HL ML Fork - Yellow- 62,,M ,2011-01-16,
3791,CO-TF-998-62,HL Bike Wash - Black- 62,2109.0,M ,2023-11-09,
5546,CL-SO-780-38,LL Chain - White- 38,2909.0,S ,2021-11-04,2026-05-19
1858,BI-MB-508-48,LL Patch Kit/8 Patches - Silver- 48,2177.0,S ,2015-04-17,
1391,CO-HB-734-62,LL ML Mountain Tire - Yellow- 62,54.0,S ,2013-12-04,
5140,AC-HE-491-48,ML AWC Logo Cap - White- 48,2902.0,M ,2014-05-08,
5950,AC-HE-500-62,ML ML Mountain Handlebars - Silver- 62,2636.0,S ,2013-12-10,2015-01-16
2419,CL-SH-414-44,LL LL Mountain Handlebars - Yellow- 44,607.0,M ,2014-12-26,
1979,CL-SH-736-58,LL ML Mountain Handlebars - Red- 58,520.0,,2014-10-28,
1965,CL-JE-980-42,LL HL Mountain Front Wheel - Red- 42,786.0,M ,2012-03-25,
5877,AC-BS-506-60,HL ML Bottom Bracket - Yellow- 60,2614.0,R ,2012-04-18,
1555,CO-HS-963-42,HL HL Road Front Wheel - Red- 42,1095.0,M ,2018-12-26,2019-09-03
4831,AC-TT-637-48,LL LL Mountain Pedal - Black- 48,206.0,S ,2020-09-12,
720,AC-BS-721-60,ML Mountain - Yellow- 60,1949.0,R ,2022-11-16,
1886,CL-GL-116-52,HL HL Road Frame - Red- 52,2873.0,T ,2012-04-19,2017-01-03
2271,AC-HP-449-58,HL HL Mountain Seat/Saddle - Yellow- 58,406.0,T ,2015-12-10,
6789,CL-JE-823-58,LL HL Mountain Tire - White- 58,183.0,S ,2012-05-14,
4240,CL-GL-547-52,ML LL Road Frame - Blue- 52,198.0,M ,2017-09-11,2018-05-07
3433,AC-HP-130-62,LL Hitch Rack - Black- 62,784.0,S ,2025-01-25,2029-03-11
6670,CO-HS-144-38,HL Women's Mountain Shorts - Red- 38,1685.0,T ,2018-08-10,2019-09-23
666,CO-RF-174-38,LL ML Mountain Front Wheel - Red- 38,2915.0,S ,2020-10-01,2022-05-16
2018,AC-HP-201-52,LL Half - Silver- 52,3167.0,S ,2024-10-05,2027-02-11
4818,AC-HP-838-52,HL ML Road Seat/Saddle - White- 52,1552.0,,2015-01-04,2016-08-13
5263,AC-LI-406-60,LL Taillights - Black- 60,2649.0,M ,2018-04-28,
4453,AC-TT-278-60,LL LL Crankset - Yellow- 60,2520.0,T ,2022-07-25,2025-10-21
966,BI-TB-351-52,ML HL Mountain Frame - White- 52,601.0,S ,2020-05-27,
4461,AC-HE-298-38,ML LL Touring Seat/Saddle - Red- 38,1054.0,R ,2015-01-10,
2541,CO-RF-155-52,LL ML Touring Seat/Saddle - Yellow- 52,3108.0,T ,2012-03-17,2015-03-09
3069,CO-BR-833-42,HL HL Mountain Frame - Blue- 42,2868.0,R ,2015-08-11,
1275,BI-MB-182-48,LL HL Mountain Tire - Blue- 48,1479.0,M ,2017-01-05,2020-09-18
3586,CO-BR-997-52,LL Classic Vest - White- 52,2444.0,M ,2016-12-20,
1475,BI-TB-680-52,LL HL Bottom Bracket - Blue- 52,2307.0,R ,2020-02-17,
5647,CO-TF-809-42,HL Patch Kit/8 Patches - Blue- 42,2384.0,T ,2013-12-20,2018-09-27
2029,CO-HB-137-44,LL Touring Tire - Blue- 44,1060.0,S ,2017-04-11,2018-08-13
901,BI-MB-858-42,LL ML Road Rear Wheel - Yellow- 42,,R ,2017-11-14,
3049,BI-MB-953-42,HL LL Mountain Rear Wheel - Black- 42,657.0,S ,2014-02-22,
5461,CO-FO-940-62,HL ML Road Frame - Red- 62,3315.0,R ,2017-09-20,2020-12-11
3799,BI-TB-591-52,LL Minipump - Black- 52,1916.0,T ,2021-03-18,
5833,AC-CL-980-58,ML LL Mountain Frame - White- 58,48.0,S ,2016-02-16,
3843,BI-RB-265-38,ML ML Road Frame - Blue- 38,,R ,2022-03-04,
711,CO-BB-497-60,LL HL Road Frame - Black- 60,,T ,2022-12-01,
2378,AC-HP-374-48,HL LL Touring Frame - Black- 48,1737.0,M ,2013-05-18,
6141,CO-RF-713-52,HL Women's Tights - Black- 52,2491.0,S ,2023-12-04,2024-06-28
5920,AC-PU-383-52,ML HL Road Seat/Saddle - Yellow- 52,-664.0,,2012-02-23,
4101,CO-FO-314-44,LL ML Mountain Rear Wheel - Black- 44,1122.0,S ,2011-07-29,
6264,CO-CS-374-42,HL LL Mountain Frame - Blue- 42,1689.0,T ,2018-01-23,
4524,AC-BC-352-52,ML HL Road Handlebars - White- 52,1603.0,M ,2019-03-21,
1248,BI-MB-747-58,LL Short - Black- 58,3019.0,S ,2015-03-19,
1231,CO-DE-406-38,HL ML Road Tire - Yellow- 38,996.0,M ,2017-07-13,
4170,CO-WH-176-44,LL ML Road Handlebars - Red- 44,1606.0,M ,2025-03-20,
2951,AC-BR-942-62,LL HL Mountain Rear Wheel - Red- 62,1800.0,M ,2024-06-10,2027-11-14
567,CL-TI-224-58,ML Road - Yellow- 58,2705.0,T ,2021-02-18,
1749,AC-HP-696-52,LL All - Black- 52,3372.0,T ,2020-09-22,
2862,AC-LI-253-60,ML HL Mountain Seat/Saddle - Red- 60,2023.0,S ,2017-06-14,
6470,BI-RB-498-60,LL LL Fork - Black- 60,2451.0,S ,2011-11-14,2011-09-21
3154,AC-TT-420-42,ML ML Touring Seat/Saddle - Black- 42,,S ,2024-01-31,2027-11-01
1718,CO-BB-268-38,LL LL Road Seat/Saddle - Silver- 38,2315.0,M ,2021-03-26,2022-12-13
420,AC-PA-849-48,LL HL Road Handlebars - Yellow- 48,2417.0,T ,2019-10-24,2024-08-10
5620,CO-WH-243-44,ML ML Road Rear Wheel - Yellow- 44,808.0,M ,2018-08-11,2019-12-02
5878,CO-CH-765-52,LL ML Road Rear Wheel - Red- 52,13.0,R ,2020-01-01,
2291,CO-DE-318-42,ML LL Mountain Frame - Red- 42,2839.0,S ,2015-09-14,
4927,BI-MB-116-38,LL HL Headset - Silver- 38,486.0,M ,2018-04-01,
4687,BI-MB-953-48,HL LL Mountain Frame - Red- 48,2868.0,M ,2019-06-15,2024-03-06
946,CO-CS-128-52,HL Touring Tire - Red- 52,1325.0,M ,2018-02-05,
3580,CO-BR-651-58,LL Mountain Tire Tube - Red- 58,2557.0,M ,2015-07-16,
6018,CL-TI-450-58,LL Touring Front Wheel - White- 58,2128.0,T ,2013-06-10,2014-06-19
3603,CO-BR-879-42,LL ML Mountain Rear Wheel - Blue- 42,922.0,S ,2023-09-26,2027-07-18
592,CO-PD-419-52,ML LL Touring Handlebars - Silver- 52,3254.0,,2018-02-16,
5602,AC-TT-102-38,ML AWC Logo Cap - Yellow- 38,55.0,T ,2022-07-17,2023-06-19
5314,CO-CH-636-38,ML LL Fork - Yellow- 38,2237.0,M ,2014-02-24,2015-10-27
3051,AC-PU-375-60,ML HL Touring Seat/Saddle - Yellow- 60,1612.0,S ,2011-11-24,
4232,CL-VE-249-42,HL LL Road Seat/Saddle - Blue- 42,1437.0,,2023-01-11,
6878,CL-CA-509-38,ML Minipump - Blue- 38,2202.0,M ,2023-03-17,2026-07-01
1113,AC-LI-201-48,HL Rear Derailleur - Yellow- 48,,,2022-06-16,
3184,AC-FE-696-48,LL ML Mountain Frame - Black- 48,166.0,M ,2020-08-21,
1544,AC-BC-170-48,LL ML Road Handlebars - Silver- 48,2300.0,R ,2012-02-17,2013-04-22
5842,CO-TF-315-44,LL HL Headset - Black- 44,2886.0,T ,2020-02-15,
3742,AC-LI-377-60,HL LL Mountain Handlebars - Blue- 60,,M ,2013-01-29,
2901,CO-PD-312-42,HL LL Touring Seat/Saddle - Black- 42,303.0,,2024-09-14,2026-12-30
3366,AC-HP-572-52,HL HL Touring Seat/Saddle - Yellow- 52,2199.0,M ,2016-10-07,
2243,AC-PU-898-44,HL Fender Set - Blue- 44,1759.0,R ,2024-04-11,
429,AC-TT-437-44,HL Cable Lock - White- 44,,S ,2016-08-23,2018-01-02
6174,AC-BR-226-44,ML HL Road Rear Wheel - Yellow- 44,1180.0,M ,2013-02-06,
2869,CO-TF-536-62,ML HL Mountain Rear Wheel - Yellow- 62,2100.0,,2012-06-19,
1316,CL-JE-802-42,HL HL Headset - Black- 42,,S ,2014-06-12,
2092,CO-BB-224-62,HL ML Mountain Tire - Blue- 62,3023.0,S ,2018-10-11,2021-05-18
1834,AC-BR-631-52,LL HL Mountain Front Wheel - Red- 52,2942.0,R ,2015-04-10,
6517,CL-VE-577-42,ML ML Mountain Pedal - Silver- 42,1699.0,R ,2011-01-20,
1154,CO-PD-823-62,LL Rear Derailleur - Red- 62,1403.0,S ,2020-08-13,2021-06-06
4627,CO-SA-972-52,LL LL Mountain Seat/Saddle - Silver- 52,2526.0,M ,2018-04-16,
3721,BI-RB-201-42,LL Mountain Tire Tube - Blue- 42,2841.0,S ,2023-10-05,2025-12-09
717,CL-GL-547-60,ML HL Road Handlebars - Red- 60,1250.0,R ,2019-01-09,
3988,AC-LI-707-52,LL Mountain Tire Tube - Red- 52,1352.0,S ,2016-08-18,
2907,BI-RB-992-38,HL LL Mountain Pedal - Yellow- 38,353.0,R ,2018-10-25,
4197,AC-LI-273-44,LL LL Mountain Frame - White- 44,2210.0,S ,2024-02-29,
2556,AC-FE-412-48,ML Rear Derailleur - Yellow- 48,1794.0,R ,2014-01-29,2017-10-04
3744,AC-HP-950-44,ML Women's Tights - White- 44,965.0,R ,2011-10-25,
5076,AC-HP-929-60,ML Water Bottle - Yellow- 60,3410.0,T ,2024-03-14,
1324,CO-WH-913-38,HL LL Touring Frame - White- 38,925.0,T ,2024-12-04,
5074,BI-RB-899-38,LL LL Mountain Rear Wheel - Black- 38,87.0,S ,2018-11-14,
3754,CL-VE-159-52,HL Road Bottle Cage - Blue- 52,1783.0,R ,2022-01-15,2026-11-04
6224,AC-PA-212-38,LL HL Touring Frame - White- 38,,M ,2018-11-23,
3598,CO-TF-782-62,HL LL Touring Frame - Silver- 62,1355.0,T ,2016-05-07,
3795,CO-BB-971-38,ML Sport - Blue- 38,429.0,M ,2015-01-10,2015-10-02
3611,CL-TI-937-52,ML HL Mountain Handlebars - Blue- 52,888.0,T ,2011-01-22,
6674,AC-BS-449-38,HL LL Mountain Front Wheel - Blue- 38,765.0,T ,2018-07-09,
5579,CO-FO-251-42,ML LL Touring Handlebars - Yellow- 42,1598.0,M ,2021-03-17,
6250,AC-PU-806-42,ML AWC Logo Cap - Blue- 42,2534.0,S ,2015-07-23,
6619,CL-SO-947-62,HL ML Mountain Front Wheel - Silver- 62,3021.0,M ,2025-01-14,
2245,AC-BC-595-44,LL Men's Sports Shorts - Silver- 44,1612.0,R ,2012-11-18,
5473,CL-BS-474-58,HL HL Road Handlebars - Black- 58,1958.0,M ,2013-07-19,
2842,CL-SH-853-48,HL AWC Logo Cap - Red- 48,3225.0,M ,2021-02-12,2023-01-17
437,CO-CH-182-60,ML LL Mountain Seat/Saddle - Black- 60,805.0,S ,2022-12-08,2024-08-15
2481,CO-CS-482-52,LL Road Bottle Cage - Yellow- 52,1385.0,R ,2022-02-23,
6489,BI-TB-165-42,ML Short - Blue- 42,712.0,T ,2018-02-10,
3610,CO-HB-439-52,HL Long - Blue- 52,1194.0,T ,2015-04-20,2016-10-12
6049,CO-BR-719-38,LL Short - Blue- 38,2508.0,M ,2011-06-07,
3977,CO-WH-833-58,ML Patch Kit/8 Patches - White- 58,1926.0,R ,2019-12-28,2022-08-04
1210,BI-RB-947-38,ML LL Road Rear Wheel - Red- 38,2198.0,S ,2021-04-22,
1303,CL-VE-835-60,HL ML Road Frame - Blue- 60,3464.0,R ,2022-06-19,
3978,CL-TI-954-42,LL ML Bottom Bracket - White- 42,552.0,S ,2012-11-19,
5078,CO-HS-730-48,HL All - Blue- 48,3439.0,R ,2012-10-29,2016-06-19
2636,AC-BR-621-38,LL Men's Bib - Red- 38,3224.0,M ,2016-12-29,
5959,AC-TT-647-52,LL ML Headset - Black- 52,1345.0,M ,2020-09-16,
1928,CO-BB-820-48,ML Classic Vest - White- 48,2243.0,T ,2023-08-01,2026-10-16
3313,CL-GL-396-44,LL Men's Bib - Blue- 44,2968.0,M ,2014-08-31,2018-10-13
788,CO-BR-852-42,ML Touring Tire - Blue- 42,3345.0,T ,2021-04-23,
1897,CO-BR-427-58,LL Touring Front Wheel - White- 58,2612.0,R ,2016-08-08,2017-03-19
3927,AC-BS-269-62,ML HL Fork - Silver- 62,2704.0,R ,2023-01-27,
1843,AC-PU-516-58,ML LL Bottom Bracket - Black- 58,3487.0,R ,2024-05-11,
6286,AC-FE-966-38,HL Cable Lock - Blue- 38,424.0,S ,2014-09-14,2015-08-04
1620,CL-VE-915-58,ML HL Mountain Front Wheel - Red- 58,,M ,2012-12-13,
1293,AC-HE-614-58,LL Cable Lock - White- 58,1136.0,T ,2017-03-03,
6741,CO-BB-593-60,HL Fender Set - Yellow- 60,272.0,S ,2015-12-20,2017-12-27
5859,CL-VE-448-52,LL Water Bottle - Blue- 52,2759.0,R ,2020-07-12,
6571,CL-JE-280-38,ML Mountain Pump - Yellow- 38,1791.0,M ,2025-02-11,2026-08-19
279,AC-LO-400-62,ML Classic Vest - Blue- 62,3385.0,M ,2023-09-11,2024-07-05
2135,AC-FE-938-52,HL Touring Tire Tube - Red- 52,1206.0,M ,2020-08-30,
1239,CL-JE-808-60,ML LL Mountain Tire - Yellow- 60,2492.0,M ,2023-06-25,2024-12-13
2769,BI-RB-476-48,ML LL Touring Frame - Silver- 48,,,2023-03-06,2023-12-03
1133,CL-VE-162-44,LL HL Road Front Wheel - White- 44,2777.0,T ,2013-11-13,2018-01-19
2873,AC-BS-597-44,HL HL Mountain Frame - White- 44,267.0,S ,2018-04-21,2020-08-11
6800,AC-CL-868-42,ML All - Silver- 42,1886.0,S ,2015-03-17,
2955,CO-FO-351-58,HL ML Road Seat/Saddle - Silver- 58,2240.0,M ,2012-10-18,
539,CO-MF-516-58,HL LL Touring Seat/Saddle - White- 58,232.0,M ,2023-04-29,
2132,CO-BB-577-38,LL LL Mountain Tire - Red- 38,2845.0,S ,2024-09-29,
4493,CO-DE-755-62,ML All - Blue- 62,1048.0,S ,2020-12-11,
366,CL-GL-651-44,HL Road Bottle Cage - White- 44,1483.0,S ,2019-03-07,2023-11-27
1533,CL-SH-702-44,ML Bike Wash - Red- 44,1295.0,M ,2022-01-27,2023-11-30
2818,AC-LI-405-48,LL HL Mountain Seat/Saddle - Blue- 48,,M ,2021-12-20,
3747,AC-BR-578-48,ML HL Crankset - Silver- 48,1708.0,M ,2016-02-18,2019-04-03
5747,CL-TI-602-42,LL Mountain Tire Tube - White- 42,2648.0,,2018-03-20,2018-10-29
6097,CO-BB-430-44,HL AWC Logo Cap - Black- 44,,T ,2012-06-10,2013-06-21
3639,AC-CL-997-42,LL Half - Yellow- 42,139.0,S ,2017-06-26,2020-11-30
5023,CL-SH-227-58,ML Rear Brakes - Red- 58,2157.0,T ,2024-01-19,2027-11-01
5000,AC-PU-299-60,HL LL Mountain Seat/Saddle - Red- 60,3054.0,,2014-10-17,2016-12-01
3854,CL-CA-252-58,HL Racing Socks - Yellow- 58,1462.0,T ,2022-03-01,
616,AC-BC-179-48,ML ML Road Handlebars - Yellow- 48,1225.0,M ,2011-10-23,2012-10-27
2965,AC-BC-172-38,HL Mountain Tire Tube - White- 38,3427.0,R ,2017-05-11,2020-04-07
3930,AC-LO-595-62,HL ML Mountain Handlebars - Yellow- 62,2979.0,M ,2023-08-07,2025-08-22
4018,CL-GL-131-42,LL HL Road Frame - Silver- 42,2297.0,R ,2024-10-10,2028-12-01
4516,CO-CH-102-58,LL Half - White- 58,3094.0,M ,2012-10-24,
1992,CL-SH-640-52,ML Touring Rear Wheel - Black- 52,849.0,T ,2018-01-14,
2024,AC-BC-185-38,HL Full - Red- 38,3356.0,R ,2014-03-28,2017-05-25
3162,CO-RF-488-48,LL Touring Front Wheel - Red- 48,,R ,2022-08-12,
839,AC-CL-433-48,HL LL Mountain Tire - Red- 48,3229.0,S ,2014-12-17,
559,AC-BS-158-38,HL LL Road Handlebars - Blue- 38,2479.0,M ,2013-12-12,
6576,CO-HS-235-38,LL HL Mountain Pedal - Black- 38,894.0,R ,2020-07-10,
3694,CL-JE-812-62,ML ML Mountain Frame - Black- 62,112.0,,2012-05-05,2014-07-16
5487,AC-PU-538-58,ML Touring Front Wheel - White- 58,2433.0,M ,2013-08-19,
1466,AC-BC-629-58,HL LL Mountain Tire - White- 58,1047.0,T ,2020-04-24,2023-08-02
3737,AC-LO-171-44,HL Hydration Pack - Black- 44,2087.0,S ,2012-12-25,
5586,CO-PD-948-58,LL LL Fork - Silver- 58,355.0,R ,2011-10-10,
1857,CL-VE-811-42,HL HL Road Tire - Yellow- 42,3318.0,R ,2025-02-27,
6284,CL-SO-660-42,LL LL Road Frame - Silver- 42,1906.0,R ,2023-06-29,2025-06-19
6558,CO-CS-694-62,ML ML Mountain Rear Wheel - Black- 62,1118.0,S ,2019-06-23,2022-04-11
2591,AC-LI-100-60,LL Fender Set - Yellow- 60,3473.0,M ,2011-04-18,2015-06-26
3379,AC-BR-928-52,ML Racing Socks - Yellow- 52,2914.0,R ,2020-07-30,
4887,AC-LI-124-58,HL LL Touring Seat/Saddle - Yellow- 58,623.0,R ,2020-04-30,2023-05-06
3372,AC-BC-212-58,LL ML Road Frame - Yellow- 58,532.0,M ,2014-10-18,
1990,AC-PA-189-62,LL Mountain Pump - Blue- 62,949.0,R ,2022-08-21,2024-10-19
3149,CO-FO-877-48,ML LL Mountain Rear Wheel - Silver- 48,-28.0,R ,2024-07-01,2025-09-28
571,AC-PA-539-42,HL Front Brakes - Black- 42,1301.0,S ,2019-10-03,
6035,AC-LO-648-38,HL Front Derailleur - Yellow- 38,2037.0,,2016-08-22,2021-03-19
2657,AC-FE-666-48,ML All - Yellow- 48,791.0,S ,2013-07-28,2018-06-17
1622,CL-SO-596-48,LL LL Crankset - Yellow- 48,-2505.0,T ,2016-12-26,2020-06-17
5582,AC-HE-676-58,HL HL Bottom Bracket - Red- 58,,,2021-03-19,
6210,CL-JE-137-62,HL HL Touring Seat/Saddle - Red- 62,,R ,2017-05-06,
3219,AC-PU-968-52,LL ML Mountain Tire - Silver- 52,1718.0,R ,2023-04-18,
2437,CO-CH-144-62,HL LL Road Pedal - Silver- 62,2977.0,T ,2013-12-15,2017-12-21
324,CL-BS-957-44,HL LL Headset - Silver- 44,1239.0,R ,2013-06-25,2016-10-01
920,CL-VE-675-60,HL ML Road Front Wheel - Silver- 60,2296.0,M ,2021-04-19,2023-02-17
3248,CO-TF-282-44,ML HL Road Pedal - Blue- 44,1498.0,,2018-03-19,
3144,BI-MB-869-44,ML HL Mountain Front Wheel - Black- 44,519.0,S ,2013-06-04,2018-04-02
4180,CL-JE-770-48,HL LL Road Rear Wheel - Black- 48,1188.0,T ,2022-07-15,
5564,AC-BS-188-48,HL Cable Lock - White- 48,219.0,T ,2024-10-20,2027-07-06
6372,AC-BC-201-58,LL Women's Mountain Shorts - White- 58,2992.0,S ,2014-11-18,
1978,CO-DE-972-62,LL ML Mountain Seat/Saddle - Red- 62,1552.0,R ,2011-03-21,
3462,AC-HE-721-38,ML Chain - White- 38,1418.0,,2023-01-11,2025-09-02
2510,CL-SO-918-58,HL Touring - Red- 58,,S ,2024-10-10,
6259,BI-TB-162-44,HL LL Road Front Wheel - Blue- 44,,S ,2011-04-19,
1861,CO-PD-683-52,LL LL Road Pedal - Silver- 52,2933.0,T ,2017-05-25,
1108,CO-BR-716-52,HL Racing Socks - White- 52,2981.0,T ,2016-07-03,2020-02-03
4490,AC-HE-247-42,HL Bike Wash - Yellow- 42,981.0,M ,2014-03-09,
1634,AC-HE-676-44,HL Mountain Bike Socks - Black- 44,2035.0,R ,2014-04-11,2016-05-16
1075,AC-CL-310-38,LL LL Mountain Seat/Saddle - Blue- 38,3243.0,T ,2017-11-25,2022-08-08
5210,AC-LO-253-44,ML HL Road Tire - White- 44,2730.0,S ,2015-05-10,
5122,AC-CL-914-48,ML ML Headset - Silver- 48,2186.0,S ,2024-02-27,2025-11-09
3123,AC-PU-947-44,LL LL Mountain Handlebars - Black- 44,801.0,R ,2018-01-12,2020-06-01
6247,CO-RF-884-60,LL Men's Bib - White- 60,2176.0,R ,2023-01-30,
5471,CO-CH-708-44,HL Hydration Pack - Yellow- 44,1889.0,S ,2018-01-22,2022-01-06
1384,AC-PA-347-42,ML HL Mountain Pedal - Red- 42,679.0,M ,2016-11-12,2019-02-27
4691,CO-CH-482-62,ML LL Road Rear Wheel - Red- 62,1925.0,R ,2024-06-30,2028-03-21
1645,CL-GL-957-38,LL HL Mountain Seat/Saddle - Black- 38,362.0,R ,2020-08-12,2023-10-21
564,CO-WH-123-38,LL Chain - Black- 38,680.0,M ,2016-10-24,
1125,CO-HB-895-42,HL LL Touring Seat/Saddle - Silver- 42,3432.0,R ,2012-10-22,
6361,CL-SO-556-38,HL LL Touring Seat/Saddle - Black- 38,,T ,2021-02-03,2024-02-17
3398,AC-TT-666-60,HL Touring - Black- 60,423.0,T ,2017-01-30,2017-11-07
5267,AC-CL-434-42,HL HL Mountain Seat/Saddle - Blue- 42,1771.0,S ,2014-04-08,2015-01-21
5766,CO-MF-313-38,LL Touring Pedal - Black- 38,58.0,R ,2019-04-07,
5451,BI-RB-447-42,LL Classic Vest - White- 42,525.0,S ,2019-10-21,2020-12-03
909,BI-MB-265-52,HL LL Mountain Seat/Saddle - Blue- 52,1302.0,R ,2023-05-19,
2507,CL-BS-742-58,LL Women's Mountain Shorts - Black- 58,1832.0,R ,2019-07-09,
2253,CO-BB-986-44,LL Minipump - White- 44,1455.0,S ,2022-05-22,
3632,AC-HP-864-44,ML ML Road Pedal - Red- 44,844.0,M ,2024-11-24,
5385,CL-GL-619-58,LL Touring Rear Wheel - Black- 58,1963.0,R ,2013-04-06,
1221,AC-HE-668-42,ML ML Road Handlebars - Black- 42,896.0,M ,2015-04-29,2017-05-27
6567,CL-SO-531-38,LL HL Road Handlebars - White- 38,3452.0,S ,2019-07-21,
2931,AC-HE-863-62,HL ML Mountain Pedal - Red- 62,,M ,2015-06-23,
6078,CL-GL-239-62,LL ML Mountain Front Wheel - White- 62,2138.0,T ,2021-07-27,
5503,AC-LO-467-62,LL HL Crankset - White- 62,2709.0,R ,2022-12-08,
5495,CL-VE-690-58,LL Racing Socks - Blue- 58,3472.0,M ,2018-02-17,2022-05-20
2866,AC-CL-133-62,LL Men's Sports Shorts - Silver- 62,1635.0,M ,2017-02-15,
2369,AC-BS-994-42,ML Short - White- 42,887.0,R ,2023-12-12,
4454,CO-DE-741-58,ML Half - Silver- 58,535.0,S ,2024-11-22,
5704,CO-BR-167-62,HL LL Crankset - Red- 62,1353.0,T ,2023-07-05,
6419,CO-SA-959-42,HL LL Mountain Handlebars - Red- 42,2692.0,S ,2022-05-01,2025-03-09
5822,AC-HP-728-52,HL Front Brakes - Yellow- 52,3355.0,R ,2016-08-30,
5900,CO-HB-733-42,HL LL Road Seat/Saddle - Black- 42,,M ,2019-05-07,2023-02-24
5912,CL-BS-427-44,HL HL Touring Handlebars - Yellow- 44,1460.0,M ,2018-08-22,2022-06-15
973,AC-HP-818-60,LL Mountain - Black- 60,2496.0,T ,2013-08-30,2014-12-19
6163,CO-FO-649-44,HL Taillights - Yellow- 44,3405.0,S ,2015-01-07,
6524,AC-PA-205-58,HL Front Derailleur - Red- 58,736.0,T ,2016-12-17,2020-07-30
2151,CO-TF-570-52,ML ML Mountain Tire - Silver- 52,2930.0,T ,2024-05-01,
6688,CO-MF-106-48,HL ML Road Frame - Silver- 48,2345.0,R ,2011-09-30,
2103,CO-TF-276-58,ML Men's Bib - Yellow- 58,1530.0,R ,2023-04-16,
5649,CO-BB-725-52,LL Front Derailleur - Blue- 52,636.0,T ,2023-05-16,2026-07-20
1502,AC-BS-553-38,ML ML Road Seat/Saddle - Red- 38,21.0,R ,2021-05-31,2023-04-10
3382,BI-MB-105-42,LL Full - Red- 42,129.0,T ,2019-01-15,
568,CL-CA-918-60,HL Patch Kit/8 Patches - White- 60,2510.0,R ,2014-11-16,2018-03-20
4297,AC-PA-720-48,ML Road Bottle Cage - Silver- 48,2807.0,T ,2019-07-13,
5756,AC-PA-217-52,ML Mountain Pump - Red- 52,806.0,S ,2012-03-29,
5363,CO-BR-776-44,HL LL Touring Handlebars - Yellow- 44,,M ,2018-08-06,2021-03-12
2550,AC-PA-626-52,HL ML Fork - Silver- 52,1752.0,S ,2024-10-27,
4339,CO-TF-670-52,HL ML Mountain Handlebars - Yellow- 52,2355.0,S ,2019-10-26,
2993,CL-GL-365-62,LL HL Mountain Tire - Silver- 62,3186.0,M ,2017-07-29,2020-12-04
5382,CL-TI-961-44,HL LL Road Pedal - Blue- 44,1596.0,R ,2018-07-13,2023-03-26
1596,AC-HE-875-42,ML Long - White- 42,3173.0,T ,2011-04-24,2012-09-22
4838,CO-WH-975-52,LL LL Mountain Handlebars - Yellow- 52,1998.0,R ,2018-10-28,
6050,CO-PD-171-42,ML HL Road Pedal - White- 42,2869.0,,2012-08-09,
2366,AC-TT-348-42,ML Touring Front Wheel - Yellow- 42,2798.0,S ,2011-05-12,2016-03-22
2508,CO-RF-862-60,LL LL Road Rear Wheel - Silver- 60,979.0,M ,2017-05-25,2021-07-09
3924,AC-PU-346-38,HL LL Headset - Black- 38,1434.0,T ,2016-12-07,
3094,CL-SH-614-42,ML Touring Tire - Silver- 42,1716.0,T ,2017-12-14,
3005,CO-HB-332-42,ML ML Mountain Rear Wheel - Black- 42,2347.0,S ,2016-05-15,2018-09-03
936,CL-TI-944-60,ML AWC Logo Cap - White- 60,2868.0,M ,2012-01-15,
3667,CL-JE-816-60,HL Short - Red- 60,2990.0,R ,2017-06-25,2018-11-16
5422,CL-TI-504-58,ML ML Road Rear Wheel - Silver- 58,1658.0,S ,2012-09-06,
4356,AC-HE-629-42,HL LL Mountain Front Wheel - Silver- 42,3494.0,R ,2017-03-24,2020-01-26
3014,AC-TT-963-38,HL Touring - Yellow- 38,2119.0,M ,2022-07-04,2023-12-31
5832,AC-PA-941-48,LL ML Mountain Tire - Silver- 48,2166.0,R ,2020-09-14,
3252,CO-WH-167-44,LL LL Mountain Seat/Saddle - Silver- 44,3488.0,M ,2025-02-28,
4784,CO-FO-808-62,HL HL Road Seat/Saddle - White- 62,1420.0,S ,2021-05-23,
883,AC-LO-730-44,LL LL Touring Frame - Black- 44,2491.0,S ,2024-01-14,
962,CL-SH-205-38,HL LL Mountain Handlebars - Red- 38,3205.0,S ,2020-08-08,2025-01-12
3615,CO-SA-867-38,LL Touring Pedal - Black- 38,2653.0,R ,2023-04-18,2024-02-02
3347,AC-HE-639-38,HL Long - Silver- 38,3152.0,T ,2020-11-11,2023-06-03
5462,CO-FO-712-48,HL AWC Logo Cap - Blue- 48,2829.0,S ,2020-11-29,
5412,AC-HP-500-44,LL Road - Black- 44,3216.0,M ,2023-08-19,2026-01-30
6677,CO-BR-449-60,HL Mountain Pump - White- 60,2287.0,T ,2012-10-04,
5633,CL-TI-127-44,ML LL Mountain Pedal - Black- 44,635.0,R ,2015-10-26,2018-06-17
1012,AC-BS-500-52,LL Men's Bib - Black- 52,3024.0,S ,2011-10-18,
4204,BI-TB-664-38,LL HL Headset - Silver- 38,1168.0,T ,2020-08-23,
597,CO-RF-174-58,LL ML Mountain Front Wheel - Red- 58,658.0,M ,2014-05-13,
3808,CL-CA-192-62,ML Mountain Bottle Cage - Silver- 62,2708.0,S ,2024-04-28,
3487,AC-BR-155-52,LL ML Touring Seat/Saddle - White- 52,10.0,M ,2020-12-15,
6366,BI-MB-519-42,LL Racing Socks - Blue- 42,1522.0,R ,2016-10-01,2016-08-11
862,AC-TT-191-62,HL HL Mountain Handlebars - White- 62,497.0,R ,2016-05-31,2019-10-27
6226,AC-CL-658-62,ML LL Mountain Pedal - Red- 62,1367.0,T ,2021-10-24,2024-02-12
6309,CO-CS-302-44,LL HL Road Pedal - Blue- 44,2625.0,M ,2013-07-18,
1362,CO-CH-389-60,HL ML Road Front Wheel - Yellow- 60,127.0,R ,2012-10-02,
4626,AC-TT-414-58,ML HL Road Front Wheel - Yellow- 58,1474.0,M ,2019-05-14,
811,AC-LO-142-58,HL LL Road Seat/Saddle - Red- 58,2074.0,T ,2015-08-22,2017-06-08
1226,BI-MB-644-44,LL Bike Wash - Red- 44,-2376.0,S ,2012-07-31,2016-05-07
2544,CL-JE-551-48,ML LL Road Tire - White- 48,1028.0,M ,2022-11-17,
2525,AC-PU-287-58,LL LL Mountain Pedal - Red- 58,18.0,M ,2014-04-11,2018-12-12
6648,CO-FO-768-42,HL HL Road Tire - Yellow- 42,2718.0,M ,2025-02-27,2026-01-16
1161,CL-VE-528-38,ML HL Mountain Rear Wheel - Black- 38,501.0,M ,2021-04-23,2021-11-17
336,CO-HB-561-62,HL HL Bottom Bracket - Black- 62,171.0,R ,2018-06-04,
1177,CL-JE-747-38,ML Mountain - Yellow- 38,1630.0,S ,2015-07-14,
6485,CL-SH-277-48,ML LL Mountain Tire - Blue- 48,3179.0,R ,2023-08-04,2027-08-03
3654,BI-MB-236-60,LL ML Mountain Tire - Yellow- 60,1547.0,M ,2025-01-11,2026-11-29
1813,CO-BB-856-38,HL Women's Tights - Black- 38,,R ,2021-09-28,2024-07-24
875,AC-HE-587-62,LL HL Bottom Bracket - Red- 62,2941.0,M ,2017-04-29,
6527,CL-CA-253-38,ML HL Road Rear Wheel - Silver- 38,110.0,M ,2016-11-23,
4143,CO-BR-482-38,HL Road - Red- 38,3460.0,T ,2024-11-02,
3730,AC-CL-469-58,ML LL Mountain Frame - Yellow- 58,707.0,R ,2019-03-16,2021-12-02
1648,CL-JE-665-60,ML ML Road Handlebars - Yellow- 60,97.0,,2018-08-21,
1542,CO-PD-843-62,HL Mountain Bottle Cage - Silver- 62,3337.0,R ,2013-09-10,2016-12-19
2780,AC-BC-724-62,ML ML Road Front Wheel - Red- 62,852.0,T ,2022-12-16,
5027,CO-FO-757-48,HL LL Touring Handlebars - Silver- 48,2706.0,R ,2013-04-05,2017-07-26
5926,AC-CL-516-44,HL Half - Black- 44,363.0,T ,2017-05-24,
4508,AC-CL-271-62,ML Fender Set - Black- 62,2583.0,T ,2017-07-20,
3039,BI-RB-505-38,LL Chain - White- 38,164.0,S ,2024-06-06,
2258,CL-SH-492-58,ML ML Road Pedal - Yellow- 58,1931.0,R ,2023-12-27,2028-07-23
5258,CL-VE-360-38,HL Long - White- 38,572.0,M ,2019-01-06,2020-12-11
2076,CO-BR-345-58,ML All - Yellow- 58,2475.0,M ,2012-11-27,
6271,AC-HE-197-58,ML Touring Tire Tube - Blue- 58,2114.0,T ,2024-07-23,2028-06-14
968,AC-HE-477-38,HL Touring - Black- 38,2361.0,T ,2022-08-06,2026-09-12
224,CO-BR-382-62,LL LL Mountain Frame - Red- 62,2144.0,M ,2023-05-14,
3490,CO-CH-860-62,LL Classic Vest - Red- 62,105.0,,2023-09-03,
5456,CL-SO-658-48,LL HL Road Tire - Silver- 48,3433.0,T ,2016-03-08,
1023,CO-HB-497-60,ML Touring Front Wheel - Blue- 60,439.0,S ,2013-02-10,2017-01-05
3712,CO-DE-990-52,HL Road Tire Tube - Red- 52,1793.0,M ,2017-10-08,
1006,AC-LO-976-38,HL Taillights - Yellow- 38,1239.0,S ,2015-10-23,2018-04-14
2452,CL-SO-181-52,ML ML Mountain Seat/Saddle - Silver- 52,1684.0,R ,2012-07-12,
5667,BI-TB-514-48,LL ML Crankset - Yellow- 48,2708.0,,2023-09-01,
4670,CL-GL-162-48,LL ML Headset - Red- 48,3351.0,T ,2013-02-24,
6807,CL-TI-376-52,ML LL Road Tire - Red- 52,724.0,M ,2020-08-07,
4664,CO-MF-870-42,HL Full - White- 42,783.0,R ,2014-01-21,
4549,CO-BR-444-48,HL Touring Tire Tube - Black- 48,1664.0,T ,2021-02-01,2022-02-15
5984,CO-CH-775-60,HL Taillights - Blue- 60,676.0,S ,2025-02-11,
5807,BI-RB-809-62,LL Chain - Red- 62,1697.0,,2012-03-28,
6219,CL-GL-333-44,LL ML Road Tire - Blue- 44,2434.0,R ,2022-06-01,
3311,CL-SO-356-52,HL LL Mountain Handlebars - Silver- 52,1230.0,R ,2016-10-24,2019-07-14
4969,CO-PD-391-44,ML ML Bottom Bracket - Yellow- 44,663.0,R ,2014-01-12,
5578,AC-CL-188-52,HL ML Road Rear Wheel - Yellow- 52,1724.0,M ,2024-05-25,
6823,AC-BC-638-52,LL HL Touring Frame - Blue- 52,191.0,,2022-02-02,
6760,CL-VE-809-58,LL HL Touring Handlebars - Black- 58,3145.0,M ,2011-02-02,2014-01-15
5835,CO-SA-493-52,LL LL Mountain Pedal - Red- 52,2723.0,T ,2018-12-10,
5217,CO-SA-550-62,LL ML Road Frame - Red- 62,198.0,S ,2012-12-09,2017-04-19
218,CO-CS-596-60,HL HL Road Rear Wheel - Yellow- 60,882.0,S ,2022-01-13,2026-05-15
5936,CO-HS-681-60,ML LL Mountain Pedal - Red- 60,2955.0,M ,2018-09-28,
5947,BI-MB-989-62,HL ML Crankset - Silver- 62,417.0,R ,2023-03-25,
3759,AC-BS-319-52,LL LL Road Seat/Saddle - Silver- 52,150.0,R ,2013-10-16,2015-03-15
2567,AC-FE-607-42,ML Hydration Pack - Silver- 42,2761.0,R ,2023-07-06,
4911,AC-HP-508-60,HL Sport - Red- 60,399.0,T ,2024-05-12,2027-02-22
6655,AC-LO-263-44,ML LL Road Front Wheel - Red- 44,398.0,M ,2020-08-20,2024-07-16
2942,CO-RF-958-62,HL Road Bottle Cage - Silver- 62,1851.0,R ,2019-12-03,
3786,AC-FE-476-44,HL HL Mountain Seat/Saddle - Red- 44,,M ,2016-05-10,
5773,AC-CL-127-58,LL HL Fork - Blue- 58,1302.0,R ,2020-05-09,2024-10-13
3636,CO-MF-186-38,HL ML Mountain Seat/Saddle - Black- 38,2630.0,R ,2019-11-10,
2995,AC-PA-264-60,HL Sport - Black- 60,3258.0,M ,2018-07-16,2017-06-20
4158,AC-LI-289-42,ML ML Road Handlebars - Red- 42,,T ,2018-02-02,2020-02-14
1200,CL-BS-167-42,LL HL Road Seat/Saddle - Black- 42,1778.0,S ,2021-12-09,2026-05-08
6479,BI-TB-358-42,LL HL Mountain Front Wheel - Yellow- 42,,T ,2025-01-08,
4343,BI-TB-732-42,ML LL Touring Frame - Black- 42,2322.0,R ,2012-07-18,
6625,CL-CA-160-52,ML ML Road Seat/Saddle - Yellow- 52,2911.0,R ,2023-04-10,2027-03-11
5482,CL-VE-509-38,HL HL Road Pedal - Yellow- 38,2571.0,M ,2013-12-19,
216,CO-DE-253-38,ML Half - Black- 38,-2791.0,S ,2022-11-06,
5162,BI-RB-184-52,ML HL Crankset - Yellow- 52,867.0,S ,2012-08-11,
4611,AC-BS-346-44,LL HL Road Frame - Yellow- 44,1668.0,R ,2017-07-22,
6221,AC-CL-333-60,HL HL Road Tire - White- 60,2110.0,R ,2020-01-17,
3484,CO-RF-195-52,HL HL Road Pedal - White- 52,412.0,T ,2023-05-17,2027-09-27
4517,CL-VE-947-62,ML LL Road Handlebars - White- 62,712.0,R ,2018-07-19,
386,AC-LI-844-48,HL ML Bottom Bracket - Red- 48,1559.0,M ,2023-05-12,2022-08-12
6560,CO-RF-679-44,LL Touring - Yellow- 44,2813.0,R ,2022-11-29,
2254,BI-TB-910-38,HL Minipump - Blue- 38,,M ,2015-03-14,
5962,CO-BB-400-58,ML HL Road Front Wheel - Black- 58,1315.0,T ,2025-01-05,2027-09-17
2500,CL-SH-482-44,ML ML Road Frame - Silver- 44,504.0,R ,2012-05-17,2013-09-06
314,CO-RF-288-44,LL HL Touring Handlebars - Silver- 44,,R ,2014-09-23,2016-06-19
5101,AC-HE-253-42,LL Men's Sports Shorts - Red- 42,,T ,2011-11-03,2014-03-09
5870,CL-SO-929-48,HL Classic Vest - Silver- 48,3068.0,R ,2020-08-22,2021-10-14
4814,CO-HB-190-42,LL Women's Mountain Shorts - White- 42,304.0,M ,2024-05-03,
2753,AC-BR-516-52,ML LL Road Seat/Saddle - White- 52,807.0,T ,2016-10-12,
3859,AC-BS-957-38,LL LL Mountain Seat/Saddle - Blue- 38,1881.0,T ,2017-04-04,
3002,AC-LO-133-44,ML Touring - White- 44,2510.0,T ,2012-11-09,
614,BI-MB-359-44,LL LL Touring Seat/Saddle - Blue- 44,3494.0,M ,2019-01-16,
2980,CL-JE-538-52,LL LL Mountain Frame - Yellow- 52,,R ,2022-03-20,2023-07-22
2835,CO-HS-893-62,LL ML Touring Seat/Saddle - Black- 62,,R ,2020-12-01,
1698,CO-CS-866-42,HL LL Touring Handlebars - Red- 42,2144.0,M ,2021-06-06,
6892,BI-MB-245-48,LL ML Road Handlebars - Silver- 48,1009.0,S ,2022-07-29,2025-06-16
1629,AC-BR-564-42,LL Road Tire Tube - Yellow- 42,,R ,2011-11-23,2013-07-27
3312,AC-LI-733-52,HL LL Touring Frame - White- 52,2765.0,T ,2016-06-29,2019-08-10
5618,AC-CL-323-52,LL LL Mountain Handlebars - Yellow- 52,3486.0,S ,2023-06-11,
4289,AC-PU-133-48,HL LL Mountain Tire - Silver- 48,1294.0,R ,2015-05-06,2017-10-05
2578,CO-BB-315-60,HL HL Bottom Bracket - Yellow- 60,866.0,T ,2021-04-18,
4067,CL-VE-965-60,LL Cable Lock - Blue- 60,411.0,S ,2023-07-01,2027-02-11
2239,BI-RB-702-60,HL Mountain Tire Tube - Red- 60,2096.0,R ,2022-06-01,
5970,CO-TF-342-44,ML Short - Black- 44,136.0,S ,2024-01-10,
4500,AC-BR-880-44,HL ML Road Seat/Saddle - Silver- 44,2367.0,M ,2018-08-19,2022-11-28
5423,CO-SA-936-60,LL HL Mountain Rear Wheel - Silver- 60,2078.0,R ,2019-05-30,2022-11-12
2759,CL-VE-291-60,ML Front Brakes - Silver- 60,1219.0,M ,2016-04-10,
1245,CO-FO-535-44,LL HL Road Handlebars - Black- 44,,,2013-11-20,2017-10-06
3326,BI-TB-185-52,HL Short - Yellow- 52,3299.0,,2011-08-28,
4903,AC-FE-174-42,ML Women's Mountain Shorts - Red- 42,898.0,R ,2015-07-01,
2060,AC-BC-382-48,ML Taillights - White- 48,2214.0,S ,2013-01-25,
5864,BI-RB-739-60,HL LL Road Seat/Saddle - Red- 60,474.0,S ,2019-03-12,
3164,CO-PD-695-58,LL LL Crankset - Red- 58,3285.0,R ,2018-09-11,
1898,AC-HP-385-44,ML HL Road Rear Wheel - Red- 44,922.0,M ,2020-02-11,2021-02-02
6891,AC-TT-949-52,ML Bike Wash - Black- 52,1305.0,M ,2023-04-08,
5856,AC-FE-872-60,LL Racing Socks - Red- 60,1675.0,S ,2014-12-19,
275,AC-TT-203-62,ML Rear Brakes - Red- 62,2898.0,M ,2023-10-26,
4188,AC-LI-226-60,HL Hydration Pack - Red- 60,1574.0,R ,2020-02-15,
6564,BI-TB-135-38,HL LL Mountain Frame - Red- 38,2699.0,R ,2018-06-20,
3578,BI-TB-394-44,HL ML Road Front Wheel - Black- 44,3230.0,T ,2011-03-24,2013-10-12
5477,CL-CA-838-58,ML ML Mountain Seat/Saddle - Red- 58,3083.0,T ,2020-09-24,
442,AC-PA-524-38,LL Touring Tire - Black- 38,442.0,S ,2021-05-21,
3122,CO-TF-304-38,ML LL Mountain Pedal - Red- 38,,T ,2017-11-20,
1305,CL-VE-131-48,LL ML Fork - Black- 48,3225.0,T ,2024-02-25,2025-11-01
4593,CO-TF-218-62,HL LL Mountain Front Wheel - Red- 62,98.0,S ,2015-07-17,
251,BI-MB-963-60,HL ML Touring Seat/Saddle - Red- 60,2281.0,R ,2015-03-25,
2408,AC-BS-496-48,ML ML Headset - White- 48,1426.0,M ,2025-01-31,2026-04-17
4808,CO-BB-165-44,HL HL Road Tire - Blue- 44,991.0,S ,2013-08-12,2018-06-16
6502,CO-PD-403-38,LL ML Road Seat/Saddle - Silver- 38,2795.0,R ,2020-04-02,
1725,CO-BR-927-62,LL HL Mountain Handlebars - Red- 62,2048.0,R ,2024-02-09,2027-01-01
6013,CO-PD-491-48,LL Hydration Pack - White- 48,2310.0,M ,2016-10-29,2017-08-20
1942,BI-MB-452-62,ML ML Road Front Wheel - Black- 62,1942.0,T ,2016-10-21,
3043,AC-PA-914-58,LL LL Road Rear Wheel - White- 58,79.0,T ,2013-07-27,
4543,AC-PU-864-44,HL Road - Blue- 44,1415.0,S ,2023-07-22,2028-03-06
2584,CL-VE-885-58,ML Touring - Silver- 58,2545.0,S ,2020-07-20,2022-03-21
1796,CO-FO-206-52,HL ML Road Seat/Saddle - Red- 52,586.0,S ,2012-02-15,
1647,AC-LO-438-62,ML ML Mountain Handlebars - Yellow- 62,1185.0,M ,2014-12-30,2016-09-08
6704,AC-TT-226-38,LL Mountain Tire Tube - Black- 38,375.0,R ,2011-09-16,2013-02-20
3739,CO-CS-355-42,HL LL Mountain Frame - White- 42,2915.0,S ,2016-02-20,
3590,CO-MF-727-62,ML Hitch Rack - Yellow- 62,2475.0,,2017-09-30,
5788,BI-TB-906-62,LL LL Fork - Red- 62,330.0,T ,2013-02-12,2012-01-17
3955,CO-MF-170-42,HL Mountain Bike Socks - Yellow- 42,1987.0,M ,2020-02-25,
5177,BI-TB-539-60,ML LL Mountain Handlebars - Blue- 60,973.0,R ,2023-07-17,2024-07-13
3348,AC-PU-431-62,ML Half - Yellow- 62,3338.0,R ,2024-06-23,2028-06-14
6682,AC-LI-188-58,LL ML Crankset - Silver- 58,3025.0,M ,2016-05-20,2020-04-27
6457,BI-RB-744-44,HL HL Road Handlebars - White- 44,1440.0,R ,2013-05-06,
269,AC-BS-547-58,ML Touring Tire - Red- 58,246.0,T ,2015-03-27,2019-08-07
1977,CL-VE-149-38,HL ML Road Handlebars - White- 38,,S ,2021-04-13,2026-01-07
3879,CO-PD-270-42,HL LL Mountain Seat/Saddle - Black- 42,,R ,2019-11-13,2024-06-14
1613,AC-PU-188-52,LL ML Mountain Pedal - Silver- 52,,T ,2017-05-05,
6438,AC-PA-795-42,HL LL Road Tire - Red- 42,5.0,R ,2013-11-13,
4996,AC-PU-949-62,HL HL Road Seat/Saddle - Black- 62,2105.0,S ,2016-04-12,2020-12-16
4562,CO-PD-640-60,ML ML Road Pedal - White- 60,198.0,T ,2011-04-20,2013-06-18
5158,CL-GL-215-38,LL Women's Mountain Shorts - Silver- 38,1128.0,S ,2024-03-16,
6548,CO-CS-182-52,ML HL Road Rear Wheel - White- 52,2358.0,,2021-10-05,
1043,AC-PU-930-60,HL Taillights - Silver- 60,1882.0,M ,2021-01-06,
961,BI-TB-791-38,ML LL Mountain Rear Wheel - Black- 38,119.0,T ,2014-11-24,
1539,CO-SA-239-44,HL ML Road Pedal - Yellow- 44,,T ,2016-07-20,
6481,CL-JE-947-58,LL Racing Socks - Silver- 58,,M ,2019-02-09,
3409,BI-MB-756-58,LL Sport - Black- 58,1276.0,S ,2012-03-05,2013-12-25
3352,CO-BR-817-62,LL ML Mountain Handlebars - Silver- 62,1504.0,,2012-10-01,
6425,CL-CA-995-42,HL LL Mountain Pedal - Red- 42,-2277.0,S ,2022-06-21,2026-02-20
825,CO-CH-543-62,LL ML Mountain Tire - Yellow- 62,2318.0,R ,2025-02-02,
6164,CL-TI-613-62,LL HL Mountain Frame - Yellow- 62,199.0,T ,2020-01-04,
1598,CL-JE-155-60,LL HL Mountain Handlebars - Black- 60,1428.0,S ,2022-12-10,2027-03-21
5227,CO-FO-361-38,HL Half - White- 38,1505.0,R ,2017-08-18,
3243,BI-MB-245-48,LL ML Road Handlebars - Silver- 48,1009.0,S ,2022-07-29,2025-06-16
4237,CL-SH-151-52,ML ML Mountain Seat/Saddle - Yellow- 52,736.0,T ,2016-05-17,2021-01-16
6547,CL-BS-868-52,HL Mountain Tire Tube - Red- 52,3121.0,R ,2020-01-04,2021-12-10
276,CO-HS-489-44,LL HL Fork - Blue- 44,674.0,T ,2014-08-24,
6755,CO-TF-901-44,LL AWC Logo Cap - Silver- 44,3137.0,R ,2019-06-19,
5925,CO-FO-206-60,HL LL Crankset - Yellow- 60,3429.0,M ,2011-08-10,2015-12-23
3085,CL-VE-441-48,LL HL Road Front Wheel - Black- 48,1476.0,M ,2016-11-26,2016-02-02
3084,CO-MF-737-38,HL Hydration Pack - Black- 38,,M ,2021-07-11,
1937,CO-DE-366-44,LL AWC Logo Cap - Black- 44,2929.0,T ,2020-02-09,
4662,AC-BC-440-52,HL Racing Socks - Silver- 52,1519.0,R ,2014-11-11,
6507,CO-CH-657-60,LL Bike Wash - Red- 60,3317.0,T ,2012-01-08,2013-04-14
5424,CL-SH-639-44,LL HL Touring Seat/Saddle - Silver- 44,2420.0,T ,2022-02-27,
5573,CO-TF-681-62,HL LL Crankset - Black- 62,95.0,T ,2012-07-07,2014-04-29
5886,BI-MB-657-42,LL ML Headset - Silver- 42,2524.0,R ,2017-12-23,
4968,AC-TT-879-60,HL Half - Silver- 60,2084.0,R ,2024-12-13,2025-09-01
3663,AC-FE-537-44,HL LL Touring Frame - Red- 44,1337.0,,2011-10-26,
2251,BI-MB-756-62,ML Touring - Yellow- 62,2173.0,,2016-06-20,2021-03-15
4650,AC-LO-156-44,LL HL Road Front Wheel - Red- 44,2290.0,T ,2020-07-06,2021-03-18
1674,CO-BB-883-58,HL LL Road Seat/Saddle - Black- 58,1777.0,R ,2018-10-02,
3349,CO-TF-817-48,HL LL Mountain Front Wheel - Red- 48,2555.0,S ,2012-01-11,2015-09-22
6802,AC-HE-383-48,ML Road - Yellow- 48,2695.0,M ,2022-07-31,
6058,AC-BR-883-48,HL Headlights - Silver- 48,1553.0,S ,2017-12-11,2021-04-09
3718,CO-FO-756-38,LL Patch Kit/8 Patches - Yellow- 38,3432.0,S ,2016-07-09,2018-03-12
518,AC-PA-675-42,ML LL Road Rear Wheel - Silver- 42,2237.0,M ,2024-05-26,2027-07-15
940,AC-LI-674-58,HL ML Road Frame - Black- 58,857.0,,2020-10-24,
5512,AC-BR-737-42,ML ML Mountain Front Wheel - Yellow- 42,1687.0,R ,2011-05-05,2014-08-20
5055,BI-TB-647-58,LL Taillights - Blue- 58,1070.0,R ,2015-10-19,2017-10-11
2737,CL-JE-204-38,ML LL Crankset - Red- 38,2107.0,R ,2015-08-30,2017-12-13
979,CO-MF-245-44,ML All - Silver- 44,559.0,T ,2022-06-23,
2232,AC-BC-680-44,HL ML Road Handlebars - Silver- 44,1600.0,S ,2012-04-29,2016-10-24
4597,CL-GL-158-38,ML LL Mountain Frame - Blue- 38,2185.0,M ,2021-11-29,
3223,AC-LI-116-48,LL Front Brakes - White- 48,1733.0,M ,2023-08-12,
1939,AC-LO-631-42,ML HL Mountain Front Wheel - Silver- 42,1843.0,S ,2020-05-06,
4733,CO-FO-295-62,LL All - Red- 62,1039.0,M ,2016-08-18,2018-04-10
3575,CO-DE-402-48,ML Women's Tights - Blue- 48,24.0,S ,2014-04-18,
426,CL-BS-354-42,ML Mountain Pump - Blue- 42,2739.0,T ,2018-03-31,
6269,AC-BR-905-52,HL HL Touring Handlebars - Yellow- 52,2763.0,R ,2015-10-16,2018-04-03
6029,AC-LI-205-60,HL LL Mountain Handlebars - White- 60,2716.0,S ,2011-03-27,
2948,BI-MB-771-58,HL LL Road Seat/Saddle - White- 58,1807.0,M ,2011-12-26,
843,CO-PD-731-60,ML Touring Rear Wheel - Silver- 60,3413.0,R ,2022-11-06,
383,CO-BR-949-48,ML HL Road Seat/Saddle - Silver- 48,2101.0,T ,2012-03-16,
3606,CL-TI-460-62,LL HL Road Front Wheel - White- 62,631.0,S ,2015-08-18,
599,AC-PA-642-52,LL Chain - Silver- 52,2759.0,M ,2024-04-21,
5630,AC-LO-819-58,ML LL Mountain Seat/Saddle - White- 58,879.0,,2014-07-13,2015-12-11
6566,CL-BS-459-42,HL LL Bottom Bracket - Silver- 42,2034.0,S ,2016-05-02,
2344,AC-PU-554-42,HL LL Road Handlebars - White- 42,1704.0,M ,2014-05-03,
610,CL-SH-759-38,HL Water Bottle - Silver- 38,3412.0,S ,2012-09-11,2014-07-26
4511,AC-HP-613-38,HL Mountain Tire Tube - Silver- 38,3462.0,,2023-09-20,2025-03-21
2684,AC-CL-574-44,HL Sport - Black- 44,3400.0,M ,2019-12-03,2023-07-10
1237,CO-BB-748-48,ML HL Road Frame - White- 48,722.0,T ,2018-02-19,
3681,AC-PA-307-62,LL LL Mountain Rear Wheel - White- 62,1025.0,T ,2015-12-22,
4751,AC-PU-712-58,ML Chain - Silver- 58,3435.0,S ,2017-01-29,
1907,AC-PA-736-44,ML HL Road Rear Wheel - Yellow- 44,898.0,M ,2021-06-22,2023-05-06
3846,CO-WH-385-58,ML Racing Socks - Black- 58,2942.0,S ,2021-01-13,2022-12-07
5248,CO-RF-109-44,LL ML Road Handlebars - White- 44,3451.0,S ,2014-06-24,
566,CL-GL-527-38,HL ML Road Seat/Saddle - Red- 38,191.0,S ,2015-08-21,
5389,CL-JE-367-44,ML Rear Derailleur - White- 44,3438.0,R ,2013-10-26,2015-09-29
1522,AC-HE-365-62,ML ML Mountain Pedal - Yellow- 62,236.0,M ,2025-02-14,2027-11-15
3155,CL-BS-982-38,HL HL Touring Frame - Black- 38,,R ,2014-02-26,2018-05-02
3703,CO-SA-834-62,HL LL Mountain Handlebars - Silver- 62,530.0,R ,2018-06-11,
1260,CO-RF-593-48,ML LL Mountain Tire - Red- 48,702.0,T ,2023-07-15,
3306,CO-BB-299-42,ML Touring Rear Wheel - Black- 42,1762.0,T ,2017-01-16,2021-07-06
6235,CO-CS-719-38,ML ML Mountain Front Wheel - White- 38,729.0,S ,2014-08-08,2018-09-15
6583,CL-SH-467-58,ML Sport - White- 58,2820.0,M ,2024-06-10,2028-07-06
3755,CL-CA-114-58,LL Touring - Yellow- 58,,S ,2014-09-29,
2504,BI-MB-654-52,HL Men's Sports Shorts - Silver- 52,,R ,2024-01-06,2026-02-28
410,AC-FE-665-42,LL Full - White- 42,1261.0,M ,2013-08-15,2015-11-18
5308,BI-RB-937-38,LL LL Road Pedal - Red- 38,132.0,R ,2015-05-05,
5985,CO-MF-566-38,HL HL Crankset - White- 38,2652.0,S ,2012-11-19,
1696,CL-TI-621-44,LL Front Brakes - Black- 44,395.0,S ,2014-02-28,
2607,BI-MB-505-62,LL HL Road Pedal - Silver- 62,31.0,R ,2015-03-01,2017-04-17
6871,CO-PD-298-58,ML Mountain Bike Socks - Black- 58,2924.0,T ,2022-07-27,
1641,CO-BR-181-52,ML Front Brakes - Red- 52,230.0,T ,2018-03-03,
2412,AC-PU-801-38,ML Women's Tights - Silver- 38,3085.0,S ,2015-01-15,
2075,CO-DE-321-38,LL ML Touring Seat/Saddle - Blue- 38,,T ,2023-01-07,
4577,CO-MF-969-44,LL HL Mountain Rear Wheel - Yellow- 44,1763.0,M ,2023-03-17,
6169,CO-HS-198-38,LL LL Road Tire - Blue- 38,2668.0,S ,2021-09-03,2022-10-12
6860,AC-BR-532-48,ML LL Mountain Front Wheel - Blue- 48,,R ,2017-10-21,
2461,CL-BS-236-42,ML LL Headset - Yellow- 42,3310.0,S ,2014-10-05,
1821,AC-HP-326-48,LL LL Mountain Seat/Saddle - White- 48,,T ,2014-12-28,2019-02-27
2858,CL-TI-749-38,ML HL Road Handlebars - Blue- 38,1798.0,S ,2015-06-16,2019-04-10
2712,CL-SO-271-48,LL Men's Sports Shorts - White- 48,3358.0,R ,2015-05-11,
582,AC-FE-147-58,LL LL Touring Seat/Saddle - Yellow- 58,2647.0,M ,2024-06-19,
1016,CO-FO-553-44,HL Road Bottle Cage - Red- 44,550.0,M ,2014-05-13,2015-06-07
5413,AC-CL-219-38,LL Full - Yellow- 38,654.0,R ,2022-11-18,
5865,CL-SH-384-58,ML Taillights - Yellow- 58,1774.0,T ,2021-08-28,
2938,CO-TF-698-48,LL Mountain Bottle Cage - Silver- 48,2030.0,T ,2016-12-17,
3830,CL-JE-713-44,LL LL Bottom Bracket - White- 44,2564.0,R ,2019-11-28,
6198,AC-HE-819-42,ML HL Road Seat/Saddle - Blue- 42,501.0,R ,2023-02-22,
810,CO-HB-809-48,LL LL Road Front Wheel - Black- 48,1876.0,R ,2020-03-21,2024-07-28
1884,CL-VE-768-44,HL Long - Silver- 44,3371.0,R ,2015-08-13,
4064,BI-RB-990-48,HL Women's Tights - Yellow- 48,2716.0,S ,2024-08-12,
5220,AC-BR-304-52,LL ML Road Seat/Saddle - Yellow- 52,2496.0,R ,2014-10-14,
3649,CL-SO-994-44,LL Touring Tire Tube - Silver- 44,3188.0,T ,2016-02-01,
1826,CO-SA-734-62,LL ML Headset - White- 62,1027.0,R ,2016-10-17,2017-11-24
5124,AC-CL-117-52,HL Sport - Blue- 52,,T ,2024-02-14,
5536,CO-CS-959-48,ML Classic Vest - Red- 48,496.0,M ,2015-03-30,
5572,AC-TT-329-38,LL HL Road Handlebars - Silver- 38,1572.0,R ,2015-06-17,2018-12-31
1213,AC-HP-733-38,ML ML Touring Seat/Saddle - Blue- 38,324.0,S ,2024-06-17,
6585,AC-BR-277-52,LL ML Road Front Wheel - Black- 52,300.0,M ,2016-10-17,
4060,CL-BS-269-52,HL Taillights - Black- 52,,R ,2018-02-08,
5658,BI-TB-288-44,HL HL Fork - Blue- 44,2713.0,S ,2012-02-01,
5309,CO-PD-355-48,ML HL Touring Handlebars - Blue- 48,2890.0,M ,2021-12-02,
5880,CO-PD-541-58,ML LL Mountain Handlebars - White- 58,2879.0,S ,2024-09-23,
604,AC-BR-241-44,ML ML Mountain Tire - Silver- 44,2705.0,R ,2011-09-11,2016-04-07
905,AC-HP-647-42,LL ML Mountain Seat/Saddle - Black- 42,1083.0,R ,2019-09-08,2020-09-03
3565,AC-FE-153-52,LL HL Bottom Bracket - White- 52,3151.0,,2014-10-08,
4931,BI-TB-843-62,HL Patch Kit/8 Patches - Yellow- 62,2666.0,T ,2013-03-02,
2082,CL-GL-437-48,ML HL Road Rear Wheel - Yellow- 48,2186.0,R ,2023-06-29,
6296,CL-TI-638-42,ML ML Headset - Yellow- 42,3030.0,T ,2012-02-10,
3228,CO-PD-592-38,LL ML Road Front Wheel - White- 38,2304.0,S ,2014-01-06,2014-11-01
3571,CO-HS-445-44,LL Half - Red- 44,3396.0,M ,2012-11-09,
3635,CO-BB-592-52,LL Hitch Rack - Black- 52,,M ,2014-06-26,
1617,AC-FE-737-58,LL LL Touring Seat/Saddle - Red- 58,2724.0,T ,2018-10-17,
5002,CL-SH-394-60,ML Mountain Bottle Cage - Yellow- 60,2486.0,T ,2024-09-02,2025-08-15
5722,CO-CS-111-52,LL LL Road Front Wheel - Red- 52,2155.0,T ,2016-02-14,
3269,BI-MB-494-52,LL LL Road Front Wheel - Yellow- 52,2032.0,S ,2011-02-20,
5715,CO-HB-429-48,HL HL Mountain Frame - Yellow- 48,1412.0,S ,2020-07-09,2024-06-11
3071,CO-MF-582-48,HL ML Road Rear Wheel - White- 48,3351.0,R ,2023-01-30,
4568,CO-CS-934-60,HL Touring Tire Tube - Blue- 60,1545.0,M ,2013-04-12,
5159,CL-CA-334-60,ML ML Mountain Frame - Black- 60,3.0,R ,2017-07-11,2016-10-12
6474,CO-HB-314-58,LL HL Road Frame - Red- 58,1017.0,M ,2018-10-12,2020-05-25
5942,AC-BS-679-52,ML HL Touring Seat/Saddle - Red- 52,2756.0,T ,2024-12-02,
4957,CO-HS-384-44,LL ML Road Seat/Saddle - Blue- 44,722.0,M ,2016-11-25,
4005,AC-TT-248-48,HL Long - Yellow- 48,431.0,R ,2021-06-18,
3792,AC-BS-135-42,LL Men's Sports Shorts - Red- 42,,M ,2017-05-06,2018-05-10
3362,CL-CA-511-52,LL LL Mountain Frame - Red- 52,2619.0,M ,2016-07-13,2020-05-31
4201,AC-PU-686-60,HL HL Mountain Frame - Red- 60,,R ,2015-12-04,
3569,AC-BC-750-52,LL HL Bottom Bracket - Blue- 52,2936.0,M ,2012-05-24,2015-11-14
2183,AC-TT-540-48,LL Mountain Pump - Red- 48,3298.0,M ,2013-08-21,
2194,AC-LI-464-48,LL ML Touring Seat/Saddle - Silver- 48,261.0,M ,2015-07-24,2019-09-05
5072,CO-TF-344-62,LL LL Road Rear Wheel - Blue- 62,398.0,S ,2020-08-16,2021-04-17
1922,CO-FO-614-44,HL HL Mountain Rear Wheel - White- 44,1242.0,S ,2020-08-06,
4405,AC-HP-913-38,LL Women's Tights - Blue- 38,,S ,2019-03-25,
3597,CL-SH-809-58,ML ML Road Handlebars - Yellow- 58,2283.0,,2023-02-13,2027-03-09
1902,CL-VE-988-44,HL ML Mountain Pedal - Black- 44,-1488.0,R ,2019-09-22,
3353,CO-HB-758-58,HL LL Mountain Frame - Silver- 58,1913.0,M ,2020-04-25,
3238,CO-BR-831-58,ML HL Road Rear Wheel - Red- 58,1893.0,S ,2023-03-09,
3237,CL-GL-454-62,HL Rear Brakes - Yellow- 62,1018.0,M ,2012-11-25,2013-10-21
5952,AC-CL-160-58,LL HL Mountain Handlebars - Red- 58,1101.0,R ,2018-02-17,
4886,AC-LO-365-42,LL All - Silver- 42,2819.0,T ,2024-01-11,2025-11-12
6590,CO-BR-923-44,ML Mountain - Yellow- 44,2956.0,M ,2021-02-28,
246,CL-GL-394-60,LL Taillights - Yellow- 60,687.0,,2021-04-01,
4429,AC-PA-654-62,LL ML Road Seat/Saddle - White- 62,3035.0,R ,2012-10-22,
5759,CL-SO-592-44,LL LL Mountain Frame - Black- 44,1260.0,,2021-12-15,2025-08-31
6420,AC-LO-204-44,LL HL Mountain Frame - White- 44,3402.0,S ,2018-11-24,
575,CL-BS-984-48,HL Mountain Tire Tube - Red- 48,1080.0,R ,2017-06-21,2016-06-13
494,AC-BR-162-48,HL Headlights - White- 48,1938.0,R ,2019-01-28,
4793,CO-FO-905-38,LL ML Mountain Front Wheel - Blue- 38,1974.0,M ,2022-11-09,2025-09-27
4601,AC-HP-857-60,ML ML Road Handlebars - Blue- 60,1615.0,M ,2021-10-25,
6100,CO-TF-427-62,ML LL Road Pedal - Blue- 62,-2205.0,T ,2012-03-27,2011-11-05
2191,CL-GL-906-48,LL Racing Socks - Black- 48,2156.0,M ,2016-07-27,2020-02-16
2513,CO-CS-241-58,LL Touring Rear Wheel - Red- 58,3150.0,M ,2023-07-28,
5398,CO-CS-616-48,HL LL Bottom Bracket - Black- 48,1859.0,R ,2015-04-09,2017-07-17
778,CO-BR-286-52,HL LL Road Frame - Black- 52,2980.0,T ,2020-08-02,2022-11-29
555,CO-BB-593-60,HL Fender Set - Yellow- 60,272.0,S ,2015-12-20,2017-12-27
6883,AC-BR-239-42,LL ML Mountain Seat/Saddle - Red- 42,910.0,R ,2014-01-14,
5789,CL-VE-107-52,LL Rear Brakes - Black- 52,2277.0,S ,2011-02-28,2012-01-07
2375,AC-LI-924-44,HL ML Mountain Seat/Saddle - Yellow- 44,1849.0,T ,2024-03-05,
1632,BI-TB-456-52,LL Headlights - Red- 52,1256.0,M ,2013-09-06,2016-04-24
2226,AC-LI-332-44,LL HL Mountain Handlebars - Black- 44,2158.0,M ,2019-09-17,
1127,AC-HE-938-42,LL Fender Set - Black- 42,1427.0,S ,2022-07-08,2026-08-05
3828,BI-RB-524-38,HL LL Road Frame - Yellow- 38,1937.0,S ,2011-06-27,2014-10-03
4472,CO-DE-598-62,HL HL Mountain Rear Wheel - White- 62,2425.0,S ,2021-05-25,
3778,CL-JE-531-52,ML ML Headset - Silver- 52,1364.0,T ,2012-01-25,
2470,CO-SA-213-58,HL LL Mountain Frame - Red- 58,94.0,R ,2022-08-01,2027-05-07
5133,AC-BC-602-38,ML Fender Set - Black- 38,997.0,T ,2021-03-20,
2530,CO-TF-840-62,HL HL Crankset - Blue- 62,3119.0,,2024-01-12,
5105,CO-MF-698-52,LL HL Road Rear Wheel - Silver- 52,526.0,R ,2015-09-07,
6316,AC-CL-738-62,HL HL Mountain Tire - Silver- 62,121.0,T ,2024-01-29,2027-02-12
3914,CO-HB-774-58,HL LL Mountain Frame - Blue- 58,2702.0,T ,2017-05-19,
6305,CL-BS-851-44,HL LL Road Handlebars - Silver- 44,2516.0,M ,2025-01-13,2028-11-16
2716,CO-MF-613-52,LL LL Mountain Tire - White- 52,2172.0,M ,2024-01-23,2026-03-12
4007,CO-HB-451-60,HL Women's Tights - White- 60,1719.0,T ,2022-11-02,2027-04-30
4845,AC-HP-157-44,ML HL Road Tire - White- 44,2073.0,T ,2021-10-18,
1724,CO-MF-693-48,ML LL Mountain Seat/Saddle - Black- 48,2635.0,S ,2014-11-07,2016-05-21
5889,BI-RB-102-60,HL Minipump - Red- 60,1589.0,,2014-09-29,
3735,CL-JE-488-58,HL ML Road Pedal - White- 58,2219.0,T ,2022-10-31,2027-01-26
4523,CL-SH-857-58,ML LL Mountain Handlebars - White- 58,1043.0,R ,2013-03-21,2017-01-24
3540,CL-CA-216-58,ML ML Bottom Bracket - Black- 58,1642.0,T ,2018-09-01,
2033,AC-LO-164-52,LL ML Fork - White- 52,2870.0,S ,2018-02-06,
1395,CO-SA-860-38,HL Full - Silver- 38,1752.0,M ,2019-12-18,2024-01-30
2946,AC-BC-443-42,ML HL Road Pedal - Yellow- 42,456.0,R ,2015-01-11,2017-09-23
6408,CO-HS-566-44,LL Road - Blue- 44,,S ,2024-02-15,
5098,BI-RB-993-52,ML Short - Black- 52,766.0,R ,2017-03-01,2016-08-27
4882,AC-PA-241-52,HL Full - Blue- 52,1512.0,T ,2023-01-19,2027-03-01
1777,CO-WH-793-38,HL HL Road Handlebars - Black- 38,1026.0,M ,2024-11-05,2028-06-14
384,CL-JE-703-38,LL Long - Silver- 38,,R ,2022-08-10,
6081,CO-FO-207-60,HL ML Bottom Bracket - Red- 60,896.0,S ,2021-08-20,2026-05-18
2678,CO-CH-186-38,ML LL Headset - Black- 38,,,2016-06-13,2018-04-06
2205,AC-PU-325-58,ML LL Crankset - White- 58,1786.0,M ,2022-10-03,2025-03-13
1742,AC-PA-520-48,HL ML Mountain Pedal - Black- 48,503.0,T ,2024-02-01,
2697,AC-BR-927-58,LL Touring Tire - Blue- 58,574.0,T ,2019-03-20,
5569,CO-MF-234-42,LL ML Mountain Front Wheel - Yellow- 42,3377.0,S ,2020-04-04,
1849,CO-HB-771-44,ML HL Road Pedal - White- 44,2456.0,R ,2014-09-03,2013-08-07
4598,AC-FE-764-58,LL Mountain Bike Socks - White- 58,2863.0,R ,2012-09-27,
2717,CO-CS-793-58,LL Touring Rear Wheel - Yellow- 58,2311.0,M ,2016-09-12,
4340,CO-CS-525-48,ML Fender Set - Red- 48,1644.0,S ,2022-09-14,2026-03-29
752,CO-HS-779-42,LL Touring - Silver- 42,962.0,S ,2023-06-24,
1774,CL-BS-644-58,ML ML Road Handlebars - Black- 58,,S ,2018-06-28,
2514,CL-CA-250-52,LL ML Mountain Seat/Saddle - Silver- 52,2103.0,S ,2024-02-20,
2628,AC-HE-289-48,ML ML Mountain Tire - Red- 48,199.0,S ,2024-11-10,2026-09-20
290,CO-SA-647-48,LL Rear Brakes - Silver- 48,1271.0,S ,2011-12-13,2011-01-30
4284,CO-WH-829-42,ML LL Headset - Red- 42,523.0,S ,2011-05-27,2013-10-07
6845,AC-FE-340-58,LL LL Mountain Rear Wheel - Black- 58,2290.0,S ,2021-07-02,2024-02-23
3905,CO-SA-246-44,HL Mountain - Red- 44,617.0,T ,2017-06-17,
6692,AC-HP-757-42,HL Rear Brakes - Blue- 42,1738.0,T ,2015-08-21,2016-06-11
4802,CO-HB-125-44,ML Touring Tire - Yellow- 44,1324.0,M ,2017-07-04,
2703,AC-TT-286-60,LL Sport - Red- 60,984.0,T ,2015-03-08,2019-01-31
3680,BI-RB-600-60,ML ML Mountain Tire - Red- 60,2566.0,T ,2019-08-19,
5450,BI-TB-527-52,HL Men's Bib - Black- 52,581.0,S ,2014-08-14,2018-07-08
2230,AC-PA-845-42,HL HL Bottom Bracket - White- 42,836.0,T ,2023-11-22,2025-02-27
3191,AC-CL-379-52,LL Touring Tire Tube - Silver- 52,2523.0,R ,2014-08-18,
1891,AC-FE-789-60,HL Sport - Blue- 60,3230.0,S ,2017-08-13,
1472,BI-TB-385-58,HL ML Mountain Pedal - Blue- 58,400.0,T ,2023-07-26,2027-06-18
4296,BI-RB-793-58,ML HL Mountain Frame - Yellow- 58,2750.0,T ,2019-10-09,
6858,AC-BR-481-62,LL Touring Pedal - Blue- 62,-2456.0,M ,2011-08-21,2013-09-24
3908,CO-DE-315-48,HL LL Mountain Pedal - Yellow- 48,640.0,,2013-08-10,2016-07-06
3753,AC-HE-673-38,LL LL Road Frame - White- 38,,S ,2018-12-06,
6817,CO-CH-925-62,LL ML Mountain Tire - Yellow- 62,1521.0,T ,2021-02-24,2021-09-15
2170,AC-LO-192-38,LL LL Road Tire - White- 38,383.0,S ,2017-05-30,2020-06-04
1256,CO-DE-974-48,HL ML Road Tire - Black- 48,412.0,M ,2016-12-10,2018-06-03
2804,CL-SO-334-42,ML Road Bottle Cage - Red- 42,1834.0,M ,2022-06-30,
3425,CO-MF-520-42,LL HL Road Handlebars - Blue- 42,,M ,2015-04-27,
6600,CO-HB-638-48,LL Fender Set - White- 48,2527.0,M ,2015-03-23,2018-10-15
4172,BI-MB-612-60,ML HL Road Front Wheel - Red- 60,,S ,2012-07-02,
491,BI-TB-292-42,HL HL Touring Handlebars - Silver- 42,1284.0,T ,2012-07-31,2016-02-05
280,AC-PU-810-60,HL ML Road Handlebars - Silver- 60,,T ,2025-03-23,
4777,CO-RF-760-60,HL ML Mountain Front Wheel - Black- 60,,M ,2012-02-26,
1569,CO-HS-674-42,LL HL Mountain Front Wheel - White- 42,1971.0,S ,2015-12-04,2016-06-21
1864,AC-HE-671-60,ML HL Mountain Rear Wheel - Yellow- 60,1714.0,S ,2016-06-27,
3599,CL-CA-504-48,ML LL Mountain Rear Wheel - Silver- 48,1473.0,M ,2013-12-23,
2967,CO-RF-687-48,HL Road - Blue- 48,2675.0,M ,2014-11-14,
1172,CL-SO-125-58,HL LL Mountain Front Wheel - Red- 58,2420.0,S ,2019-02-21,2021-09-15
2593,CO-PD-156-42,HL LL Road Pedal - Silver- 42,312.0,T ,2016-10-11,2017-07-18
1727,CL-VE-791-38,ML Short - Red- 38,2902.0,S ,2011-08-06,
1865,CL-SO-261-60,ML ML Road Front Wheel - Blue- 60,569.0,T ,2014-07-06,2018-10-09
6775,CO-CS-307-52,ML Touring Pedal - Red- 52,436.0,M ,2014-03-22,
2798,CO-CH-562-48,ML Patch Kit/8 Patches - White- 48,2545.0,M ,2021-04-16,
5299,AC-LI-748-62,ML Women's Mountain Shorts - Black- 62,2170.0,M ,2011-08-20,2013-12-27
4688,CO-PD-975-42,HL Women's Tights - Yellow- 42,2893.0,R ,2024-01-04,2024-12-08
6726,CL-BS-674-62,LL Patch Kit/8 Patches - White- 62,3198.0,S ,2012-11-07,2013-05-29
3142,AC-HE-779-38,ML LL Crankset - Red- 38,11.0,M ,2023-10-22,
4545,CL-VE-173-42,ML HL Road Rear Wheel - Black- 42,190.0,R ,2022-03-16,
4168,CL-VE-503-62,HL HL Bottom Bracket - Blue- 62,1754.0,T ,2012-04-06,
1215,CO-SA-612-42,ML ML Road Pedal - Black- 42,1747.0,M ,2023-04-23,2026-11-23
5157,AC-PU-841-38,HL Touring Front Wheel - Yellow- 38,864.0,T ,2019-10-05,
4149,CO-DE-696-62,LL Classic Vest - White- 62,1646.0,R ,2020-06-09,2022-08-13
5319,CL-TI-284-38,ML HL Road Rear Wheel - Blue- 38,817.0,M ,2011-12-01,
6056,CO-CH-235-60,LL HL Road Pedal - Red- 60,3202.0,S ,2013-12-19,
3942,CO-DE-793-48,HL ML Mountain Handlebars - Blue- 48,1771.0,T ,2015-09-25,2016-08-01
6014,AC-CL-553-60,LL Full - Red- 60,3490.0,T ,2018-07-02,2021-01-21
4636,CO-MF-467-42,ML Road - Red- 42,1936.0,M ,2015-09-10,
1996,BI-RB-106-42,ML Long - White- 42,2309.0,M ,2020-01-17,
5145,BI-TB-357-38,ML HL Crankset - Silver- 38,299.0,T ,2024-05-30,
2667,BI-RB-928-62,ML ML Bottom Bracket - Red- 62,3026.0,S ,2024-01-07,2025-12-06
1920,AC-TT-306-44,ML LL Bottom Bracket - Black- 44,1167.0,M ,2020-02-29,2024-12-26
427,CO-CS-170-58,LL Minipump - White- 58,2193.0,T ,2014-07-18,
1765,CO-MF-288-44,ML ML Headset - Black- 44,,T ,2018-05-18,2019-08-26
5448,AC-CL-532-44,LL ML Crankset - Black- 44,,M ,2013-07-23,2016-11-01
257,CO-FO-410-62,LL Short - Silver- 62,1671.0,M ,2022-02-10,2024-08-03
6899,AC-BS-158-38,HL LL Road Handlebars - Blue- 38,2479.0,M ,2013-12-12,
5852,CL-GL-372-38,HL Fender Set - Blue- 38,2707.0,T ,2017-06-02,
4451,CO-FO-178-52,HL ML Mountain Rear Wheel - Red- 52,1480.0,,2023-03-26,
3871,AC-FE-236-62,LL ML Road Tire - Yellow- 62,3251.0,S ,2013-07-20,2017-09-17
3588,CO-BB-288-52,ML Touring Rear Wheel - Blue- 52,2106.0,T ,2023-03-21,
4594,CL-JE-697-38,HL HL Mountain Rear Wheel - Red- 38,3322.0,R ,2022-02-16,
3315,CL-SH-927-58,ML Mountain Tire Tube - Red- 58,3179.0,R ,2025-02-16,
6122,CL-TI-780-62,LL HL Mountain Handlebars - White- 62,1190.0,R ,2021-01-01,2025-09-14
1558,CO-MF-107-38,ML HL Touring Seat/Saddle - Blue- 38,623.0,R ,2015-07-11,
4865,CL-TI-256-48,LL HL Mountain Rear Wheel - Silver- 48,385.0,R ,2022-08-31,
4026,CL-CA-874-60,LL Full - Red- 60,,M ,2014-01-19,
5379,CO-BB-932-44,HL Hydration Pack - Blue- 44,2710.0,,2024-03-21,2023-12-22
268,AC-HP-872-42,ML HL Road Pedal - Yellow- 42,1279.0,R ,2020-11-01,2025-04-05
2148,CO-TF-998-52,HL Water Bottle - White- 52,1047.0,M ,2020-05-26,2024-08-13
4673,CO-DE-313-42,LL ML Mountain Frame - White- 42,558.0,M ,2024-01-24,2025-07-20
4526,AC-LI-438-52,ML LL Headset - Red- 52,,T ,2014-01-18,2013-05-18
3766,CO-HS-390-52,ML HL Mountain Tire - Blue- 52,2019.0,T ,2024-03-04,2028-07-31
356,AC-LI-919-42,HL ML Road Frame - Blue- 42,23.0,M ,2022-05-02,2025-07-17
3505,CL-CA-891-42,ML ML Mountain Front Wheel - Red- 42,2670.0,M ,2018-12-16,2020-08-24
4753,CL-SH-986-52,ML HL Touring Handlebars - Black- 52,1431.0,S ,2023-10-13,
4389,CL-SO-327-62,ML HL Mountain Front Wheel - Yellow- 62,2753.0,R ,2021-10-22,2020-10-25
5881,CL-SO-244-52,LL ML Mountain Frame - Blue- 52,2009.0,T ,2017-04-21,
453,AC-BC-659-58,ML Classic Vest - White- 58,3387.0,S ,2014-04-27,
3806,CO-RF-279-48,ML LL Mountain Handlebars - Black- 48,1966.0,S ,2012-05-17,2012-02-06
6628,AC-LO-173-48,HL HL Bottom Bracket - Silver- 48,2037.0,R ,2018-01-28,
2501,CO-MF-250-42,HL ML Road Seat/Saddle - Yellow- 42,722.0,R ,2014-05-28,
5194,CO-HS-766-52,ML Long - Black- 52,147.0,S ,2024-07-24,
6708,CL-CA-958-44,ML LL Road Pedal - Silver- 44,1686.0,T ,2011-02-05,2012-09-02
1286,CO-SA-388-44,HL ML Mountain Tire - Red- 44,447.0,R ,2018-08-27,
5595,CO-TF-918-44,ML LL Mountain Front Wheel - Silver- 44,3276.0,R ,2023-03-06,
3620,CL-BS-423-42,HL HL Bottom Bracket - Red- 42,2199.0,T ,2023-08-07,
6096,CL-TI-576-42,HL Classic Vest - White- 42,1984.0,T ,2012-05-20,
5717,AC-PA-719-44,ML Headlights - Black- 44,1020.0,M ,2024-10-26,2029-02-22
3566,CO-DE-991-60,ML Mountain Pump - Red- 60,546.0,M ,2016-09-07,
391,AC-BS-452-44,ML Mountain Bike Socks - Blue- 44,1492.0,M ,2019-03-17,2021-12-12
1004,BI-RB-160-58,LL ML Road Frame - Red- 58,3322.0,R ,2017-08-09,2019-06-26
6705,CL-BS-862-48,LL HL Road Seat/Saddle - Silver- 48,1643.0,M ,2015-05-04,
4881,CO-HS-209-48,LL Racing Socks - Black- 48,1031.0,M ,2022-12-20,
3550,CO-RF-174-38,HL LL Mountain Handlebars - Blue- 38,2225.0,R ,2015-07-14,2018-12-30
3148,CL-BS-323-60,ML LL Touring Seat/Saddle - Red- 60,3307.0,S ,2021-06-08,2024-02-16
4178,CL-VE-536-60,LL HL Mountain Frame - Blue- 60,2487.0,M ,2021-12-24,
1341,AC-LI-236-60,HL ML Mountain Rear Wheel - White- 60,334.0,T ,2018-08-27,
729,BI-MB-679-62,ML Water Bottle - Black- 62,814.0,R ,2017-08-18,2022-04-10
6288,CO-MF-401-58,LL ML Fork - White- 58,3107.0,T ,2018-07-09,
3736,CO-HB-757-38,LL Touring Tire - Silver- 38,-3109.0,R ,2015-01-10,
5980,AC-LO-546-44,LL HL Touring Frame - Red- 44,2184.0,R ,2011-01-25,2014-04-14
4609,AC-TT-155-58,ML ML Road Tire - White- 58,2941.0,M ,2015-06-13,
1315,CO-FO-155-60,ML Long - White- 60,710.0,R ,2023-12-23,
4422,AC-CL-998-38,ML LL Mountain Frame - Blue- 38,2055.0,T ,2014-09-26,
995,CO-CH-137-58,LL LL Bottom Bracket - Black- 58,2781.0,,2021-04-26,
2345,AC-BS-666-60,LL LL Touring Frame - White- 60,896.0,M ,2012-10-22,
421,BI-RB-266-44,ML Full - Silver- 44,2510.0,M ,2021-09-04,2024-10-27
5139,AC-LI-160-52,ML LL Mountain Tire - Blue- 52,3027.0,T ,2011-05-27,
6595,AC-PU-505-42,LL LL Road Seat/Saddle - Silver- 42,2771.0,S ,2019-08-27,2021-08-31
876,CO-BR-327-42,ML Touring Tire - Yellow- 42,3070.0,T ,2011-11-25,
5570,CO-BB-630-48,HL ML Bottom Bracket - Red- 48,-1013.0,S ,2019-03-17,
3473,CL-JE-805-52,LL LL Crankset - Yellow- 52,3302.0,R ,2020-02-01,2022-08-20
1691,CL-BS-778-60,HL LL Road Rear Wheel - White- 60,2427.0,M ,2015-03-13,
2263,BI-MB-860-62,LL HL Mountain Rear Wheel - Silver- 62,1342.0,S ,2012-11-11,
2683,AC-HE-695-38,LL ML Road Seat/Saddle - Silver- 38,1341.0,T ,2012-09-11,
5561,CO-HS-519-58,ML HL Mountain Front Wheel - White- 58,2767.0,S ,2025-02-09,
2569,CL-VE-509-60,ML HL Crankset - White- 60,570.0,M ,2024-07-14,2027-12-03
2020,CO-DE-825-52,ML ML Road Rear Wheel - Yellow- 52,1895.0,S ,2021-01-03,
5218,AC-BC-585-52,HL LL Road Frame - Blue- 52,3246.0,T ,2014-10-18,
5709,CO-RF-817-62,ML Minipump - Yellow- 62,1736.0,S ,2025-02-18,
6355,CL-SO-341-52,ML LL Mountain Seat/Saddle - Black- 52,,M ,2016-04-11,
326,CL-GL-339-58,HL Front Derailleur - Yellow- 58,578.0,M ,2022-05-22,2024-05-19
2077,AC-BS-304-58,ML ML Crankset - Blue- 58,2082.0,S ,2022-07-25,
2718,CO-PD-171-38,HL LL Touring Frame - Black- 38,2183.0,M ,2012-10-07,2013-05-31
5249,CO-PD-346-38,HL ML Road Frame - White- 38,3009.0,T ,2016-08-01,
830,CL-SH-754-42,HL HL Road Pedal - Red- 42,463.0,S ,2011-07-02,
6446,CO-SA-944-38,LL Hydration Pack - Silver- 38,1065.0,R ,2018-10-12,
1201,BI-TB-446-42,LL Men's Sports Shorts - Blue- 42,2716.0,S ,2014-07-30,2018-07-27
5597,AC-BS-192-44,HL Full - Yellow- 44,3310.0,,2017-03-16,
3235,CO-SA-262-42,LL HL Road Pedal - Black- 42,2340.0,M ,2013-08-07,
5472,AC-BS-383-58,LL HL Mountain Handlebars - Yellow- 58,2163.0,R ,2018-12-08,2021-10-08
6168,AC-BR-472-42,ML HL Road Front Wheel - Silver- 42,1134.0,M ,2021-11-14,2026-08-28
921,CO-RF-587-44,HL Mountain Pump - Yellow- 44,2693.0,R ,2022-10-01,
2662,CL-SH-442-42,ML ML Road Seat/Saddle - Red- 42,,S ,2015-01-05,
4735,CO-DE-186-60,ML Half - Red- 60,,T ,2017-06-18,
1686,CO-TF-901-44,LL AWC Logo Cap - Silver- 44,3137.0,R ,2019-06-19,
588,CO-CH-153-42,LL HL Mountain Handlebars - White- 42,1686.0,M ,2016-05-15,
6553,CO-DE-548-48,ML Rear Brakes - Yellow- 48,2463.0,S ,2017-10-16,
4823,CO-MF-670-58,HL HL Fork - White- 58,3268.0,M ,2014-01-28,
3130,CL-BS-317-44,ML ML Road Rear Wheel - Silver- 44,2149.0,S ,2011-06-06,
629,CL-CA-350-52,ML Minipump - Red- 52,2504.0,S ,2014-11-14,
5750,CO-WH-327-62,HL Men's Bib - White- 62,2589.0,T ,2020-12-08,
2235,CO-BR-187-38,ML LL Road Rear Wheel - Red- 38,504.0,M ,2014-11-03,
793,CL-CA-140-42,ML Front Brakes - Blue- 42,3361.0,S ,2013-09-17,2018-08-17
6312,AC-LI-564-44,ML Long - Silver- 44,114.0,S ,2011-05-21,
2702,CO-WH-658-58,ML LL Touring Seat/Saddle - Red- 58,1051.0,T ,2015-05-02,
6824,AC-BS-374-44,ML HL Mountain Frame - White- 44,2849.0,S ,2011-12-03,
2154,CO-PD-686-38,HL Road Tire Tube - Red- 38,293.0,M ,2023-08-15,2026-01-28
3067,CO-PD-864-44,HL HL Headset - Yellow- 44,2948.0,M ,2015-09-22,
2947,AC-LI-385-42,ML HL Road Pedal - Black- 42,1906.0,T ,2022-05-17,2027-01-30
4689,AC-FE-363-62,ML AWC Logo Cap - White- 62,3015.0,S ,2011-05-30,
967,CO-BR-783-52,LL ML Fork - Blue- 52,2986.0,R ,2014-03-10,
1195,CL-SH-601-62,LL Mountain - Blue- 62,126.0,S ,2014-08-28,
3010,AC-PA-130-52,LL HL Road Frame - Blue- 52,3234.0,T ,2017-09-25,2019-04-10
1761,CO-CS-438-42,HL Short - White- 42,2587.0,S ,2016-04-21,
6036,AC-LO-444-42,LL ML Bottom Bracket - Blue- 42,3040.0,T ,2022-01-09,2026-07-26
1863,AC-LI-799-44,ML HL Mountain Tire - Blue- 44,2047.0,R ,2011-03-14,
516,CO-FO-931-52,LL Hitch Rack - Red- 52,,M ,2013-06-09,
691,BI-MB-860-42,HL ML Mountain Handlebars - Red- 42,383.0,T ,2013-09-03,
3047,BI-MB-873-52,ML HL Road Frame - Yellow- 52,2858.0,M ,2014-06-26,
6537,CL-SH-152-42,LL ML Touring Seat/Saddle - Yellow- 42,3102.0,T ,2014-08-06,
6048,CO-PD-332-42,ML LL Road Front Wheel - White- 42,,M ,2023-07-14,
6706,CO-CH-245-44,LL Bike Wash - Blue- 44,2291.0,M ,2022-05-02,
3109,AC-BR-913-42,ML LL Road Rear Wheel - Yellow- 42,2791.0,M ,2022-12-27,
4754,CL-VE-459-48,ML HL Mountain Frame - White- 48,3307.0,R ,2018-04-13,
1253,CO-HB-291-42,LL LL Road Rear Wheel - Black- 42,874.0,T ,2024-05-19,
861,CL-BS-206-44,HL Short - Silver- 44,727.0,R ,2011-12-08,2014-08-08
6320,CL-SH-562-48,HL Women's Tights - Black- 48,25.0,,2018-11-04,2022-10-27
1022,CL-GL-339-44,HL ML Road Front Wheel - Black- 44,839.0,R ,2024-12-18,2027-07-05
2174,CL-SO-206-44,HL Front Derailleur - White- 44,,R ,2018-11-20,2023-01-16
1739,AC-HE-324-38,ML LL Road Frame - Black- 38,402.0,T ,2016-10-27,2017-08-25
5476,AC-HP-854-60,HL ML Road Seat/Saddle - White- 60,1908.0,R ,2019-09-13,2022-03-27
1284,CO-BR-880-52,LL HL Mountain Seat/Saddle - Silver- 52,1822.0,,2021-03-02,2023-06-13
3357,CO-PD-750-48,ML LL Mountain Front Wheel - White- 48,2418.0,R ,2014-09-09,2016-05-14
4011,CO-DE-395-58,LL ML Mountain Pedal - Red- 58,3473.0,T ,2014-11-14,2018-08-12
818,AC-FE-831-62,LL Short - Red- 62,164.0,R ,2019-11-24,
4474,CO-HB-317-42,HL Men's Bib - Silver- 42,1689.0,,2013-02-18,2012-05-27
4120,AC-LI-585-48,LL Women's Tights - Red- 48,760.0,S ,2024-05-14,
3169,CL-TI-887-38,HL HL Bottom Bracket - Yellow- 38,3021.0,M ,2024-06-07,2026-05-22
2298,AC-LO-161-44,HL LL Road Frame - Black- 44,-3117.0,R ,2011-03-13,2012-03-11
6197,CO-DE-763-48,LL Short - White- 48,1258.0,T ,2012-11-19,
249,AC-HP-295-60,LL ML Headset - Silver- 60,1267.0,S ,2018-07-21,
3008,AC-PA-233-60,ML Patch Kit/8 Patches - White- 60,2947.0,S ,2022-05-31,2023-03-21
4331,AC-HP-499-62,LL ML Mountain Front Wheel - White- 62,1709.0,M ,2018-01-20,2020-10-16
1989,CO-SA-895-38,LL ML Headset - Red- 38,2271.0,T ,2016-06-04,
2153,CL-BS-928-42,ML Cable Lock - White- 42,216.0,M ,2013-01-06,2016-10-10
5037,AC-LI-533-52,ML ML Mountain Rear Wheel - White- 52,771.0,T ,2015-12-20,
5732,CL-SH-943-60,ML Patch Kit/8 Patches - White- 60,1208.0,R ,2011-06-07,
5197,CL-SH-902-38,HL Women's Tights - Black- 38,3224.0,R ,2013-12-28,
1836,AC-BC-610-44,ML HL Mountain Pedal - Black- 44,,M ,2017-02-16,2020-02-01
5292,AC-HE-321-52,LL Touring Front Wheel - Blue- 52,3189.0,T ,2019-06-06,2023-06-28
4193,CL-CA-305-62,LL ML Road Pedal - Yellow- 62,827.0,R ,2014-12-11,2017-05-15
1980,CO-HB-805-48,LL ML Mountain Pedal - Blue- 48,1473.0,S ,2023-01-11,
3075,CO-RF-461-52,LL LL Mountain Seat/Saddle - White- 52,2142.0,R ,2013-10-24,
6380,AC-BS-718-44,HL HL Road Handlebars - Black- 44,307.0,M ,2025-01-06,2025-12-02
719,CL-CA-319-48,LL Touring Pedal - Silver- 48,963.0,M ,2018-03-30,2021-06-28
3628,CO-FO-539-38,LL Mountain Pump - Blue- 38,1733.0,R ,2021-06-22,2024-01-11
2634,AC-LO-195-60,ML Men's Bib - Black- 60,2016.0,T ,2014-04-11,2018-06-11
2672,CO-BR-592-62,HL Patch Kit/8 Patches - Silver- 62,2215.0,M ,2016-12-12,
2432,CO-WH-109-48,ML ML Fork - Silver- 48,3415.0,T ,2020-04-24,
4840,BI-TB-850-48,LL Taillights - Red- 48,1413.0,R ,2017-08-02,
3521,CL-VE-925-38,LL ML Headset - Silver- 38,100.0,R ,2018-02-27,
2583,AC-PA-185-62,LL LL Mountain Seat/Saddle - White- 62,896.0,T ,2012-10-17,
4012,CO-DE-568-48,HL ML Road Front Wheel - Blue- 48,2490.0,T ,2023-08-14,2026-04-01
5480,BI-RB-374-38,LL ML Mountain Pedal - Red- 38,2455.0,R ,2023-11-14,
6586,AC-PA-475-52,LL Taillights - Blue- 52,282.0,S ,2013-02-04,
3853,CO-HB-725-48,ML Full - Blue- 48,1062.0,R ,2012-01-16,2013-01-09
1780,AC-HP-130-44,ML Taillights - Black- 44,,M ,2011-01-23,
925,BI-RB-534-52,LL Touring Pedal - Blue- 52,2303.0,T ,2015-11-25,
3421,CL-VE-949-48,LL HL Road Tire - Silver- 48,2629.0,S ,2024-08-28,
624,AC-BC-594-48,HL LL Road Frame - Blue- 48,2765.0,M ,2018-09-02,
1646,CL-VE-289-60,HL Women's Tights - White- 60,2670.0,R ,2011-02-10,
3203,CO-DE-575-62,LL HL Road Handlebars - Red- 62,1798.0,M ,2017-11-27,
2372,CL-TI-457-48,ML ML Mountain Pedal - Blue- 48,2832.0,M ,2013-07-11,
3337,CO-MF-335-42,ML HL Road Rear Wheel - Black- 42,,T ,2024-07-08,
2037,CO-MF-519-52,ML ML Mountain Pedal - Silver- 52,1912.0,T ,2016-07-23,
4799,AC-BC-704-62,HL Men's Sports Shorts - Red- 62,555.0,M ,2021-08-04,
5169,CO-RF-789-58,ML LL Fork - Silver- 58,,R ,2021-06-22,
999,CO-TF-536-38,LL HL Mountain Handlebars - Yellow- 38,870.0,M ,2020-09-29,
1586,CO-SA-162-48,HL ML Road Rear Wheel - Silver- 48,921.0,R ,2014-10-21,2017-12-21
6378,CO-DE-991-58,HL Front Derailleur - Red- 58,3465.0,T ,2020-04-26,
6191,CL-TI-345-52,LL LL Road Rear Wheel - Black- 52,1594.0,S ,2011-11-25,
3563,AC-PA-145-44,LL LL Mountain Pedal - Yellow- 44,1697.0,T ,2016-05-02,2019-04-13
1100,CO-FO-226-38,LL ML Mountain Seat/Saddle - Black- 38,3112.0,M ,2022-08-01,2024-06-13
379,CO-HB-806-48,HL Classic Vest - White- 48,920.0,T ,2017-01-10,2016-11-10
2755,CO-BB-321-62,HL Mountain - White- 62,2690.0,T ,2018-12-23,2021-01-21
6008,CO-BB-398-52,LL Bike Wash - Yellow- 52,2508.0,T ,2014-11-27,2014-07-30
4144,CL-GL-584-58,ML Hydration Pack - Red- 58,-50.0,R ,2015-02-01,
5018,CL-SH-684-60,ML Full - Black- 60,3135.0,S ,2017-07-03,
1566,AC-HE-688-48,LL LL Road Rear Wheel - Silver- 48,2013.0,R ,2024-05-14,2026-05-19
3061,AC-LO-663-48,HL Minipump - Blue- 48,2610.0,R ,2019-01-17,
3325,CO-BR-772-62,ML HL Road Frame - Red- 62,2707.0,R ,2015-03-02,
2782,CO-CH-810-52,ML Classic Vest - Red- 52,234.0,S ,2012-11-18,2015-04-06
3297,CL-SO-884-58,LL Racing Socks - Black- 58,1779.0,M ,2015-06-24,
6902,BI-RB-313-60,ML Half - Black- 60,1567.0,S ,2021-06-28,2026-04-01
2783,CO-PD-939-42,LL Touring Tire - Silver- 42,2287.0,R ,2016-08-08,2020-06-13
2728,AC-FE-359-42,ML Mountain - White- 42,2520.0,M ,2019-06-23,2024-01-16
1642,CO-TF-304-62,HL HL Mountain Frame - Red- 62,3271.0,T ,2012-08-16,
2595,CL-BS-729-44,HL Bike Wash - Silver- 44,3234.0,M ,2012-04-08,
776,CL-CA-845-44,LL HL Headset - Yellow- 44,3174.0,M ,2015-05-05,
4347,CO-CH-326-42,ML LL Touring Frame - Blue- 42,1673.0,R ,2014-07-15,
5529,CO-WH-795-60,HL All - Silver- 60,2454.0,M ,2018-01-04,2020-06-04
4728,CO-BB-544-38,LL LL Road Tire - White- 38,1705.0,R ,2015-09-15,
3461,AC-LO-221-38,LL ML Touring Seat/Saddle - Yellow- 38,2861.0,M ,2020-01-15,2021-04-28
3431,AC-FE-581-42,HL HL Road Front Wheel - White- 42,1515.0,T ,2025-02-01,2029-04-11
3281,BI-TB-176-52,ML Touring Front Wheel - Blue- 52,2165.0,T ,2018-02-20,2022-09-23
6294,CL-SO-588-52,HL ML Crankset - Blue- 52,3396.0,T ,2019-04-15,
2883,AC-BR-264-42,ML ML Road Seat/Saddle - Silver- 42,2255.0,M ,2019-11-03,
4358,AC-PA-517-60,HL ML Road Frame - Blue- 60,844.0,T ,2019-07-30,2023-08-25
2512,CL-JE-451-38,LL Hitch Rack - Yellow- 38,1466.0,R ,2012-10-01,
3810,CO-MF-654-58,ML LL Bottom Bracket - White- 58,1394.0,M ,2021-04-25,
3951,AC-LI-763-38,LL ML Mountain Frame - Yellow- 38,519.0,S ,2011-03-23,
4029,CO-RF-152-62,LL HL Road Seat/Saddle - Silver- 62,1875.0,T ,2011-05-17,2011-01-08
4950,CO-SA-630-58,LL ML Mountain Front Wheel - Blue- 58,3374.0,T ,2021-07-04,
2323,CL-JE-719-58,HL Women's Tights - Silver- 58,14.0,R ,2020-04-11,
5143,CO-FO-327-42,LL Front Derailleur - Silver- 42,100.0,M ,2011-02-01,
6207,CL-TI-575-52,HL ML Bottom Bracket - Black- 52,2939.0,T ,2012-05-05,
4704,CL-SH-389-62,ML HL Mountain Handlebars - Red- 62,3110.0,R ,2014-02-20,
2234,CL-CA-434-60,LL HL Road Pedal - Red- 60,1911.0,M ,2019-01-01,
5089,AC-PU-649-58,LL LL Touring Frame - Red- 58,337.0,M ,2014-09-20,
6651,CO-HB-312-62,ML HL Touring Seat/Saddle - Yellow- 62,79.0,T ,2014-09-25,2015-09-23
493,AC-HE-822-48,ML LL Crankset - White- 48,1967.0,T ,2022-09-20,
801,AC-BS-805-48,LL HL Road Handlebars - Silver- 48,703.0,,2013-05-22,
4771,CL-JE-530-52,LL HL Mountain Front Wheel - Silver- 52,2388.0,R ,2021-05-19,2023-03-28
1483,CO-FO-350-48,LL Full - Silver- 48,,M ,2023-03-03,
5666,CO-PD-120-38,ML ML Crankset - Black- 38,2551.0,R ,2016-12-19,
3320,CO-BB-200-42,LL ML Mountain Handlebars - Silver- 42,726.0,R ,2014-10-09,
3612,CL-JE-160-58,ML LL Bottom Bracket - Red- 58,,S ,2018-09-06,
6357,AC-BC-214-42,LL HL Mountain Handlebars - Blue- 42,1104.0,S ,2014-09-23,2017-09-21
5517,CO-CH-587-38,HL Half - Red- 38,2561.0,R ,2016-10-15,2017-10-15
1351,CO-BR-725-52,ML LL Headset - Blue- 52,2364.0,R ,2019-11-07,2019-08-20
4050,AC-HP-209-52,HL Cable Lock - Red- 52,1504.0,M ,2019-01-03,
4731,CL-SH-368-38,ML Bike Wash - Blue- 38,3057.0,,2014-10-13,2019-08-22
3693,CO-CS-643-58,HL ML Road Frame - Silver- 58,1221.0,S ,2021-06-07,2024-05-19
4159,AC-TT-550-62,LL ML Mountain Tire - White- 62,2696.0,T ,2015-06-01,
4716,BI-MB-443-58,LL LL Mountain Rear Wheel - Blue- 58,,T ,2014-07-24,
1924,CO-DE-675-60,ML Touring Pedal - Blue- 60,-798.0,R ,2020-04-01,2024-11-12
842,CL-CA-118-58,HL Mountain Pump - Yellow- 58,2677.0,R ,2020-10-21,2024-09-27
2100,AC-PU-579-52,ML Touring - Yellow- 52,273.0,R ,2022-08-27,2024-10-09
6133,AC-PU-922-42,ML HL Road Rear Wheel - White- 42,,S ,2014-12-06,2017-06-18
6640,CL-SO-540-42,LL Men's Bib - Blue- 42,1496.0,R ,2016-11-15,2021-04-03
6352,CL-BS-806-38,HL LL Mountain Tire - Red- 38,,,2015-01-08,2015-12-05
762,CO-WH-542-60,LL LL Mountain Seat/Saddle - Yellow- 60,1303.0,,2020-10-25,
6617,AC-FE-221-48,HL ML Mountain Handlebars - White- 48,3070.0,T ,2019-03-17,2023-07-15
3937,CL-JE-309-62,ML LL Mountain Seat/Saddle - White- 62,3433.0,T ,2018-07-07,2021-08-02
4503,CO-PD-769-42,LL Rear Derailleur - Black- 42,2784.0,M ,2014-10-15,
6614,CO-BB-812-44,ML ML Mountain Front Wheel - Red- 44,512.0,M ,2011-10-07,
5150,CL-SH-301-62,LL Racing Socks - Yellow- 62,78.0,T ,2025-03-05,
4293,CL-TI-995-42,ML LL Road Front Wheel - Black- 42,3227.0,T ,2016-07-19,2020-10-02
6840,CO-HS-923-52,LL LL Road Seat/Saddle - Black- 52,319.0,T ,2017-12-08,
4246,CO-MF-781-62,ML ML Headset - Black- 62,857.0,T ,2019-05-15,2021-07-28
2086,CO-MF-548-60,LL HL Road Seat/Saddle - Red- 60,2514.0,T ,2023-05-09,2027-05-31
3863,CO-SA-126-48,HL LL Road Tire - White- 48,1466.0,R ,2020-03-19,2023-01-03
1828,CL-SO-288-58,HL Rear Derailleur - Silver- 58,442.0,S ,2018-07-27,
3423,AC-BS-809-48,HL Taillights - Yellow- 48,3420.0,T ,2023-10-22,2025-11-24
6675,CO-HS-428-42,ML LL Headset - Blue- 42,2197.0,S ,2015-01-29,
3557,CL-JE-595-38,ML HL Mountain Pedal - Yellow- 38,,R ,2023-11-24,
6512,BI-TB-208-44,ML LL Road Pedal - White- 44,2230.0,M ,2023-04-13,2024-11-27
4908,CO-DE-211-48,LL HL Road Tire - Black- 48,2019.0,T ,2014-03-28,
1839,CL-SO-171-42,LL HL Mountain Rear Wheel - Blue- 42,3413.0,T ,2012-01-24,2015-09-05
4692,AC-FE-865-48,HL ML Mountain Handlebars - Yellow- 48,1179.0,R ,2020-05-22,
2830,CL-VE-968-42,LL HL Touring Handlebars - Yellow- 42,2225.0,M ,2019-10-13,2020-05-31
3303,CO-PD-840-42,ML Bike Wash - White- 42,3255.0,M ,2012-09-01,
2244,CO-HB-202-60,HL HL Mountain Handlebars - Red- 60,2224.0,,2022-11-05,
5964,CO-MF-383-60,LL ML Headset - Silver- 60,1215.0,M ,2022-02-13,
5110,CO-CH-340-60,LL HL Mountain Frame - Silver- 60,1232.0,T ,2013-07-15,
702,BI-MB-528-42,LL ML Headset - Red- 42,161.0,T ,2017-03-20,
1627,CO-DE-156-62,ML HL Road Seat/Saddle - Yellow- 62,-17.0,R ,2015-02-28,2016-10-08
2954,BI-TB-332-42,LL HL Touring Frame - White- 42,3130.0,M ,2011-02-13,
4646,CO-CS-129-44,LL Women's Mountain Shorts - Yellow- 44,1927.0,T ,2015-10-23,2018-11-20
3193,CL-SO-510-42,ML Bike Wash - Blue- 42,,S ,2017-10-11,
4471,AC-BS-509-38,LL ML Crankset - Black- 38,2997.0,T ,2015-08-04,
2260,CO-PD-992-42,HL Touring Rear Wheel - Yellow- 42,1257.0,M ,2022-01-18,
1420,AC-HE-870-52,LL ML Touring Seat/Saddle - Black- 52,1292.0,,2011-11-22,2014-02-14
4790,CO-WH-273-42,HL Hydration Pack - White- 42,3001.0,R ,2015-02-02,
4727,AC-PU-666-62,LL HL Bottom Bracket - Yellow- 62,,T ,2014-09-15,2019-07-17
3660,BI-TB-491-62,LL Men's Bib - White- 62,,R ,2017-02-20,
364,CL-CA-444-48,LL ML Road Handlebars - Black- 48,1061.0,T ,2011-05-04,2013-08-03
4897,AC-BS-291-62,HL Short - Red- 62,,T ,2023-07-24,2026-05-31
2600,CO-HB-994-44,LL Bike Wash - Black- 44,1952.0,T ,2011-04-12,
4684,CL-SO-774-60,ML LL Road Frame - Black- 60,2974.0,R ,2021-04-03,
6239,CO-RF-198-52,LL LL Road Front Wheel - Black- 52,2635.0,T ,2013-12-24,
2382,AC-PU-163-58,ML LL Fork - Red- 58,428.0,T ,2021-02-20,
1261,BI-RB-125-62,HL Racing Socks - Red- 62,2101.0,T ,2013-03-31,
6447,CO-WH-665-60,HL AWC Logo Cap - Silver- 60,2756.0,R ,2023-09-01,
5344,CO-BB-407-62,LL ML Bottom Bracket - Red- 62,722.0,M ,2013-04-23,2015-02-05
6888,BI-TB-486-44,LL Taillights - White- 44,3192.0,R ,2014-08-04,2016-05-22
6241,CL-TI-295-44,HL Touring - Black- 44,1978.0,S ,2015-08-19,
6695,CO-SA-756-48,ML HL Road Pedal - Black- 48,3305.0,T ,2022-04-01,
4176,CL-SO-828-44,ML HL Mountain Tire - Blue- 44,1553.0,M ,2022-02-15,2024-04-27
2669,CO-PD-592-42,ML ML Mountain Front Wheel - White- 42,2640.0,S ,2019-04-21,2021-09-28
1783,CO-HB-569-38,LL HL Mountain Rear Wheel - Black- 38,2058.0,S ,2023-04-20,
1806,CO-CH-463-42,ML LL Mountain Seat/Saddle - Silver- 42,1446.0,R ,2014-01-23,
6003,CO-BR-506-60,LL LL Mountain Pedal - Silver- 60,3400.0,S ,2020-05-17,
3095,AC-LO-755-38,LL Half - White- 38,2056.0,,2024-05-16,2028-07-19
4555,CL-BS-938-58,ML ML Road Frame - Yellow- 58,1277.0,T ,2016-10-26,
4943,CO-HS-116-62,LL ML Road Rear Wheel - Red- 62,3288.0,T ,2011-12-31,
2790,CO-HS-596-58,LL LL Mountain Front Wheel - Blue- 58,3147.0,T ,2022-01-04,
3772,BI-TB-814-42,ML Front Brakes - Red- 42,3361.0,S ,2020-05-05,2022-01-02
4649,CL-GL-549-48,HL LL Mountain Front Wheel - Silver- 48,2611.0,R ,2018-11-21,2023-10-20
675,AC-TT-548-44,ML Women's Tights - Yellow- 44,2942.0,M ,2020-05-17,
4266,AC-LI-967-52,ML ML Road Tire - Silver- 52,2076.0,M ,2017-02-15,
4879,CO-HS-197-62,ML ML Crankset - Black- 62,2133.0,M ,2024-05-16,
4328,CO-HS-719-44,LL HL Road Tire - Blue- 44,2975.0,,2015-04-13,
5065,AC-BC-281-38,HL Mountain Tire Tube - Yellow- 38,3410.0,S ,2015-07-21,
4039,CL-SH-171-62,HL LL Mountain Seat/Saddle - Silver- 62,1291.0,S ,2016-05-29,2018-12-17
261,CO-SA-631-48,LL ML Mountain Frame - Yellow- 48,3471.0,M ,2015-09-02,
5141,CO-DE-770-42,HL HL Road Pedal - White- 42,,M ,2020-11-29,
4068,CL-GL-912-60,LL LL Road Frame - White- 60,2857.0,R ,2016-04-03,2019-12-08
3102,CO-BB-369-38,ML Women's Tights - Yellow- 38,3337.0,S ,2019-10-05,
5632,AC-HE-604-52,ML Mountain Bottle Cage - Silver- 52,2854.0,T ,2023-10-20,2026-07-06
5874,CO-SA-427-38,ML Bike Wash - White- 38,2514.0,M ,2018-07-01,2022-09-24
1396,BI-RB-503-60,HL Classic Vest - Silver- 60,3074.0,S ,2018-12-10,
3256,AC-HP-938-60,LL LL Mountain Front Wheel - Red- 60,3254.0,,2023-03-21,2025-07-08
2767,CL-TI-757-48,LL LL Touring Frame - Yellow- 48,3303.0,S ,2013-07-17,2014-08-12
1350,AC-TT-345-52,HL HL Road Front Wheel - Yellow- 52,1801.0,M ,2013-06-21,
2827,CL-JE-985-38,LL LL Mountain Front Wheel - Red- 38,1805.0,,2021-10-04,
5665,CO-TF-508-52,HL LL Touring Frame - Blue- 52,2315.0,S ,2018-02-14,2021-05-25
4658,CO-WH-215-42,HL ML Mountain Front Wheel - Blue- 42,1149.0,T ,2023-04-16,2023-11-14
4999,CL-JE-489-38,ML Touring Front Wheel - Red- 38,2649.0,T ,2021-03-07,
4082,CO-CS-887-62,ML All - Red- 62,1161.0,M ,2022-03-26,2025-10-20
373,BI-MB-991-58,ML LL Bottom Bracket - Red- 58,2342.0,S ,2012-06-07,2014-10-08
3962,BI-MB-652-42,LL Hitch Rack - Black- 42,,M ,2019-06-13,
4313,AC-HE-223-62,ML Chain - Red- 62,330.0,S ,2024-09-06,
4175,CO-PD-746-62,LL HL Road Tire - Black- 62,1196.0,R ,2013-03-21,
5345,CO-BB-376-44,HL ML Mountain Pedal - Silver- 44,1070.0,M ,2012-07-09,
5754,AC-HP-741-58,HL ML Crankset - White- 58,1650.0,S ,2021-06-25,
723,CL-SO-196-48,LL Road Bottle Cage - Yellow- 48,,T ,2015-02-16,
457,CO-BR-925-62,ML HL Mountain Tire - Red- 62,205.0,S ,2020-06-19,
2888,BI-MB-169-44,HL Minipump - Red- 44,185.0,R ,2015-10-22,2018-08-07
445,AC-FE-583-60,ML Chain - Black- 60,2613.0,S ,2012-12-21,
5333,AC-PU-507-52,LL Short - White- 52,1945.0,M ,2014-05-03,
1159,CL-SH-524-38,LL ML Fork - White- 38,108.0,,2012-11-29,2014-07-06
5737,BI-MB-961-42,LL Half - Red- 42,513.0,M ,2024-12-15,
2796,CL-GL-940-62,LL Rear Brakes - Blue- 62,3264.0,M ,2019-10-11,
2080,CL-GL-284-38,LL LL Touring Handlebars - White- 38,3357.0,S ,2021-10-09,2023-12-28
6315,CO-CS-405-52,ML Men's Sports Shorts - Silver- 52,944.0,R ,2011-05-26,
3476,CO-WH-886-52,ML HL Road Frame - White- 52,998.0,S ,2020-01-11,2022-08-31
5686,AC-TT-251-48,ML ML Road Frame - Blue- 48,2555.0,M ,2015-05-23,2016-07-05
5014,CO-CH-612-48,LL Mountain Tire Tube - White- 48,2182.0,M ,2014-09-27,
6565,CO-TF-720-62,HL All - Blue- 62,295.0,M ,2024-06-04,2027-11-26
3021,AC-BS-727-58,LL All - Blue- 58,3423.0,R ,2020-11-03,
1318,CL-JE-663-62,LL HL Touring Handlebars - Black- 62,,M ,2020-07-23,2021-09-23
1456,CO-RF-112-58,LL HL Fork - Blue- 58,,R ,2016-04-15,
3129,CO-CS-880-52,LL Racing Socks - Blue- 52,749.0,R ,2020-09-28,2023-03-23
3668,CL-VE-229-60,LL Touring Rear Wheel - Black- 60,2594.0,R ,2018-05-14,
2792,CL-SH-692-44,HL ML Road Rear Wheel - Red- 44,148.0,R ,2017-03-23,2019-09-29
1752,CO-RF-242-52,LL HL Road Handlebars - Black- 52,801.0,S ,2020-03-04,
3479,CO-DE-864-38,ML Cable Lock - Red- 38,2986.0,M ,2021-04-04,2023-06-09
1994,AC-HP-603-44,ML HL Crankset - Black- 44,2541.0,T ,2023-05-24,2027-10-26
1098,AC-LI-167-62,LL Rear Brakes - White- 62,923.0,T ,2011-06-18,2014-03-08
6513,AC-BR-669-52,LL HL Road Rear Wheel - Yellow- 52,1541.0,S ,2012-11-26,
2664,AC-BC-470-38,HL ML Crankset - Silver- 38,2467.0,R ,2017-08-09,2020-10-27
1342,AC-FE-410-58,ML LL Crankset - Black- 58,473.0,S ,2024-07-27,
4938,CO-PD-423-58,LL LL Mountain Frame - Yellow- 58,1361.0,S ,2012-11-24,2017-06-28
3143,CO-TF-574-42,HL ML Mountain Front Wheel - Black- 42,,S ,2016-09-09,
4015,AC-PA-891-60,ML HL Road Handlebars - Blue- 60,1862.0,M ,2013-03-04,
4103,AC-CL-865-62,LL Long - Silver- 62,2862.0,R ,2011-08-29,
2399,CL-SO-139-58,HL LL Bottom Bracket - Silver- 58,1905.0,S ,2017-03-05,
1966,CL-BS-682-52,LL HL Touring Frame - Silver- 52,,R ,2024-09-28,2024-05-10
5121,AC-CL-376-60,ML HL Mountain Tire - Red- 60,2296.0,R ,2015-06-17,
1300,AC-HP-872-52,HL ML Road Frame - White- 52,700.0,M ,2014-08-12,
5251,AC-CL-764-44,ML Touring Tire - Black- 44,694.0,R ,2018-03-29,
2930,CO-TF-359-62,ML Mountain Bottle Cage - Silver- 62,702.0,T ,2023-07-18,
3189,CO-RF-491-42,ML Full - Silver- 42,1884.0,T ,2023-05-09,
5813,CL-VE-942-52,HL ML Road Seat/Saddle - Black- 52,1589.0,T ,2019-05-22,2020-04-30
2441,AC-BS-771-62,LL Touring - Silver- 62,,T ,2014-10-29,2016-04-30
820,CO-PD-824-62,ML Water Bottle - Yellow- 62,,R ,2016-02-06,
3138,CL-VE-715-44,ML HL Mountain Rear Wheel - Yellow- 44,,T ,2016-07-03,2015-07-08
3371,CO-CS-489-58,LL Front Derailleur - Blue- 58,2841.0,M ,2020-10-17,
5627,AC-HP-874-52,ML Mountain Pump - Yellow- 52,2267.0,R ,2013-06-29,2017-12-27
2576,CO-PD-945-58,LL LL Mountain Rear Wheel - Yellow- 58,795.0,T ,2022-08-29,
4044,CL-SO-442-48,HL ML Mountain Seat/Saddle - Red- 48,2829.0,S ,2011-10-09,2011-03-04
1424,AC-PU-378-38,HL LL Road Tire - Red- 38,1030.0,M ,2012-08-18,
2619,CO-CH-847-60,ML ML Mountain Rear Wheel - White- 60,3205.0,,2016-04-19,
1285,AC-TT-499-58,ML ML Road Handlebars - Blue- 58,218.0,,2021-09-21,2024-02-28
6746,AC-LO-295-38,LL HL Mountain Handlebars - Black- 38,2225.0,S ,2018-10-27,2020-09-04
304,CO-FO-702-48,LL Hydration Pack - Silver- 48,2147.0,T ,2023-06-05,
6605,AC-BR-775-38,ML Taillights - Blue- 38,1742.0,R ,2016-05-21,
4915,CO-RF-878-60,HL HL Mountain Pedal - White- 60,805.0,R ,2018-01-07,2020-07-22
4639,AC-TT-868-52,LL ML Road Seat/Saddle - Blue- 52,1445.0,R ,2021-07-24,
6423,AC-CL-979-38,HL Mountain Tire Tube - Yellow- 38,2084.0,M ,2011-07-20,2011-01-20
6835,AC-PA-284-48,ML Rear Brakes - Blue- 48,3110.0,M ,2016-08-31,
5175,AC-LI-198-62,ML Mountain Pump - Silver- 62,2013.0,R ,2017-10-28,
2926,CO-BR-912-62,LL LL Road Tire - Black- 62,2459.0,T ,2017-11-22,
718,CO-MF-199-60,HL Mountain Bike Socks - White- 60,221.0,R ,2011-06-12,
541,AC-BC-747-44,ML Mountain Bottle Cage - White- 44,3139.0,T ,2020-06-05,2025-04-02
657,CO-HB-915-60,HL HL Mountain Tire - Red- 60,2951.0,S ,2023-04-24,2027-07-25
6838,CO-TF-649-58,HL HL Headset - Yellow- 58,-1508.0,M ,2016-04-14,2020-03-23
5280,BI-MB-363-44,LL LL Crankset - Black- 44,1448.0,T ,2011-12-12,
5084,CO-CS-497-38,LL ML Road Pedal - Black- 38,1411.0,S ,2015-09-29,2016-06-14
1254,CO-SA-655-60,LL LL Road Tire - Yellow- 60,1263.0,R ,2017-10-19,
4132,CL-TI-531-52,HL ML Road Front Wheel - Black- 52,2040.0,,2018-09-03,
2502,CO-CS-994-52,HL Short - Silver- 52,842.0,M ,2023-06-21,2027-07-03
863,CL-GL-382-38,LL LL Road Front Wheel - Yellow- 38,,S ,2022-07-16,
4652,CO-TF-981-60,LL Touring Front Wheel - White- 60,675.0,M ,2018-10-05,2018-05-21
4432,AC-BC-829-48,ML Bike Wash - Silver- 48,3048.0,R ,2021-01-15,
3105,CL-TI-902-42,HL Men's Sports Shorts - Silver- 42,747.0,S ,2013-03-25,
3722,CL-SH-536-52,ML Touring - Red- 52,2408.0,M ,2011-03-26,
4163,AC-BR-829-38,HL AWC Logo Cap - Yellow- 38,858.0,S ,2015-04-09,
1228,AC-BC-618-48,ML LL Touring Seat/Saddle - Yellow- 48,2990.0,R ,2011-07-24,2013-03-06
5279,CL-GL-732-62,HL ML Bottom Bracket - Silver- 62,1682.0,T ,2016-07-13,
6771,AC-LO-263-44,ML LL Road Front Wheel - Red- 44,398.0,M ,2020-08-20,2024-07-16
1568,CO-FO-798-42,LL Sport - Black- 42,1717.0,S ,2014-05-06,2013-06-10
1730,CL-SO-987-60,LL Sport - Red- 60,3199.0,M ,2023-06-21,
2808,AC-PU-672-44,HL Long - Blue- 44,88.0,S ,2022-02-07,
693,AC-LO-406-62,LL HL Road Seat/Saddle - White- 62,18.0,M ,2011-06-04,2012-06-19
3998,CO-DE-913-62,HL Touring Tire - Red- 62,58.0,R ,2023-01-02,2023-12-21
3881,AC-BC-948-62,ML Water Bottle - White- 62,255.0,T ,2012-10-16,2014-04-09
472,AC-BR-982-60,ML Racing Socks - Silver- 60,2538.0,,2024-04-23,
4130,CO-TF-334-38,ML Touring Rear Wheel - Blue- 38,321.0,S ,2022-11-29,2027-07-16
4824,CL-SO-736-60,LL LL Road Seat/Saddle - Red- 60,107.0,M ,2019-08-04,
5297,AC-BS-241-62,HL All - Blue- 62,2744.0,T ,2018-03-14,
3078,AC-LI-948-48,LL LL Road Handlebars - Silver- 48,2218.0,S ,2019-09-02,2022-04-29
2729,CO-SA-746-42,LL ML Road Handlebars - Red- 42,3248.0,M ,2023-10-06,
1153,CL-GL-535-44,HL ML Headset - White- 44,713.0,M ,2016-12-13,2019-03-08
660,CL-VE-809-58,LL HL Touring Handlebars - Black- 58,3145.0,M ,2011-02-02,2014-01-15
4362,CO-SA-180-48,LL HL Mountain Tire - Red- 48,148.0,R ,2020-01-05,
1565,CL-GL-565-58,LL ML Road Front Wheel - Black- 58,277.0,S ,2016-02-21,
2134,BI-MB-978-44,LL Touring - Silver- 44,-50.0,M ,2023-07-19,2026-06-07
1521,CO-DE-982-48,HL All - Black- 48,2224.0,M ,2021-11-25,2023-09-13
3788,BI-RB-543-58,LL LL Touring Frame - Blue- 58,470.0,R ,2011-10-26,
5862,CL-SO-211-62,ML HL Touring Seat/Saddle - Blue- 62,540.0,S ,2020-02-05,
4699,CO-MF-797-60,ML ML Mountain Frame - White- 60,447.0,R ,2017-11-30,2021-12-02
3764,BI-RB-467-38,HL ML Mountain Seat/Saddle - White- 38,564.0,R ,2013-03-31,2015-02-04
6774,CL-JE-579-44,LL HL Road Rear Wheel - Yellow- 44,363.0,T ,2023-02-07,
5603,CL-VE-864-52,ML Sport - Red- 52,3381.0,R ,2024-04-03,
885,AC-FE-589-62,LL LL Road Frame - Yellow- 62,,M ,2020-02-15,2023-04-12
1033,AC-CL-504-44,ML HL Mountain Front Wheel - Blue- 44,2806.0,R ,2014-01-12,
3133,AC-CL-240-52,ML Road Bottle Cage - Red- 52,1642.0,R ,2018-07-30,
1653,CL-SO-324-62,HL ML Crankset - Yellow- 62,716.0,R ,2022-11-08,
5938,CL-BS-922-52,LL ML Road Front Wheel - Silver- 52,3100.0,S ,2011-07-12,2012-04-04
3664,AC-BR-798-48,LL All - Yellow- 48,70.0,T ,2024-08-08,2028-05-04
1380,CL-TI-653-58,ML Mountain Tire Tube - Blue- 58,1884.0,R ,2014-12-03,
6045,CL-SO-427-42,LL ML Mountain Front Wheel - Blue- 42,707.0,M ,2022-05-13,2024-08-02
689,CL-TI-261-42,ML HL Road Tire - Yellow- 42,1661.0,S ,2012-12-30,
6043,CL-JE-953-44,ML Front Brakes - Black- 44,536.0,M ,2012-02-06,2013-04-08
770,BI-TB-214-52,HL Men's Sports Shorts - White- 52,1308.0,T ,2021-08-24,2024-04-25
3121,AC-TT-437-48,ML LL Road Handlebars - Red- 48,34.0,T ,2022-06-04,2025-12-01
3030,CO-CS-601-38,LL Short - Black- 38,2612.0,R ,2020-02-10,2021-12-19
1422,AC-PA-401-60,ML Road - Yellow- 60,2204.0,M ,2020-08-29,
4269,CL-SH-802-42,LL ML Crankset - Silver- 42,2441.0,M ,2011-11-14,
3363,CL-CA-116-42,LL LL Mountain Tire - Blue- 42,1934.0,M ,2015-12-21,2017-08-14
2440,CL-SH-935-44,HL Road - Blue- 44,2740.0,T ,2024-06-16,2025-05-04
1051,CO-WH-825-60,HL Cable Lock - Red- 60,1741.0,,2016-06-23,2019-11-12
1779,BI-TB-821-44,HL Headlights - Black- 44,886.0,T ,2021-04-01,
2881,CO-RF-775-60,ML LL Mountain Seat/Saddle - White- 60,63.0,R ,2021-01-09,
455,AC-BR-584-44,HL Cable Lock - Yellow- 44,946.0,S ,2011-03-15,
4346,AC-HP-651-42,HL Taillights - White- 42,3036.0,T ,2025-01-27,
4530,CO-RF-166-44,LL ML Road Front Wheel - White- 44,2224.0,M ,2015-07-06,
2553,CO-BB-929-60,LL LL Touring Handlebars - Silver- 60,2185.0,R ,2021-02-12,
872,AC-LI-989-38,HL Road - Silver- 38,,T ,2018-10-10,2020-04-10
1224,CL-JE-319-62,LL ML Crankset - Yellow- 62,,S ,2020-04-21,
3912,AC-LI-135-58,ML Cable Lock - White- 58,2813.0,R ,2017-12-21,
495,BI-MB-390-48,ML ML Mountain Handlebars - Black- 48,1707.0,S ,2018-10-04,
5359,CL-SO-958-62,HL Front Brakes - Blue- 62,1145.0,R ,2024-09-09,2024-04-12
3474,CO-DE-174-44,HL HL Road Tire - Blue- 44,1982.0,T ,2014-07-12,
2616,CO-PD-772-42,HL ML Headset - Yellow- 42,2135.0,T ,2024-04-21,2028-05-19
2199,CL-SO-507-48,HL Mountain - White- 48,951.0,S ,2019-12-15,
4410,AC-LO-589-38,LL ML Headset - Blue- 38,1188.0,R ,2011-10-03,2012-09-18
4540,AC-BR-860-60,LL LL Mountain Tire - Blue- 60,2641.0,T ,2020-04-20,2021-01-19
2952,CO-CS-700-58,HL LL Touring Seat/Saddle - Black- 58,1877.0,M ,2019-06-28,
2451,CO-BB-983-44,ML HL Road Tire - Yellow- 44,1387.0,T ,2020-07-14,
3818,AC-FE-257-38,LL ML Road Frame - White- 38,641.0,S ,2023-10-01,2027-12-09
4922,AC-BS-308-60,LL LL Touring Handlebars - Blue- 60,2571.0,T ,2016-12-12,2021-03-08
5354,CO-BB-812-42,ML LL Mountain Rear Wheel - Black- 42,2682.0,S ,2014-03-01,2017-05-02
1265,AC-PA-895-52,LL Touring Pedal - Black- 52,2542.0,T ,2016-08-06,2019-11-01
663,CL-SH-681-44,LL Long - Red- 44,1244.0,M ,2019-05-12,
3414,CL-SO-640-58,HL Short - Black- 58,2424.0,T ,2021-03-23,
6237,CO-PD-370-42,ML Touring - Red- 42,2111.0,R ,2021-08-30,2022-08-27
2150,CL-GL-937-52,HL Fender Set - Red- 52,1155.0,T ,2011-02-15,2012-03-18
2891,CO-CS-460-38,LL Classic Vest - Silver- 38,1623.0,T ,2021-11-28,2023-09-11
4086,CL-CA-576-58,LL ML Mountain Rear Wheel - Red- 58,1209.0,R ,2020-11-22,2022-01-31
1423,AC-PA-744-52,LL HL Crankset - White- 52,1036.0,T ,2016-04-01,
6062,AC-HP-127-52,ML Touring Tire Tube - Black- 52,,R ,2018-07-30,2019-09-14
1751,CL-JE-408-52,LL LL Mountain Pedal - Yellow- 52,2066.0,M ,2014-08-19,2017-10-19
1160,CL-SH-269-52,LL Mountain Bottle Cage - Silver- 52,1245.0,S ,2017-10-23,
1792,CO-DE-521-48,LL ML Mountain Front Wheel - Black- 48,2829.0,S ,2019-01-29,2020-02-29
4395,CO-WH-687-62,HL Touring Rear Wheel - Red- 62,,T ,2023-03-17,2027-05-11
3902,AC-TT-551-48,ML LL Mountain Front Wheel - Silver- 48,1770.0,S ,2017-06-17,
4125,CL-TI-163-44,ML Touring Tire Tube - Silver- 44,890.0,T ,2023-06-04,
1520,BI-RB-720-38,LL ML Road Rear Wheel - Black- 38,1448.0,S ,2011-01-14,
5488,CL-BS-951-44,ML Women's Tights - Blue- 44,2012.0,M ,2018-04-14,
6525,CO-MF-975-58,LL ML Fork - Silver- 58,2098.0,S ,2018-04-22,2022-07-18
3847,CO-MF-792-52,ML ML Road Front Wheel - White- 52,2950.0,,2023-04-26,
900,CL-SH-906-44,LL Touring Rear Wheel - White- 44,1922.0,T ,2015-03-03,
6364,AC-HP-579-48,ML Fender Set - Red- 48,1093.0,S ,2017-01-24,
4708,CO-BB-718-52,LL ML Fork - Blue- 52,967.0,S ,2017-03-24,
6623,CO-RF-385-48,LL HL Road Handlebars - White- 48,2492.0,S ,2023-05-24,2028-02-17
5007,CO-FO-756-62,LL Patch Kit/8 Patches - Yellow- 62,384.0,R ,2021-02-13,2023-04-09
5691,CO-BB-594-58,LL ML Touring Seat/Saddle - Black- 58,286.0,S ,2012-07-23,
5857,CO-HS-471-48,LL Road Tire Tube - Red- 48,364.0,M ,2022-10-30,
4227,CL-CA-679-60,ML LL Road Front Wheel - Black- 60,966.0,S ,2017-07-28,2019-06-14
3059,AC-FE-333-58,HL ML Mountain Front Wheel - Silver- 58,1542.0,M ,2016-06-17,2015-06-15
753,CL-BS-860-42,LL Hitch Rack - Blue- 42,2349.0,M ,2015-09-16,
3961,CL-VE-518-42,ML ML Mountain Rear Wheel - Yellow- 42,38.0,M ,2015-10-24,2017-08-18
3465,CL-CA-576-48,HL ML Road Tire - Red- 48,3174.0,S ,2015-07-16,2016-03-16
3997,AC-TT-624-44,LL Touring Tire Tube - Red- 44,3001.0,M ,2014-05-14,2015-08-19
4709,AC-LO-947-38,ML Patch Kit/8 Patches - White- 38,1971.0,S ,2021-11-07,
2454,CL-GL-487-42,LL LL Touring Seat/Saddle - Red- 42,276.0,M ,2014-07-08,
3340,BI-TB-674-52,LL Road - White- 52,1542.0,R ,2022-11-15,
2139,CO-CH-958-42,ML LL Crankset - Blue- 42,1726.0,,2024-09-10,2024-01-28
1733,AC-HE-314-42,LL LL Road Rear Wheel - Blue- 42,,R ,2023-12-21,
3823,CO-RF-906-58,ML Rear Brakes - Red- 58,2816.0,M ,2023-09-06,
2925,CO-BB-851-44,ML ML Headset - Yellow- 44,1619.0,M ,2012-09-01,
6076,AC-PU-821-62,HL HL Road Frame - White- 62,52.0,R ,2020-08-27,
2816,CO-WH-331-52,ML LL Fork - Yellow- 52,3452.0,T ,2023-06-23,
5166,AC-BR-675-44,LL HL Headset - Blue- 44,3181.0,M ,2016-08-02,
3391,AC-LI-200-58,ML HL Bottom Bracket - Silver- 58,3296.0,T ,2022-01-29,2026-04-11
2105,AC-LO-199-52,ML Minipump - White- 52,603.0,T ,2018-06-03,
3156,BI-RB-254-60,HL HL Road Front Wheel - Blue- 60,54.0,M ,2024-03-23,2025-02-14
1963,CL-GL-355-38,LL HL Touring Handlebars - White- 38,,S ,2025-03-02,2029-07-26
277,CO-CS-327-44,LL LL Road Seat/Saddle - Blue- 44,1935.0,R ,2018-10-21,
4008,CL-VE-353-58,LL LL Mountain Frame - Red- 58,3126.0,S ,2016-12-27,
4851,AC-LO-728-62,ML Short - Yellow- 62,636.0,R ,2023-10-09,2023-08-16
4768,CL-VE-643-60,HL LL Road Seat/Saddle - Blue- 60,,M ,2014-08-14,
3773,CL-GL-900-42,LL ML Mountain Frame - Yellow- 42,3048.0,R ,2022-11-13,
5120,CO-RF-394-60,LL HL Road Seat/Saddle - Black- 60,301.0,S ,2024-10-19,
3111,AC-LI-881-62,ML HL Road Seat/Saddle - Red- 62,2599.0,M ,2021-03-22,
443,AC-BR-831-44,LL Touring Front Wheel - Silver- 44,134.0,M ,2024-09-09,2029-01-03
4700,CO-TF-475-48,LL ML Bottom Bracket - Yellow- 48,,T ,2025-03-15,2029-09-17
2446,CO-CH-164-38,HL Classic Vest - Red- 38,3345.0,T ,2024-12-27,2025-09-26
5762,CO-SA-397-60,LL HL Crankset - Red- 60,1476.0,,2017-10-26,
4742,CO-PD-756-44,ML Touring Front Wheel - Black- 44,2273.0,T ,2018-06-24,
4469,CO-TF-955-38,HL Short - Red- 38,2346.0,T ,2020-01-11,
5400,CL-SH-905-48,LL Touring Tire - Black- 48,316.0,M ,2024-06-16,
3457,CL-BS-713-52,ML Road Bottle Cage - Silver- 52,1408.0,S ,2014-01-04,
1756,AC-TT-341-42,HL HL Road Front Wheel - Silver- 42,1691.0,T ,2014-06-04,
2772,CO-BR-931-38,ML Long - Silver- 38,2813.0,S ,2018-06-08,2021-10-21
985,CO-HB-906-52,HL HL Road Rear Wheel - Yellow- 52,3045.0,S ,2018-08-06,2019-09-27
1678,AC-BC-465-58,HL HL Road Front Wheel - White- 58,,M ,2014-01-27,
462,CO-TF-640-44,ML HL Crankset - Blue- 44,1609.0,T ,2017-08-24,
6801,AC-CL-751-44,HL Women's Mountain Shorts - Black- 44,2854.0,S ,2023-12-14,
2744,AC-BS-529-52,LL LL Crankset - White- 52,2158.0,T ,2021-03-24,
2589,CO-DE-871-52,ML Patch Kit/8 Patches - Red- 52,2236.0,T ,2015-11-15,
1002,CO-RF-212-60,ML ML Mountain Pedal - Black- 60,,T ,2011-04-12,2014-03-29
6334,CO-DE-384-58,HL Sport - White- 58,613.0,R ,2016-03-02,2017-12-30
4078,CO-MF-947-62,ML HL Road Frame - White- 62,1244.0,M ,2024-07-23,
4883,CL-TI-893-44,LL LL Mountain Tire - Black- 44,2474.0,T ,2024-08-13,
3669,CL-GL-675-48,HL Full - Red- 48,3288.0,R ,2020-05-15,
957,CO-HS-419-60,ML LL Mountain Pedal - Yellow- 60,2013.0,S ,2012-05-14,
888,CO-HS-634-38,ML LL Road Seat/Saddle - Red- 38,550.0,T ,2012-03-25,
4440,CO-BB-520-48,ML Full - Black- 48,1070.0,M ,2015-12-19,
6173,CO-TF-945-62,HL ML Road Frame - Black- 62,2972.0,M ,2022-04-20,
4280,AC-BC-481-38,ML LL Road Pedal - Black- 38,2839.0,M ,2019-01-21,2023-10-23
5974,AC-PU-529-38,ML HL Mountain Tire - Blue- 38,2961.0,R ,2021-03-06,2023-06-30
4745,CO-BB-143-42,HL Front Brakes - Red- 42,2173.0,T ,2013-04-14,
789,CO-HB-219-42,HL LL Mountain Tire - Black- 42,2191.0,R ,2022-11-08,
6796,BI-MB-851-48,ML Mountain Bottle Cage - Blue- 48,1409.0,R ,2017-03-04,2018-03-13
3060,AC-BC-255-38,HL Rear Brakes - White- 38,676.0,T ,2022-05-06,
2516,CO-DE-638-60,LL Water Bottle - Silver- 60,2606.0,R ,2020-06-02,
2715,CO-PD-168-44,LL Water Bottle - Red- 44,,M ,2023-10-31,2026-05-16
2982,CL-CA-652-62,ML HL Crankset - Silver- 62,98.0,M ,2014-04-20,
325,AC-FE-648-44,ML Bike Wash - Red- 44,1475.0,T ,2023-01-17,2025-12-02
6322,AC-LO-753-44,ML ML Fork - Silver- 44,2637.0,S ,2023-12-30,
1313,CO-CH-841-48,LL LL Road Frame - Black- 48,1759.0,S ,2024-10-30,2025-09-21
2051,CL-SO-516-60,ML LL Crankset - Red- 60,1077.0,R ,2015-03-17,
4496,CO-HS-136-60,LL Mountain Bottle Cage - Blue- 60,2630.0,T ,2018-04-11,
6009,CL-BS-298-58,LL Mountain Bottle Cage - Silver- 58,2325.0,M ,2011-11-09,2016-08-06
1507,CO-HS-708-52,ML Rear Derailleur - Black- 52,1888.0,,2017-06-28,
2109,AC-HE-364-60,ML ML Touring Seat/Saddle - White- 60,2579.0,S ,2019-12-01,2019-05-26
4852,AC-FE-180-48,HL Road - Blue- 48,1643.0,M ,2016-12-22,2019-08-20
6884,CO-MF-520-42,LL HL Road Handlebars - Blue- 42,,M ,2015-04-27,
6165,CO-RF-257-38,LL HL Road Seat/Saddle - Blue- 38,1.0,R ,2024-03-26,
2675,CO-BR-737-42,ML Water Bottle - Silver- 42,1232.0,M ,2016-06-22,2020-02-05
256,CL-JE-579-44,LL HL Road Rear Wheel - Yellow- 44,363.0,T ,2023-02-07,
519,CO-HS-458-42,LL Road Bottle Cage - Black- 42,28.0,S ,2021-07-03,2026-03-27
5183,CL-SH-757-58,HL LL Mountain Seat/Saddle - Silver- 58,1309.0,R ,2017-03-07,2016-09-09
5026,CL-VE-483-58,HL HL Headset - Black- 58,1458.0,S ,2013-07-18,2016-04-25
1492,CL-SH-722-38,HL Short - Blue- 38,693.0,R ,2013-11-07,2014-09-08
1734,AC-FE-725-52,HL ML Road Handlebars - Red- 52,1223.0,R ,2022-11-09,
3985,CO-RF-846-44,LL ML Mountain Rear Wheel - White- 44,1435.0,M ,2015-01-14,
5252,CO-RF-584-42,ML ML Touring Seat/Saddle - Yellow- 42,2373.0,S ,2013-04-05,
3608,AC-PA-663-58,LL Men's Bib - Red- 58,1088.0,T ,2013-12-16,
5585,CO-FO-338-38,HL LL Mountain Frame - Black- 38,3367.0,S ,2022-11-15,2024-04-10
4455,BI-TB-566-44,ML HL Mountain Seat/Saddle - White- 44,1176.0,T ,2017-07-10,2018-02-17
3470,AC-BR-628-48,ML Rear Brakes - Blue- 48,413.0,,2020-09-27,
617,CO-MF-770-42,ML HL Mountain Seat/Saddle - Blue- 42,2024.0,R ,2013-07-30,2014-11-25
4020,AC-BR-327-58,LL LL Mountain Tire - Black- 58,490.0,R ,2014-07-07,
5111,CO-SA-409-60,ML Men's Sports Shorts - White- 60,1253.0,M ,2011-01-09,
6131,CO-BB-755-52,LL LL Mountain Seat/Saddle - Black- 52,666.0,T ,2013-01-26,
4930,CL-TI-725-48,ML Mountain - White- 48,,T ,2014-11-10,2018-03-07
4913,CO-WH-586-38,LL HL Crankset - White- 38,3257.0,T ,2016-07-21,2020-09-15
4480,AC-BC-372-38,LL Touring Rear Wheel - Silver- 38,88.0,R ,2011-08-02,2013-12-11
6557,CO-WH-124-58,ML Men's Bib - Blue- 58,1681.0,M ,2025-01-01,2027-07-29
540,BI-RB-136-48,ML Classic Vest - Silver- 48,3429.0,M ,2021-06-02,
2379,BI-TB-278-44,HL ML Mountain Tire - Yellow- 44,2986.0,S ,2023-04-27,
6819,BI-RB-318-58,HL LL Mountain Frame - Black- 58,,T ,2024-06-16,
1639,CL-SO-810-38,LL All - Yellow- 38,,R ,2020-07-30,
521,CL-GL-134-38,HL ML Road Seat/Saddle - Silver- 38,1404.0,S ,2018-10-07,2022-12-13
3339,CO-BR-616-48,HL HL Mountain Rear Wheel - White- 48,622.0,T ,2023-01-17,
5348,AC-BR-245-42,LL LL Road Pedal - Blue- 42,,M ,2020-03-12,
5046,AC-PU-497-38,ML Headlights - Red- 38,1291.0,T ,2018-03-15,2022-06-08
1972,AC-CL-134-42,LL HL Road Seat/Saddle - Yellow- 42,3376.0,S ,2017-11-09,
6179,AC-HP-934-62,ML Road - Yellow- 62,,S ,2021-10-11,2026-03-12
6503,CO-TF-833-60,HL Front Derailleur - White- 60,1420.0,,2016-08-06,
6843,CO-HS-453-48,ML LL Mountain Tire - Blue- 48,458.0,T ,2015-09-09,2016-08-02
227,CL-SO-860-48,LL All - Silver- 48,735.0,T ,2014-05-22,2018-11-06
4659,CO-SA-377-42,ML Touring - White- 42,1212.0,T ,2012-04-19,2015-04-30
4563,AC-LI-822-60,ML Classic Vest - Silver- 60,680.0,M ,2014-01-16,
6275,AC-BS-962-48,ML Minipump - Silver- 48,2431.0,T ,2019-09-04,
5617,CL-VE-920-60,ML Women's Mountain Shorts - Red- 60,2846.0,S ,2014-07-23,2016-05-15
1738,CO-PD-211-38,LL HL Mountain Rear Wheel - Red- 38,1511.0,R ,2014-07-26,
4365,CL-TI-568-58,HL ML Mountain Rear Wheel - Red- 58,1689.0,S ,2015-04-04,
4696,AC-BS-118-42,ML HL Road Pedal - Silver- 42,,T ,2024-10-14,2028-02-08
5497,BI-MB-516-58,HL Road Bottle Cage - White- 58,132.0,T ,2014-04-26,
1304,CL-JE-135-52,LL Full - Silver- 52,3486.0,R ,2017-05-15,
5946,CO-TF-998-62,LL Hydration Pack - Yellow- 62,2755.0,R ,2019-04-10,
2679,AC-FE-498-62,HL LL Mountain Rear Wheel - White- 62,1527.0,R ,2023-03-16,
3827,BI-RB-875-48,HL LL Mountain Tire - Red- 48,2480.0,M ,2011-01-20,2013-08-31
1069,CL-CA-452-48,LL Touring Pedal - White- 48,2858.0,R ,2024-03-22,2025-09-12
222,AC-BC-110-44,LL Racing Socks - Red- 44,3053.0,R ,2023-08-26,
5581,AC-PU-267-38,HL Classic Vest - Red- 38,3023.0,T ,2015-01-14,2013-12-19
6337,AC-FE-264-44,HL HL Touring Seat/Saddle - Silver- 44,949.0,T ,2024-09-26,
2629,CO-TF-271-60,HL LL Mountain Tire - Yellow- 60,148.0,S ,2019-06-12,
598,AC-BS-788-60,HL HL Mountain Rear Wheel - Red- 60,3004.0,S ,2016-03-29,2019-10-04
4725,AC-LO-579-58,HL HL Mountain Rear Wheel - Black- 58,5.0,T ,2016-02-06,
6468,AC-LI-490-52,HL LL Road Handlebars - Red- 52,3499.0,M ,2024-09-08,2028-03-30
5243,CO-HS-431-38,ML LL Mountain Tire - Red- 38,1088.0,M ,2022-06-06,
5903,AC-PA-659-38,ML LL Fork - Black- 38,1544.0,S ,2017-06-28,2019-01-25
1147,BI-RB-849-58,LL LL Road Tire - White- 58,2563.0,M ,2021-10-12,2024-01-13
6201,AC-LO-559-42,LL Bike Wash - Red- 42,3436.0,M ,2017-11-26,2017-06-16
2277,BI-TB-984-44,ML ML Mountain Rear Wheel - Silver- 44,1504.0,R ,2020-01-23,2024-11-29
637,CO-PD-333-62,HL ML Road Rear Wheel - Silver- 62,2426.0,M ,2022-04-21,2024-10-02
6624,AC-BS-618-60,LL Patch Kit/8 Patches - Blue- 60,359.0,S ,2012-09-05,
1517,AC-BS-120-42,HL Touring Rear Wheel - Blue- 42,251.0,S ,2019-03-25,
1583,BI-TB-908-60,ML Chain - Yellow- 60,2612.0,M ,2011-07-11,
4610,AC-FE-812-52,LL Touring Rear Wheel - Yellow- 52,,S ,2014-09-13,
1587,BI-TB-716-52,HL AWC Logo Cap - Red- 52,3188.0,M ,2013-10-16,
5214,CL-GL-144-48,ML AWC Logo Cap - Red- 48,1769.0,T ,2016-09-10,
618,CL-GL-209-58,LL Fender Set - Black- 58,3059.0,S ,2012-06-20,
1190,CL-JE-368-62,ML LL Road Rear Wheel - Red- 62,3073.0,S ,2012-11-03,
1651,CL-TI-389-38,LL Headlights - White- 38,56.0,T ,2013-08-17,
3564,CL-TI-350-42,LL LL Mountain Rear Wheel - Black- 42,1246.0,T ,2012-12-21,2014-10-20
4393,CO-SA-917-44,ML HL Touring Frame - Red- 44,1124.0,S ,2014-09-03,
4755,CO-HB-796-42,LL ML Touring Seat/Saddle - Black- 42,2512.0,S ,2016-07-09,
722,AC-LO-971-38,LL Front Brakes - Red- 38,2119.0,,2011-03-25,2012-05-25
2367,CO-WH-722-38,LL LL Road Pedal - Yellow- 38,424.0,S ,2024-07-21,
4985,CL-SH-353-38,ML LL Mountain Rear Wheel - Blue- 38,2519.0,R ,2015-03-10,2016-05-15
1934,AC-PU-601-58,HL Front Derailleur - Red- 58,2798.0,S ,2024-07-02,
3858,BI-RB-524-52,LL Taillights - Blue- 52,825.0,M ,2018-10-15,
3295,AC-HP-862-52,HL LL Touring Seat/Saddle - Yellow- 52,1120.0,S ,2017-12-07,
2655,CO-PD-452-42,LL ML Fork - Yellow- 42,646.0,R ,2019-09-09,
4337,BI-TB-841-42,LL HL Road Front Wheel - Black- 42,,T ,2015-06-15,2018-07-05
2101,AC-HP-991-58,HL LL Road Frame - Blue- 58,1515.0,M ,2019-12-15,
4205,AC-PA-965-42,ML Long - Blue- 42,1132.0,T ,2013-08-19,
2358,AC-LI-118-52,LL ML Road Front Wheel - Red- 52,1284.0,T ,2013-05-14,
1142,CO-BB-973-38,HL HL Road Seat/Saddle - White- 38,429.0,M ,2018-02-25,2019-05-18
4967,CO-HB-213-42,LL LL Bottom Bracket - Black- 42,2543.0,S ,2016-04-24,2020-10-22
3442,BI-TB-484-48,LL LL Mountain Front Wheel - White- 48,,T ,2015-06-14,2020-03-25
5758,AC-HE-992-38,HL LL Mountain Pedal - Black- 38,2628.0,T ,2017-12-28,
5848,CO-MF-829-58,ML Rear Derailleur - Yellow- 58,3075.0,,2014-06-28,2016-08-04
6770,AC-LI-980-60,ML HL Mountain Frame - Red- 60,1938.0,R ,2013-02-02,
3952,AC-BS-189-62,ML HL Mountain Rear Wheel - Silver- 62,1497.0,R ,2016-08-07,2015-09-11
2332,AC-CL-988-38,ML ML Bottom Bracket - Blue- 38,994.0,M ,2024-04-14,2028-01-25
6722,CL-SH-986-52,ML HL Touring Handlebars - Black- 52,1431.0,S ,2023-10-13,
1175,AC-PA-391-48,LL Touring Tire Tube - Black- 48,2161.0,S ,2017-01-06,2019-09-24
387,CO-RF-977-42,ML HL Mountain Frame - Blue- 42,1192.0,R ,2011-12-11,2012-07-08
2066,AC-PA-966-60,HL ML Road Frame - Red- 60,1382.0,R ,2023-02-08,
4984,AC-HE-610-60,LL Fender Set - Silver- 60,2085.0,T ,2023-12-24,
5127,CO-WH-157-42,HL All - Red- 42,839.0,R ,2023-07-22,
4298,CO-RF-793-52,HL LL Mountain Pedal - Blue- 52,1468.0,S ,2015-06-13,
2299,CL-BS-226-62,ML Fender Set - White- 62,493.0,S ,2018-03-19,
3538,CL-BS-941-52,ML Racing Socks - Black- 52,3475.0,R ,2021-07-08,2025-11-04
3029,CO-BB-299-60,HL ML Mountain Handlebars - Silver- 60,-287.0,S ,2015-12-19,2019-06-03
5939,CL-SH-210-60,LL Hydration Pack - Blue- 60,293.0,M ,2023-11-18,
3024,AC-TT-739-42,ML LL Road Front Wheel - Black- 42,696.0,S ,2018-11-20,2019-10-13
5284,CO-MF-522-44,ML Touring Tire - Red- 44,2456.0,S ,2020-12-05,
512,AC-PA-430-60,HL HL Crankset - Blue- 60,1311.0,M ,2024-10-26,2028-11-05
2079,AC-BC-328-38,LL LL Mountain Pedal - Silver- 38,980.0,R ,2024-11-08,
2349,AC-BS-340-62,LL Minipump - Black- 62,-2689.0,M ,2019-03-31,2022-05-04
3464,AC-HP-320-38,ML LL Touring Seat/Saddle - Red- 38,2274.0,M ,2023-12-31,2028-12-01
1831,CO-HS-464-52,HL HL Road Frame - Red- 52,2279.0,R ,2023-03-28,2024-02-25
4327,AC-LI-722-58,LL ML Mountain Tire - Yellow- 58,,M ,2023-09-17,
5411,CL-JE-795-60,LL ML Mountain Front Wheel - Red- 60,964.0,T ,2015-03-12,
6392,CO-FO-380-42,LL Patch Kit/8 Patches - Blue- 42,1119.0,T ,2024-04-06,
6596,CO-CH-932-58,HL LL Road Tire - Yellow- 58,1167.0,T ,2023-05-28,2025-06-06
4804,CO-FO-431-58,HL HL Touring Seat/Saddle - White- 58,1140.0,M ,2022-07-28,
1601,CO-RF-796-48,ML HL Road Front Wheel - Blue- 48,2518.0,M ,2017-08-17,2021-08-17
844,AC-HP-756-38,ML Mountain Bottle Cage - Red- 38,405.0,S ,2019-08-23,2020-03-10
2168,AC-BR-499-52,ML LL Bottom Bracket - Red- 52,,S ,2016-12-01,
4047,CO-HB-632-60,HL LL Road Tire - Yellow- 60,3276.0,S ,2021-12-22,
2355,CO-BB-989-42,LL Minipump - Black- 42,,R ,2011-06-10,
4411,CL-JE-651-60,ML Short - Red- 60,2483.0,M ,2024-07-17,2028-12-25
5230,CO-PD-300-42,HL Touring Tire Tube - Blue- 42,669.0,M ,2013-10-17,2015-04-04
1247,CO-DE-497-58,ML LL Mountain Pedal - White- 58,1216.0,R ,2019-06-02,
4918,CL-SH-963-62,LL ML Mountain Rear Wheel - Blue- 62,1213.0,R ,2013-10-01,
3567,CO-FO-910-52,LL Touring - White- 52,231.0,R ,2011-01-20,2013-03-26
6696,CO-PD-261-52,ML Touring Pedal - Yellow- 52,182.0,T ,2015-06-19,
6788,CO-TF-600-42,ML Chain - White- 42,1058.0,S ,2021-11-09,
2193,CO-SA-115-44,ML LL Mountain Frame - Blue- 44,1181.0,T ,2022-04-06,2026-10-15
1091,CO-RF-949-58,HL ML Fork - Yellow- 58,3312.0,S ,2020-05-29,
5806,CO-BB-258-58,LL LL Road Pedal - Blue- 58,145.0,T ,2022-02-08,2026-05-14
3101,CL-CA-869-62,ML HL Mountain Pedal - Yellow- 62,1639.0,R ,2015-12-17,
4434,CO-FO-415-52,LL LL Road Tire - White- 52,1470.0,R ,2016-03-23,
6544,AC-TT-333-62,LL Hydration Pack - Silver- 62,3025.0,M ,2024-09-06,
5797,CL-GL-840-52,LL Mountain - Black- 52,508.0,T ,2018-08-22,2020-01-15
5641,AC-BS-282-52,HL Half - Black- 52,1158.0,M ,2023-06-12,2027-10-20
1306,AC-BR-605-62,ML Men's Bib - Red- 62,85.0,R ,2014-08-23,
2922,AC-TT-193-38,LL Men's Sports Shorts - White- 38,2503.0,T ,2021-02-17,
4304,AC-BC-523-42,LL Full - Red- 42,751.0,R ,2019-03-19,2023-04-13
2711,CO-FO-851-58,LL HL Road Tire - Silver- 58,2386.0,M ,2020-07-31,
5669,CO-CS-827-44,LL Men's Sports Shorts - Black- 44,2418.0,T ,2012-06-13,
6106,CO-WH-864-60,ML ML Road Frame - Black- 60,2113.0,S ,2019-04-13,
6638,AC-HE-479-48,LL Full - Black- 48,259.0,,2013-12-03,2016-03-07
5325,CO-TF-854-44,LL HL Mountain Seat/Saddle - Blue- 44,887.0,S ,2015-10-07,
2055,AC-TT-592-44,LL LL Headset - Black- 44,909.0,S ,2016-07-01,2018-07-13
5674,CO-SA-719-60,ML HL Mountain Pedal - Blue- 60,1165.0,R ,2017-11-22,
4483,AC-BR-262-60,LL Road Bottle Cage - Red- 60,501.0,R ,2021-11-22,
2127,AC-PA-223-60,LL LL Road Tire - Silver- 60,2607.0,S ,2013-11-25,
5555,AC-BR-691-62,ML LL Mountain Pedal - Black- 62,1612.0,M ,2020-04-04,
413,CL-VE-326-48,ML HL Touring Frame - Yellow- 48,455.0,M ,2023-10-30,2026-09-04
6044,CO-SA-862-60,HL All - Black- 60,1946.0,,2015-08-13,2017-10-10
1336,CL-BS-814-60,HL Road Tire Tube - Blue- 60,42.0,R ,2017-01-27,2018-12-17
5435,CL-VE-447-48,ML Women's Tights - Black- 48,519.0,R ,2011-07-31,
3970,AC-BS-248-42,HL HL Road Tire - Blue- 42,,S ,2013-03-11,
4595,AC-TT-270-42,HL Mountain Pump - Silver- 42,83.0,R ,2014-11-21,2017-11-14
4465,BI-TB-619-38,HL HL Road Handlebars - Red- 38,3231.0,R ,2024-11-17,2028-11-16
6602,AC-HE-615-44,HL Front Derailleur - White- 44,2831.0,T ,2017-02-16,2019-05-16
5238,AC-HP-409-44,HL ML Mountain Handlebars - Black- 44,952.0,M ,2015-06-05,
3453,CO-SA-190-42,LL Men's Bib - Black- 42,-1694.0,T ,2024-03-17,
3275,AC-PA-903-48,ML LL Road Handlebars - White- 48,2564.0,T ,2018-10-04,2021-03-17
2325,AC-PU-344-44,ML ML Mountain Tire - Black- 44,596.0,S ,2014-08-28,2018-10-26
5438,CL-CA-931-58,ML ML Mountain Seat/Saddle - Red- 58,407.0,T ,2018-04-09,2019-04-03
3731,CL-SO-493-42,LL ML Mountain Frame - Red- 42,776.0,R ,2014-11-14,2019-06-10
2207,CO-DE-154-60,LL LL Mountain Frame - Blue- 60,1220.0,T ,2016-02-27,
6156,AC-TT-529-38,HL Touring Rear Wheel - Black- 38,,T ,2023-09-18,
4071,AC-PA-779-38,LL Mountain Pump - Black- 38,2098.0,S ,2011-01-21,
3855,CL-GL-963-38,HL Mountain Tire Tube - Blue- 38,384.0,R ,2012-02-15,2017-01-15
1624,CL-SH-500-44,HL ML Mountain Frame - Black- 44,1542.0,R ,2015-02-05,2019-02-16
4934,AC-FE-746-42,LL Long - Yellow- 42,2029.0,R ,2015-07-05,
1010,AC-TT-909-48,LL HL Bottom Bracket - Blue- 48,1763.0,R ,2012-02-04,2013-12-13
4974,CO-BB-200-60,ML Mountain Bike Socks - White- 60,558.0,T ,2019-07-09,2021-10-11
2231,AC-TT-128-52,LL LL Road Pedal - Red- 52,1239.0,S ,2023-05-24,
916,AC-TT-234-44,HL Fender Set - Yellow- 44,1974.0,T ,2017-01-22,
2224,AC-HE-448-60,HL ML Road Tire - White- 60,2366.0,T ,2020-07-21,
3954,CO-TF-136-42,ML ML Mountain Tire - Red- 42,550.0,R ,2022-04-25,
1249,CO-CS-118-48,ML Men's Bib - Silver- 48,2549.0,T ,2013-05-28,
5489,AC-BR-768-42,ML HL Mountain Frame - Yellow- 42,,S ,2015-07-13,
3856,CL-TI-593-38,HL ML Fork - Yellow- 38,1160.0,S ,2024-11-17,
5459,CL-BS-340-44,HL LL Crankset - Yellow- 44,1936.0,R ,2011-07-26,
5185,CO-HS-613-60,HL Road Bottle Cage - Silver- 60,2581.0,T ,2016-03-21,2020-12-05
5149,AC-BC-104-48,LL HL Touring Frame - White- 48,928.0,M ,2016-11-15,
3595,AC-BS-188-38,LL ML Road Seat/Saddle - White- 38,228.0,R ,2021-10-27,
4972,CO-CS-758-60,ML Road - White- 60,2884.0,T ,2024-04-07,
461,BI-MB-586-62,HL HL Road Rear Wheel - Black- 62,1637.0,M ,2011-03-05,
5289,CO-FO-694-60,HL Hitch Rack - Red- 60,1968.0,M ,2014-12-30,
1755,AC-LI-967-44,ML Long - Silver- 44,808.0,,2012-07-08,
5909,CL-SH-159-62,HL Mountain Bike Socks - Black- 62,1026.0,T ,2024-10-28,2027-12-10
2861,AC-BR-340-42,LL LL Road Pedal - Blue- 42,2754.0,R ,2017-10-30,
1115,CO-CH-419-42,LL Taillights - Yellow- 42,2820.0,T ,2017-10-17,
2107,BI-MB-877-62,HL Half - Black- 62,219.0,,2011-06-10,
5499,CO-DE-180-60,HL Bike Wash - Red- 60,3336.0,R ,2013-03-07,
3913,CO-CS-212-62,LL Mountain Pump - Red- 62,104.0,S ,2021-02-03,2025-03-07
754,CO-RF-181-38,LL HL Mountain Front Wheel - Red- 38,1669.0,R ,2016-09-06,2021-05-15
2123,CO-CS-507-62,ML ML Road Frame - Red- 62,1506.0,S ,2012-04-03,2016-02-07
716,CO-HS-701-38,LL ML Road Seat/Saddle - Yellow- 38,,M ,2012-09-18,2014-06-17
6697,AC-HP-179-58,HL HL Road Front Wheel - Yellow- 58,464.0,T ,2024-07-05,
4091,CL-VE-727-38,LL Mountain Bottle Cage - Yellow- 38,2193.0,T ,2022-08-09,2025-05-17
6037,CO-CH-949-48,HL HL Fork - Black- 48,,S ,2019-08-07,
2117,CO-BR-658-52,LL HL Road Handlebars - Black- 52,3460.0,S ,2015-04-21,
4497,AC-PA-922-42,LL HL Mountain Front Wheel - White- 42,1262.0,M ,2020-03-30,
1862,CL-VE-413-44,LL ML Road Tire - Yellow- 44,2150.0,M ,2022-09-10,
2315,AC-CL-174-42,HL Long - Silver- 42,3448.0,,2022-02-06,
5011,CO-HB-534-42,HL LL Mountain Pedal - White- 42,,M ,2011-04-27,
5530,CL-TI-470-42,LL Road Tire Tube - Yellow- 42,1679.0,T ,2022-03-25,
882,CL-VE-871-44,HL Touring Tire Tube - Silver- 44,1131.0,S ,2016-01-25,
3247,CO-DE-781-52,LL Rear Brakes - Red- 52,170.0,R ,2018-10-19,
1892,AC-PA-995-60,LL ML Mountain Frame - Blue- 60,1754.0,T ,2019-10-18,2023-03-29
2070,CO-SA-272-60,ML Women's Mountain Shorts - Black- 60,3099.0,R ,2013-11-08,2018-01-13
2911,CO-CH-218-42,ML LL Touring Seat/Saddle - White- 42,1081.0,,2023-11-26,
2914,CL-BS-891-42,ML Cable Lock - Black- 42,3099.0,S ,2019-05-14,2023-06-16
1077,CO-DE-315-58,HL ML Headset - White- 58,2409.0,R ,2015-11-13,
558,CO-HS-890-52,LL ML Bottom Bracket - Silver- 52,1808.0,R ,2014-08-23,
1057,CO-CH-892-58,ML Long - White- 58,,R ,2024-11-18,2026-10-18
5397,AC-CL-276-42,HL Chain - Black- 42,759.0,S ,2025-02-25,
6873,CL-CA-571-62,ML ML Bottom Bracket - White- 62,3393.0,R ,2018-02-05,
348,CO-HS-467-60,ML Women's Mountain Shorts - Red- 60,1597.0,,2019-12-15,
535,CL-TI-114-42,HL LL Mountain Front Wheel - Yellow- 42,,S ,2013-04-14,
4859,CO-MF-271-62,HL HL Road Frame - Silver- 62,1210.0,R ,2011-11-25,2015-03-31
263,BI-MB-344-60,ML Headlights - Black- 60,458.0,S ,2024-09-26,
5523,CO-TF-773-38,ML Front Derailleur - White- 38,1510.0,M ,2017-04-06,
6451,AC-PA-962-44,HL Short - Red- 44,497.0,T ,2017-09-09,2021-12-04
5584,CO-MF-240-44,ML Women's Tights - Red- 44,1478.0,R ,2011-05-15,2012-12-06
4558,CL-CA-643-48,ML ML Road Pedal - Red- 48,,M ,2024-06-14,
6206,CL-TI-813-44,HL ML Mountain Frame - Silver- 44,894.0,R ,2020-01-05,
2896,AC-HE-818-44,ML Mountain Bike Socks - Silver- 44,2076.0,M ,2011-01-02,
2585,CL-SH-189-58,ML ML Mountain Rear Wheel - Red- 58,2513.0,M ,2025-02-20,2027-01-12
1643,CO-HB-147-52,LL HL Road Frame - White- 52,3130.0,M ,2012-10-28,
2357,CO-BB-201-38,ML HL Mountain Handlebars - Black- 38,3001.0,S ,2025-01-25,
2586,CL-SH-958-60,ML LL Mountain Tire - Black- 60,3273.0,S ,2022-01-16,
2603,AC-HE-281-42,HL LL Road Seat/Saddle - Silver- 42,3364.0,R ,2019-11-18,
1748,AC-PA-538-58,ML Sport - Blue- 58,3093.0,M ,2013-10-09,2017-05-08
1209,CO-SA-848-60,ML Classic Vest - Yellow- 60,,T ,2017-06-05,2020-05-11
5723,CL-BS-917-42,LL Full - Black- 42,2601.0,M ,2023-03-05,
524,CO-FO-405-38,LL ML Mountain Pedal - Silver- 38,1571.0,S ,2024-01-03,
1373,CO-RF-135-52,HL Water Bottle - Black- 52,2188.0,M ,2022-06-06,
6830,CO-BR-444-48,HL Touring Tire Tube - Black- 48,1664.0,T ,2021-02-01,2022-02-15
5033,CO-RF-732-60,LL Chain - Red- 60,1898.0,T ,2012-09-18,2014-09-03
3542,AC-HP-900-48,HL HL Mountain Frame - White- 48,2552.0,M ,2021-05-01,2023-08-13
3657,AC-BC-774-48,HL Headlights - Black- 48,678.0,R ,2015-11-05,
6445,CL-SO-818-60,HL HL Mountain Frame - Black- 60,1684.0,R ,2012-02-04,
6116,AC-FE-640-62,LL Racing Socks - Blue- 62,,M ,2014-01-03,2017-08-05
3190,CO-HB-977-52,HL Road Tire Tube - Red- 52,321.0,R ,2020-07-23,
1789,AC-HP-192-58,HL LL Touring Seat/Saddle - Red- 58,2902.0,T ,2018-01-15,2022-01-13
6376,CO-CH-344-62,HL HL Touring Seat/Saddle - Silver- 62,1829.0,M ,2014-06-06,
3096,CO-DE-459-44,LL LL Mountain Rear Wheel - White- 44,2231.0,M ,2015-12-23,
392,CL-JE-834-62,ML HL Mountain Tire - Yellow- 62,603.0,T ,2016-01-04,
2632,AC-TT-337-58,LL Front Brakes - Yellow- 58,919.0,M ,2016-08-31,
5753,AC-PA-622-38,LL All - Yellow- 38,826.0,S ,2021-04-01,2020-05-24
5340,AC-LI-397-42,ML Long - Red- 42,2706.0,T ,2013-01-29,2015-03-11
6053,CO-TF-745-48,HL Hitch Rack - Silver- 48,2348.0,T ,2020-02-21,
5095,AC-HE-896-52,LL All - Red- 52,13.0,M ,2024-08-15,
4663,CO-HB-298-44,LL LL Road Frame - Black- 44,1375.0,S ,2019-02-04,
1151,AC-TT-225-52,LL LL Fork - White- 52,2251.0,S ,2021-07-31,2020-10-26
4478,CO-DE-556-44,LL LL Mountain Handlebars - Blue- 44,3019.0,T ,2018-05-14,
2631,CO-MF-127-60,ML Women's Tights - Black- 60,1400.0,T ,2024-06-05,2025-06-19
3851,AC-FE-201-38,HL LL Road Handlebars - Red- 38,1698.0,T ,2015-03-12,2019-10-02
2745,CO-TF-331-62,ML Headlights - Black- 62,,M ,2014-01-22,
3054,CL-JE-936-62,ML HL Bottom Bracket - White- 62,1769.0,T ,2024-10-28,
2486,AC-BS-995-62,HL ML Road Pedal - Silver- 62,1209.0,S ,2016-09-30,2019-03-28
3627,CO-FO-501-60,LL Touring Tire Tube - White- 60,1342.0,M ,2012-11-27,
4719,CO-HS-728-38,LL ML Road Seat/Saddle - Black- 38,1007.0,R ,2024-01-05,2028-10-07
803,CO-RF-259-58,ML Front Brakes - White- 58,3397.0,M ,2019-10-17,
679,CO-CH-802-42,LL HL Mountain Frame - Black- 42,2080.0,T ,2011-09-26,2011-04-17
5031,BI-MB-862-58,LL LL Mountain Seat/Saddle - Red- 58,1934.0,T ,2016-01-22,2019-07-26
5097,AC-HE-209-48,LL ML Mountain Frame - Black- 48,201.0,S ,2021-04-10,2023-01-29
6729,CO-RF-316-62,ML HL Crankset - Blue- 62,159.0,M ,2017-05-15,2018-08-23
2579,CL-JE-523-48,HL Front Derailleur - Red- 48,,S ,2017-06-17,
6229,CO-TF-618-52,LL LL Headset - White- 52,232.0,M ,2019-02-17,2023-11-21
2606,AC-PA-636-48,LL Touring - Silver- 48,690.0,M ,2018-11-10,2019-09-21
3949,AC-TT-367-60,LL All - White- 60,2962.0,R ,2023-11-18,
3678,CL-JE-774-44,HL HL Mountain Pedal - Black- 44,,S ,2020-02-23,
2483,CO-PD-650-58,ML AWC Logo Cap - Black- 58,1468.0,R ,2014-10-15,
3165,AC-BR-578-44,LL HL Road Front Wheel - Silver- 44,3077.0,T ,2018-11-04,2023-09-28
6073,AC-LO-775-58,ML LL Road Pedal - Yellow- 58,-2128.0,M ,2011-09-24,
374,CO-CH-139-42,ML Mountain Bottle Cage - White- 42,3251.0,T ,2024-08-29,
1694,CL-GL-904-62,ML LL Mountain Frame - Silver- 62,2160.0,M ,2019-03-17,
4556,CO-CH-603-58,LL Men's Sports Shorts - White- 58,339.0,S ,2011-11-26,
5390,AC-BS-304-42,HL HL Road Front Wheel - Red- 42,898.0,T ,2013-03-09,
4944,BI-TB-782-60,HL Headlights - White- 60,1760.0,,2020-03-30,2022-05-22
4705,AC-HE-526-48,ML HL Touring Frame - Black- 48,3040.0,R ,2013-12-09,
5107,CO-HS-657-62,LL LL Mountain Frame - Silver- 62,1019.0,R ,2024-04-08,
2178,CL-BS-117-58,LL Mountain Pump - Silver- 58,1404.0,S ,2011-07-02,2016-05-31
6829,CO-MF-959-58,HL LL Road Handlebars - Yellow- 58,2452.0,M ,2014-02-04,
4334,CO-FO-122-44,HL LL Bottom Bracket - Blue- 44,3196.0,S ,2020-10-09,
4947,CO-CS-307-52,ML Touring Pedal - Red- 52,436.0,M ,2014-03-22,
3503,CL-GL-180-60,ML LL Road Rear Wheel - Yellow- 60,3030.0,R ,2011-12-08,2012-11-13
5232,BI-RB-776-38,LL Front Derailleur - Silver- 38,42.0,S ,2016-05-16,
6257,CO-HB-469-60,HL ML Touring Seat/Saddle - White- 60,1348.0,,2021-09-02,2024-01-07
1270,CO-SA-221-38,LL Women's Tights - Yellow- 38,1564.0,M ,2017-07-07,
4757,AC-PU-868-48,HL HL Headset - White- 48,1542.0,S ,2014-04-20,
2637,CL-GL-859-52,LL Touring Tire - Blue- 52,438.0,M ,2014-01-15,2017-04-15
2972,CL-BS-749-52,LL HL Mountain Seat/Saddle - Black- 52,1939.0,S ,2020-05-05,2025-03-10
2384,AC-LI-398-38,LL LL Mountain Frame - Black- 38,26.0,R ,2022-09-17,2027-03-10
2436,BI-TB-445-48,HL LL Crankset - White- 48,1513.0,R ,2019-08-23,
3629,CL-BS-614-48,HL ML Mountain Front Wheel - Yellow- 48,2805.0,M ,2019-09-27,
2141,CO-BB-938-38,ML ML Fork - Black- 38,2217.0,,2021-08-10,
2034,AC-PA-677-58,ML Road - Red- 58,1828.0,,2021-08-14,2022-03-24
3873,CO-WH-103-48,LL HL Headset - Yellow- 48,1011.0,S ,2021-05-24,
6657,CO-RF-661-48,LL LL Mountain Seat/Saddle - Red- 48,1010.0,R ,2021-02-05,
3539,AC-BC-234-58,ML Front Derailleur - White- 58,1332.0,T ,2024-11-25,2029-06-03
4685,CL-SO-730-62,ML HL Bottom Bracket - Black- 62,1482.0,T ,2011-11-12,2014-12-08
4841,CO-PD-501-52,ML LL Touring Seat/Saddle - Silver- 52,642.0,S ,2018-01-20,
1971,AC-BC-273-52,ML LL Touring Frame - White- 52,1644.0,S ,2019-01-26,
1784,AC-PA-810-42,LL Fender Set - Black- 42,525.0,T ,2013-09-16,
4657,AC-FE-206-38,HL Cable Lock - Blue- 38,1061.0,S ,2014-07-28,
4599,CO-BB-924-52,HL ML Mountain Tire - Blue- 52,2365.0,R ,2016-01-01,2020-08-16
5888,CL-SO-723-62,HL Water Bottle - White- 62,996.0,M ,2012-04-18,2016-12-31
5474,CO-RF-996-44,ML HL Touring Handlebars - White- 44,3306.0,M ,2011-07-18,
1325,CO-MF-507-62,LL Cable Lock - Blue- 62,2196.0,S ,2023-10-14,
6123,CL-VE-485-62,HL ML Fork - Red- 62,1535.0,M ,2023-01-04,
3280,CO-MF-296-60,ML LL Road Rear Wheel - Silver- 60,1138.0,S ,2019-04-04,
3872,AC-FE-582-38,ML Chain - Black- 38,3442.0,R ,2011-12-18,2015-08-15
6061,AC-FE-756-58,HL Racing Socks - Yellow- 58,1722.0,T ,2017-01-13,
1437,CO-RF-512-62,LL Long - Black- 62,2677.0,T ,2023-02-24,2026-01-05
4396,CO-MF-702-44,LL HL Mountain Front Wheel - Blue- 44,1828.0,S ,2015-04-05,
5265,CL-GL-845-58,LL HL Bottom Bracket - Black- 58,952.0,R ,2016-02-29,2016-12-05
3416,CL-VE-231-58,HL Sport - Red- 58,2653.0,S ,2024-05-13,
2781,CL-BS-242-38,ML Taillights - Yellow- 38,935.0,,2013-02-23,
210,AC-LO-952-58,ML Hydration Pack - Yellow- 58,3481.0,M ,2014-01-19,
1855,AC-CL-921-38,ML Long - Red- 38,224.0,T ,2013-05-25,
3707,BI-MB-929-44,LL Full - Silver- 44,754.0,M ,2011-05-20,
892,CO-SA-259-58,HL HL Road Handlebars - Yellow- 58,660.0,T ,2020-12-12,
6177,CL-CA-874-62,HL LL Touring Handlebars - Red- 62,1261.0,,2018-11-27,
591,CO-MF-828-52,HL ML Road Rear Wheel - Black- 52,2814.0,T ,2011-02-10,2015-08-04
1701,CO-BB-831-52,HL Fender Set - Yellow- 52,3216.0,R ,2011-07-16,
5678,AC-TT-271-38,LL Taillights - Blue- 38,,T ,2016-06-12,
4251,CO-SA-629-52,LL Chain - Yellow- 52,2744.0,,2023-09-30,
5557,CO-RF-901-58,ML LL Road Handlebars - Red- 58,1606.0,S ,2020-08-12,2022-07-26
4932,CL-SO-575-58,HL ML Mountain Tire - Black- 58,538.0,M ,2024-06-17,
5221,CL-VE-496-62,HL LL Mountain Pedal - Silver- 62,2813.0,S ,2011-01-27,2013-09-08
914,AC-PA-409-44,HL Road Tire Tube - Red- 44,888.0,R ,2018-08-26,
6087,AC-BR-168-60,HL LL Mountain Frame - Black- 60,85.0,S ,2022-09-23,
828,AC-BS-524-48,ML Women's Mountain Shorts - Red- 48,3316.0,T ,2012-05-05,
5933,AC-TT-300-52,HL HL Mountain Handlebars - Silver- 52,2645.0,T ,2021-07-29,
1854,CO-BR-481-58,HL ML Road Seat/Saddle - Silver- 58,2738.0,R ,2021-02-21,
1719,CL-GL-835-60,ML Classic Vest - Silver- 60,1088.0,S ,2016-02-18,2017-09-11
5727,CO-MF-193-48,HL LL Fork - White- 48,2408.0,S ,2019-05-20,2021-02-01
4625,AC-BR-448-52,LL ML Road Tire - White- 52,201.0,R ,2024-11-21,2027-09-26
433,CO-HS-523-58,ML LL Road Rear Wheel - Red- 58,542.0,R ,2021-10-02,2021-08-08
6394,AC-FE-699-58,LL Cable Lock - Black- 58,2745.0,M ,2014-08-16,
4519,CO-SA-659-44,HL Front Derailleur - Silver- 44,1230.0,R ,2012-12-14,
782,CL-VE-729-44,HL Men's Bib - Black- 44,,M ,2021-08-16,
3802,CO-PD-384-44,HL LL Mountain Front Wheel - Yellow- 44,2614.0,M ,2020-04-26,2021-10-31
287,CL-GL-599-44,ML Front Brakes - Red- 44,2988.0,,2016-08-18,
6095,CO-BB-561-48,LL Chain - Silver- 48,1456.0,S ,2014-05-04,
1234,CO-SA-787-62,HL ML Road Pedal - Red- 62,2673.0,M ,2017-01-19,
5718,AC-TT-108-60,HL Touring Rear Wheel - Blue- 60,,M ,2023-06-04,
649,CL-TI-743-38,HL Front Brakes - Red- 38,2710.0,M ,2024-07-31,2027-10-12
5954,CL-GL-432-52,HL HL Road Pedal - Red- 52,585.0,T ,2015-06-06,2016-04-25
2894,CL-JE-681-42,LL ML Mountain Tire - Yellow- 42,879.0,R ,2017-10-22,2019-08-01
3715,AC-BS-458-62,HL ML Touring Seat/Saddle - White- 62,2802.0,T ,2012-03-20,
552,BI-TB-357-38,HL LL Touring Frame - Black- 38,1831.0,S ,2022-04-18,
5338,CO-PD-870-60,ML Half - Silver- 60,796.0,T ,2019-04-22,
684,AC-BC-541-38,HL Touring Pedal - Silver- 38,3055.0,R ,2011-07-15,2016-03-05
3833,CL-JE-612-58,ML ML Road Rear Wheel - Blue- 58,,S ,2024-01-31,
2555,AC-FE-431-58,HL Fender Set - Blue- 58,,T ,2017-09-10,2019-11-08
2803,CO-PD-159-60,HL ML Road Frame - Yellow- 60,915.0,T ,2020-10-24,2021-11-03
2801,CO-HB-112-60,HL ML Road Rear Wheel - White- 60,1494.0,R ,2023-04-23,
6535,BI-MB-962-42,ML LL Headset - Yellow- 42,3493.0,T ,2018-05-05,
4096,CO-HS-248-62,LL HL Crankset - Blue- 62,3440.0,S ,2022-05-18,
2852,AC-HP-505-60,LL HL Bottom Bracket - White- 60,2801.0,R ,2022-04-12,
2068,CO-CH-686-42,LL LL Mountain Rear Wheel - Silver- 42,1154.0,,2011-12-10,2013-12-10
3070,CL-SO-724-48,ML LL Bottom Bracket - White- 48,2664.0,M ,2024-05-15,2028-10-15
700,CL-JE-815-48,ML HL Mountain Frame - Red- 48,2951.0,S ,2018-07-20,
6280,BI-TB-504-60,ML LL Mountain Handlebars - Red- 60,1184.0,T ,2011-07-13,2015-02-03
3890,CO-DE-617-44,ML HL Crankset - Silver- 44,,,2025-01-03,2029-05-08
6110,CO-HS-463-62,ML Road - Black- 62,2542.0,T ,2015-01-18,2017-05-17
583,AC-FE-913-60,HL Bike Wash - Red- 60,1186.0,T ,2017-11-26,2021-12-16
2652,CO-HB-121-58,ML Half - White- 58,1485.0,S ,2023-07-25,
5237,CL-VE-569-44,ML HL Crankset - Silver- 44,1735.0,R ,2022-04-08,
895,BI-RB-694-48,HL HL Headset - Red- 48,542.0,M ,2017-06-28,2019-04-09
6594,CL-TI-941-48,LL Full - White- 48,766.0,M ,2011-09-09,2015-10-21
464,BI-MB-924-58,LL Hydration Pack - Silver- 58,497.0,T ,2017-11-23,
6145,AC-PU-389-52,LL Road - White- 52,107.0,T ,2022-05-02,2024-01-02
211,CO-FO-540-42,HL ML Road Seat/Saddle - Silver- 42,,,2019-08-02,
6780,CL-VE-978-60,LL ML Road Tire - White- 60,,M ,2019-04-13,2023-07-25
2084,CO-BR-831-44,HL Short - Silver- 44,707.0,T ,2020-01-02,
6310,AC-PU-329-38,HL Men's Bib - Black- 38,905.0,T ,2014-03-03,
2666,CO-HS-357-42,ML ML Mountain Handlebars - Red- 42,2576.0,,2016-03-02,
1432,CL-VE-191-58,ML Patch Kit/8 Patches - Yellow- 58,268.0,R ,2014-06-22,2018-04-20
3941,AC-PU-823-62,ML LL Fork - Yellow- 62,1816.0,T ,2014-01-15,2016-06-14
505,BI-TB-571-38,HL Touring Front Wheel - Yellow- 38,1100.0,M ,2023-06-05,
919,CO-TF-719-58,HL LL Road Handlebars - Black- 58,869.0,R ,2021-02-22,
2269,BI-TB-435-60,ML Taillights - Blue- 60,1634.0,T ,2018-05-24,
4946,CO-DE-969-48,HL Road Tire Tube - Yellow- 48,3024.0,M ,2014-06-15,2013-10-10
6328,CO-WH-868-48,LL Fender Set - Yellow- 48,2850.0,S ,2018-10-21,
5639,AC-CL-530-48,LL Mountain - Blue- 48,1587.0,T ,2018-01-12,2019-09-25
3705,CO-PD-680-62,ML LL Mountain Front Wheel - White- 62,2531.0,M ,2013-10-01,2018-04-26
2539,CO-RF-282-48,ML Cable Lock - Silver- 48,1350.0,M ,2015-07-07,
3204,AC-BC-546-60,HL Hitch Rack - Blue- 60,,M ,2023-08-22,2027-03-21
6462,BI-TB-229-44,HL ML Headset - Black- 44,1992.0,M ,2018-12-08,2022-07-24
3180,CO-SA-848-38,LL Sport - Blue- 38,,T ,2014-04-20,2017-12-31
2876,CO-CH-811-48,HL LL Road Tire - Red- 48,,T ,2011-10-21,
2406,CL-JE-666-62,HL HL Touring Frame - Black- 62,2431.0,M ,2018-09-23,
6019,BI-RB-818-52,LL HL Road Tire - Blue- 52,,R ,2024-05-25,2027-07-03
6751,AC-HE-740-44,LL Taillights - Red- 44,1065.0,S ,2020-06-25,
2152,CL-BS-442-60,HL Touring Front Wheel - Blue- 60,2050.0,R ,2021-01-21,
1561,CO-SA-813-48,HL Classic Vest - Red- 48,3425.0,T ,2023-09-07,2024-09-28
5816,CO-FO-739-52,LL HL Mountain Pedal - Silver- 52,318.0,T ,2022-12-08,
399,CO-DE-241-58,ML Road - Yellow- 58,1958.0,M ,2014-05-18,
3804,BI-TB-244-58,HL Rear Brakes - Blue- 58,2276.0,S ,2022-06-14,
6216,CL-SO-408-38,HL HL Touring Handlebars - Blue- 38,3458.0,R ,2023-11-01,
1582,AC-LO-937-52,HL LL Mountain Tire - Silver- 52,2059.0,T ,2013-07-12,2015-10-31
1505,CL-CA-316-58,LL Bike Wash - White- 58,2147.0,,2017-04-02,2018-05-11
2695,AC-LO-979-52,HL ML Mountain Tire - Black- 52,906.0,S ,2024-10-11,2026-03-28
765,AC-LO-754-60,HL Road Tire Tube - White- 60,1690.0,R ,2019-11-08,
1320,CO-SA-616-60,LL HL Mountain Seat/Saddle - White- 60,2433.0,R ,2016-12-26,2020-05-17
1398,CO-WH-218-58,LL LL Road Seat/Saddle - White- 58,1615.0,T ,2012-07-09,2013-06-23
3929,CO-PD-200-62,HL LL Road Handlebars - Blue- 62,3066.0,T ,2013-02-02,2014-10-16
5426,CL-CA-487-62,HL ML Fork - Red- 62,1386.0,T ,2019-11-19,
3837,AC-FE-911-52,LL ML Mountain Front Wheel - White- 52,2283.0,R ,2013-02-25,
5003,CO-WH-417-38,LL Women's Tights - Black- 38,2803.0,S ,2015-07-03,2016-06-21
1427,CL-SH-375-58,LL ML Mountain Seat/Saddle - Red- 58,2911.0,T ,2022-11-17,
4037,CL-GL-415-58,LL HL Mountain Front Wheel - Blue- 58,1294.0,M ,2011-03-02,2015-02-21
1197,BI-MB-236-48,HL Rear Brakes - Red- 48,1043.0,R ,2021-08-15,2022-06-25
4632,CO-HB-991-38,LL LL Touring Handlebars - White- 38,3369.0,M ,2021-11-15,2023-01-08
2257,AC-PU-657-62,LL Rear Derailleur - Blue- 62,3068.0,T ,2022-12-06,
5485,BI-TB-744-48,HL ML Mountain Pedal - Black- 48,2052.0,M ,2023-12-26,
1917,AC-PA-480-38,ML Long - Yellow- 38,757.0,M ,2019-09-06,
5860,CO-SA-800-60,ML Front Derailleur - Silver- 60,,T ,2020-12-23,
877,BI-RB-650-42,HL Touring Rear Wheel - Blue- 42,2510.0,R ,2014-03-01,
5179,CO-CS-779-58,LL HL Crankset - Red- 58,1857.0,S ,2017-04-08,
2633,AC-LO-738-38,LL ML Mountain Pedal - Red- 38,848.0,T ,2020-02-16,
266,AC-BR-235-58,LL Taillights - Yellow- 58,2631.0,M ,2023-07-03,
3904,CO-CH-367-44,LL Mountain - Silver- 44,1074.0,T ,2018-03-01,
1263,CL-TI-195-42,LL ML Touring Seat/Saddle - Red- 42,2091.0,M ,2015-02-12,
2738,AC-LO-561-58,ML Chain - Black- 58,2557.0,S ,2014-02-12,2016-03-07
3244,AC-LI-405-48,LL LL Touring Handlebars - White- 48,3119.0,S ,2023-07-17,
5808,CO-FO-873-58,HL ML Mountain Handlebars - Black- 58,1306.0,S ,2020-09-07,
3630,CL-BS-339-58,ML Classic Vest - White- 58,3428.0,S ,2013-01-24,
4303,CL-JE-765-52,HL Half - Black- 52,1699.0,M ,2019-10-24,
913,CL-SH-311-44,ML LL Mountain Rear Wheel - Black- 44,3151.0,T ,2024-05-08,
2978,BI-MB-721-52,ML LL Road Tire - Blue- 52,3285.0,T ,2016-02-23,2018-09-20
3767,CO-CS-631-52,ML LL Touring Frame - Black- 52,370.0,S ,2018-04-03,
226,CO-BR-365-58,ML HL Road Pedal - Black- 58,1970.0,R ,2023-01-07,2026-10-10
5740,CL-BS-243-44,LL ML Road Seat/Saddle - Silver- 44,,T ,2011-08-12,
6642,CL-CA-910-38,LL Mountain Pump - White- 38,606.0,R ,2023-04-17,2024-01-30
344,AC-PU-399-44,LL HL Mountain Front Wheel - Yellow- 44,2697.0,S ,2015-06-30,
4307,AC-CL-422-42,HL ML Road Pedal - Silver- 42,3118.0,S ,2016-10-28,2019-11-20
647,AC-BC-659-60,ML Mountain Tire Tube - Blue- 60,1879.0,M ,2023-01-10,2024-02-07
3844,CO-FO-807-60,ML LL Mountain Tire - Silver- 60,2117.0,R ,2018-02-01,2017-02-26
6709,AC-PU-712-48,HL HL Headset - Blue- 48,1392.0,M ,2014-05-14,
6363,CO-FO-566-62,LL HL Mountain Tire - Silver- 62,2480.0,R ,2014-03-02,2015-07-24
3968,BI-MB-939-62,LL LL Mountain Front Wheel - Yellow- 62,2450.0,M ,2024-06-26,
654,AC-PA-901-44,HL LL Headset - Red- 44,2551.0,S ,2019-04-12,2020-12-25
2776,CO-RF-730-58,ML Sport - Blue- 58,,R ,2014-01-11,
3449,CO-DE-833-58,HL HL Mountain Seat/Saddle - Red- 58,1118.0,M ,2016-08-09,
2957,CO-BR-267-52,LL HL Mountain Front Wheel - White- 52,1159.0,T ,2016-06-04,2017-02-07
5651,CO-SA-942-42,ML Women's Tights - Blue- 42,2830.0,S ,2017-04-05,2019-07-04
4873,CO-TF-964-38,ML LL Road Frame - Black- 38,2969.0,T ,2018-06-05,
2466,AC-BC-638-42,HL Rear Brakes - Red- 42,,M ,2020-07-09,2023-01-15
1401,CO-BB-836-58,HL Men's Sports Shorts - White- 58,2315.0,R ,2011-12-08,
6901,AC-BR-880-44,HL ML Road Seat/Saddle - Silver- 44,2367.0,M ,2018-08-19,2022-11-28
1296,CO-PD-481-42,LL HL Mountain Pedal - Red- 42,3396.0,R ,2023-12-12,
635,CO-RF-137-60,HL ML Mountain Front Wheel - White- 60,2043.0,M ,2015-08-15,2017-11-17
4192,CO-HB-210-44,LL HL Touring Frame - Black- 44,574.0,M ,2013-07-13,2018-03-27
1323,CL-SH-416-48,LL ML Fork - Black- 48,,M ,2017-07-04,
484,CO-HB-169-44,ML ML Road Frame - Silver- 44,1272.0,T ,2017-04-21,
6077,CO-BR-349-44,ML LL Mountain Pedal - White- 44,,S ,2022-10-07,2024-02-19
1390,CO-FO-423-58,ML Mountain - Yellow- 58,817.0,M ,2012-10-18,2015-03-28
5771,BI-MB-605-44,HL LL Mountain Pedal - Red- 44,,M ,2016-07-09,2018-05-03
3876,AC-CL-306-44,HL Front Derailleur - Red- 44,,T ,2011-12-15,
2733,CO-DE-846-44,HL LL Road Rear Wheel - Black- 44,507.0,T ,2014-09-07,2018-05-30
3274,AC-TT-977-62,HL Women's Mountain Shorts - Black- 62,161.0,R ,2012-05-12,
3834,AC-LO-882-52,LL ML Bottom Bracket - Blue- 52,1598.0,T ,2017-01-13,
1745,CL-SO-468-62,HL HL Touring Seat/Saddle - Silver- 62,663.0,R ,2017-05-25,2020-10-15
4027,AC-PU-449-42,LL HL Road Pedal - Silver- 42,3284.0,R ,2016-11-25,
5313,CL-SO-695-38,HL Rear Derailleur - White- 38,-44.0,R ,2019-02-04,2022-09-12
6773,CO-WH-227-38,LL LL Mountain Seat/Saddle - Silver- 38,2993.0,T ,2017-09-24,
2905,AC-FE-536-44,LL ML Mountain Front Wheel - Blue- 44,,T ,2015-04-22,2017-12-28
4045,CO-FO-389-44,ML ML Road Front Wheel - Black- 44,1672.0,M ,2012-03-31,
5460,CL-GL-601-38,ML Touring Pedal - Silver- 38,-294.0,R ,2024-04-20,2026-02-09
6882,CO-CS-201-60,HL ML Mountain Handlebars - Red- 60,617.0,M ,2012-04-08,
5549,CO-DE-123-42,ML Women's Mountain Shorts - Yellow- 42,18.0,T ,2014-04-08,
4105,BI-RB-642-42,ML Road Tire Tube - White- 42,649.0,T ,2023-11-29,
6021,CO-HB-442-60,ML ML Road Frame - Blue- 60,1504.0,M ,2017-05-29,
1080,AC-TT-130-48,HL ML Fork - Black- 48,1994.0,R ,2021-12-06,
5803,AC-PA-873-42,LL ML Touring Seat/Saddle - White- 42,726.0,M ,2018-03-07,2019-06-12
5443,AC-PU-845-38,ML Rear Brakes - Yellow- 38,2054.0,R ,2020-03-17,
5171,CL-JE-445-48,LL HL Road Front Wheel - Black- 48,221.0,M ,2016-09-09,2017-12-06
977,CO-RF-803-38,LL LL Road Seat/Saddle - Black- 38,1853.0,T ,2016-08-03,2017-03-24
2163,CL-VE-797-38,HL HL Mountain Tire - Silver- 38,844.0,S ,2021-01-11,2023-06-20
6690,CL-JE-855-58,HL LL Road Handlebars - Yellow- 58,699.0,R ,2012-03-18,
2447,CL-VE-234-62,LL LL Touring Seat/Saddle - Yellow- 62,1399.0,R ,2021-05-24,2025-01-14
1414,CO-FO-393-38,LL LL Mountain Frame - Black- 38,2216.0,S ,2012-09-18,
4485,CL-SH-922-48,HL Mountain Pump - Silver- 48,3421.0,T ,2019-08-15,2023-03-07
6721,CO-MF-932-52,HL Bike Wash - Black- 52,481.0,R ,2017-10-24,2020-02-25
1331,BI-TB-500-62,ML HL Mountain Rear Wheel - White- 62,755.0,S ,2023-09-09,
3112,CL-BS-582-44,HL Touring Pedal - Yellow- 44,1420.0,S ,2019-09-11,
2171,AC-BR-254-38,LL LL Road Pedal - Blue- 38,1709.0,T ,2017-08-20,2021-12-04
6645,AC-LO-938-52,HL All - White- 52,3123.0,R ,2020-05-24,2023-08-07
3683,CO-RF-608-62,LL HL Mountain Rear Wheel - Red- 62,2457.0,M ,2021-09-19,
3986,CL-SH-641-62,HL LL Road Tire - White- 62,,M ,2023-06-01,2023-01-27
1073,AC-LI-578-52,ML LL Road Rear Wheel - Red- 52,553.0,T ,2025-03-20,2028-05-13
5253,CO-FO-712-60,ML LL Crankset - Black- 60,279.0,S ,2021-06-11,
2932,AC-PU-187-58,LL Mountain Bike Socks - White- 58,3100.0,T ,2017-01-13,
5922,CL-GL-872-42,ML ML Road Frame - Silver- 42,652.0,M ,2014-06-21,2016-03-28
4651,CO-MF-787-38,ML Touring Front Wheel - Blue- 38,589.0,T ,2015-11-12,
6152,CO-CH-961-62,HL HL Road Frame - Red- 62,1808.0,S ,2018-03-20,
1484,CO-TF-889-38,ML HL Mountain Rear Wheel - Yellow- 38,,,2025-02-21,
1529,CO-CS-140-58,HL Touring Tire Tube - Red- 58,2748.0,T ,2024-06-24,2028-10-27
3918,CO-TF-948-62,LL LL Mountain Seat/Saddle - Red- 62,1512.0,T ,2013-05-10,2014-11-18
260,CO-WH-835-52,ML Touring Pedal - Silver- 52,1231.0,,2022-08-29,2024-06-01
6016,AC-BR-417-38,HL ML Touring Seat/Saddle - Red- 38,3253.0,T ,2023-08-28,
5274,CL-TI-370-48,LL HL Road Handlebars - Yellow- 48,2059.0,R ,2020-03-30,
4426,CO-BR-183-60,HL Short - Blue- 60,735.0,,2013-04-22,
6417,AC-BC-237-38,LL AWC Logo Cap - Blue- 38,2496.0,S ,2022-01-11,
1526,CO-CS-500-42,ML LL Road Handlebars - Red- 42,3481.0,T ,2023-12-01,
284,AC-LO-450-62,ML ML Touring Seat/Saddle - Yellow- 62,1403.0,T ,2014-11-24,
2177,BI-TB-751-48,LL LL Touring Frame - Blue- 48,2873.0,T ,2011-06-01,
5698,CO-BR-950-58,HL HL Touring Seat/Saddle - Blue- 58,2065.0,T ,2012-03-05,
1426,AC-BS-256-48,ML Chain - Yellow- 48,3328.0,S ,2011-01-20,
4302,BI-MB-346-42,HL HL Road Handlebars - Yellow- 42,1939.0,R ,2022-01-10,
1053,CO-PD-840-60,LL LL Mountain Pedal - White- 60,1462.0,M ,2021-01-26,
2548,AC-PA-762-42,HL HL Fork - Yellow- 42,-2963.0,S ,2023-02-27,
2950,AC-BS-406-62,LL Mountain Tire Tube - Black- 62,3139.0,T ,2015-02-07,2017-08-21
1495,CO-HB-189-60,LL Front Brakes - Red- 60,363.0,R ,2020-11-10,2024-01-17
2204,CL-TI-387-60,ML Women's Tights - Yellow- 60,588.0,T ,2012-05-16,
688,AC-PU-297-58,ML ML Touring Seat/Saddle - Yellow- 58,1171.0,S ,2012-03-20,2015-09-24
3671,AC-TT-677-38,HL Long - Blue- 38,1539.0,R ,2019-03-05,
4875,CO-CH-522-48,LL HL Bottom Bracket - Blue- 48,1508.0,S ,2023-11-28,
5876,CL-TI-218-48,HL ML Bottom Bracket - Blue- 48,692.0,T ,2019-10-19,
4380,AC-HP-533-48,HL LL Mountain Handlebars - Black- 48,1988.0,,2017-03-18,
5516,AC-FE-567-42,HL HL Mountain Rear Wheel - Yellow- 42,2563.0,,2014-02-03,2018-07-03
784,CO-CH-261-62,HL ML Mountain Frame - Yellow- 62,1415.0,,2022-04-17,
1666,CO-RF-124-62,HL HL Mountain Seat/Saddle - Blue- 62,1277.0,R ,2018-09-19,
3878,AC-CL-655-58,LL LL Road Front Wheel - Black- 58,,M ,2015-05-05,
5341,BI-TB-923-48,ML HL Mountain Seat/Saddle - Yellow- 48,,R ,2014-05-06,
4286,CL-VE-243-42,ML Classic Vest - Yellow- 42,275.0,R ,2021-07-01,
2575,CL-TI-604-62,ML LL Road Rear Wheel - Black- 62,1299.0,T ,2012-03-30,
5269,AC-PA-256-60,ML LL Mountain Seat/Saddle - Blue- 60,1469.0,M ,2014-03-21,
864,AC-LO-991-58,ML Men's Sports Shorts - Yellow- 58,2327.0,S ,2022-05-07,
5326,CL-CA-988-38,LL LL Road Pedal - Black- 38,2295.0,M ,2014-05-06,
4016,CL-JE-197-48,ML Mountain Pump - Black- 48,1100.0,T ,2021-06-09,
6060,BI-TB-605-42,LL ML Road Front Wheel - Red- 42,1113.0,T ,2013-06-17,2015-03-31
3950,AC-PA-831-60,HL ML Mountain Handlebars - White- 60,2843.0,M ,2020-11-21,
1443,BI-RB-742-58,ML Mountain Bike Socks - Yellow- 58,2909.0,S ,2016-06-01,2021-03-12
2519,AC-BR-756-52,LL HL Road Handlebars - Red- 52,1308.0,R ,2021-12-20,2021-01-11
5509,CO-WH-808-58,ML Patch Kit/8 Patches - Red- 58,3473.0,R ,2024-04-06,
4217,CO-TF-839-38,ML All - Black- 38,,M ,2018-03-06,
5207,CO-SA-747-42,HL ML Road Seat/Saddle - White- 42,69.0,T ,2011-06-04,
3928,CO-DE-126-42,HL LL Mountain Tire - Silver- 42,1463.0,S ,2015-09-06,
2771,AC-BC-431-44,LL ML Mountain Front Wheel - Silver- 44,-3132.0,S ,2017-06-25,2022-01-07
3594,CO-RF-329-58,HL HL Touring Seat/Saddle - Blue- 58,2811.0,S ,2015-12-30,
650,CO-HS-698-44,LL ML Mountain Handlebars - Yellow- 44,-757.0,M ,2022-02-15,2023-06-16
1193,CO-SA-790-58,ML ML Road Handlebars - Silver- 58,910.0,T ,2013-10-28,2017-12-02
2090,AC-CL-735-44,HL ML Mountain Seat/Saddle - White- 44,1352.0,S ,2015-06-03,
3658,AC-BR-174-42,LL HL Fork - Blue- 42,389.0,S ,2024-08-07,
415,AC-HE-554-52,HL Rear Derailleur - Blue- 52,2103.0,M ,2013-10-04,2015-08-10
6753,CO-CH-261-62,HL ML Mountain Frame - Yellow- 62,1415.0,,2022-04-17,
3570,CL-TI-229-58,HL All - Silver- 58,1100.0,R ,2013-12-16,
2314,CL-TI-805-60,ML LL Mountain Handlebars - Silver- 60,2108.0,S ,2017-02-22,
3966,AC-HE-570-44,ML Touring Rear Wheel - Blue- 44,1226.0,T ,2016-08-30,
1618,CO-CH-518-62,ML LL Fork - Red- 62,1410.0,R ,2022-05-02,
4806,CO-PD-585-44,ML Racing Socks - Yellow- 44,2568.0,T ,2016-10-23,
6737,CO-SA-493-52,LL LL Mountain Pedal - Red- 52,2723.0,T ,2018-12-10,
741,AC-TT-357-58,LL Mountain Pump - White- 58,1494.0,M ,2018-12-03,
3932,AC-HP-964-48,HL ML Mountain Pedal - Silver- 48,1398.0,M ,2025-03-26,
5047,AC-CL-853-38,LL Mountain Tire Tube - Silver- 38,1319.0,M ,2020-08-23,2021-11-17
1189,CO-PD-377-60,ML Half - Black- 60,,S ,2012-05-12,
5640,BI-RB-701-48,ML Men's Bib - Black- 48,3149.0,M ,2023-09-22,
799,CL-SO-189-52,ML Mountain Bottle Cage - Black- 52,108.0,R ,2025-02-15,
2495,CO-SA-268-62,HL ML Mountain Tire - Yellow- 62,2090.0,S ,2011-05-09,2013-04-10
2114,AC-HP-227-60,ML ML Bottom Bracket - Silver- 60,,T ,2016-04-18,
1660,AC-HE-606-42,LL LL Road Tire - Black- 42,270.0,T ,2021-05-10,2024-10-31
1383,CL-VE-716-60,ML ML Headset - White- 60,3485.0,S ,2018-09-16,2022-11-13
815,AC-HE-902-48,HL HL Road Seat/Saddle - Yellow- 48,,R ,2011-02-18,
1995,AC-TT-254-48,ML ML Mountain Pedal - Red- 48,1406.0,,2014-03-20,
385,AC-PA-714-42,ML LL Mountain Frame - Silver- 42,615.0,S ,2020-07-14,2024-03-19
6531,CL-VE-546-52,LL Hitch Rack - White- 52,1220.0,M ,2022-03-10,2022-11-03
5519,CO-DE-700-60,HL Short - Red- 60,3005.0,,2023-06-10,
1690,CO-CH-923-60,HL Hitch Rack - Blue- 60,3208.0,T ,2022-04-17,2026-03-21
6118,AC-TT-292-44,LL HL Mountain Pedal - Yellow- 44,3455.0,S ,2018-03-22,2022-08-12
3692,CL-SO-419-62,HL Touring - Silver- 62,3078.0,S ,2018-05-28,
622,AC-HE-396-44,HL HL Mountain Front Wheel - White- 44,1625.0,M ,2023-11-16,
1600,CL-VE-688-58,ML ML Road Rear Wheel - Blue- 58,2198.0,T ,2015-05-22,
1551,CO-BB-740-58,LL ML Road Frame - Blue- 58,1603.0,M ,2018-09-25,
6851,CO-BB-740-58,LL ML Mountain Front Wheel - Blue- 58,3434.0,R ,2019-12-21,
2287,CO-MF-352-42,LL LL Mountain Rear Wheel - White- 42,3378.0,T ,2013-04-30,2014-02-04
3953,CO-MF-762-38,HL All - Silver- 38,973.0,S ,2021-05-09,
6281,AC-CL-417-58,ML HL Headset - Black- 58,779.0,T ,2017-06-27,2018-09-29
3840,CO-RF-352-58,ML Cable Lock - Yellow- 58,2330.0,T ,2011-09-17,2014-08-31
6750,CL-BS-242-60,HL AWC Logo Cap - Silver- 60,,S ,2020-01-22,
3581,CO-TF-903-38,HL Mountain Pump - Blue- 38,1391.0,R ,2011-09-24,
288,CL-SH-198-44,HL Chain - Blue- 44,54.0,M ,2017-01-30,2017-09-12
3117,AC-LO-858-42,ML Touring - Silver- 42,,T ,2021-01-27,2023-05-14
4398,BI-RB-165-48,LL Classic Vest - White- 48,127.0,R ,2021-10-18,
4654,CL-TI-576-60,ML Mountain Bottle Cage - Yellow- 60,925.0,S ,2025-01-19,
4034,AC-LO-787-60,ML HL Fork - Silver- 60,3078.0,M ,2020-03-27,
6339,CO-RF-350-58,LL Men's Bib - Yellow- 58,,S ,2012-01-21,2016-05-24
474,CO-PD-853-62,HL Front Brakes - Silver- 62,2938.0,M ,2022-10-09,
5189,BI-MB-980-60,HL Front Derailleur - Red- 60,,M ,2018-11-12,2019-06-22
4604,CO-FO-747-62,ML LL Touring Seat/Saddle - Red- 62,322.0,T ,2017-01-16,2021-06-16
1808,BI-RB-900-44,LL ML Mountain Seat/Saddle - White- 44,2885.0,,2024-02-02,
2532,BI-TB-483-62,ML HL Road Handlebars - Blue- 62,1704.0,R ,2012-02-22,
4570,CL-SO-153-60,HL HL Mountain Frame - Red- 60,3284.0,T ,2013-09-10,
6667,AC-HE-810-44,HL ML Road Pedal - Black- 44,1887.0,R ,2011-04-09,
6632,CO-PD-804-60,LL ML Mountain Handlebars - White- 60,2962.0,S ,2012-09-12,
5929,CO-HB-133-42,LL Water Bottle - White- 42,809.0,T ,2017-07-26,2020-06-09
6431,AC-HE-130-42,HL LL Crankset - Silver- 42,2819.0,R ,2017-12-19,
1388,CL-CA-167-58,ML Touring Tire - Red- 58,379.0,S ,2021-01-08,2023-05-23
2280,CL-SH-399-58,LL ML Mountain Front Wheel - Silver- 58,2048.0,,2012-02-04,2013-07-23
5868,CO-RF-388-62,HL ML Road Handlebars - Yellow- 62,875.0,S ,2018-01-13,
3996,BI-MB-431-62,ML HL Fork - Yellow- 62,1886.0,S ,2018-12-01,
6432,CL-VE-625-48,LL LL Crankset - Blue- 48,1977.0,M ,2017-10-22,2019-08-06
5187,AC-PU-122-58,ML Long - Black- 58,2272.0,T ,2021-06-15,
2596,BI-TB-202-38,HL Men's Bib - Silver- 38,,S ,2022-01-13,2023-09-14
5736,CL-TI-425-48,ML HL Road Pedal - Yellow- 48,171.0,T ,2017-08-09,
5588,CL-VE-758-60,LL Mountain Pump - Red- 60,1297.0,R ,2023-09-07,2027-09-29
2485,AC-PA-284-48,ML Rear Brakes - Blue- 48,3110.0,M ,2016-08-31,
1550,AC-HE-596-44,ML ML Mountain Handlebars - Silver- 44,3078.0,S ,2018-11-13,
5694,CO-FO-313-52,HL LL Mountain Rear Wheel - Silver- 52,3073.0,M ,2022-11-06,2025-05-23
6710,AC-CL-489-58,LL LL Crankset - Yellow- 58,2971.0,,2016-01-11,2018-05-10
5986,AC-BR-824-52,ML HL Mountain Seat/Saddle - Red- 52,3120.0,T ,2023-03-04,2026-04-24
3447,AC-BR-971-60,HL ML Mountain Seat/Saddle - Red- 60,698.0,T ,2019-12-28,
2850,CO-DE-429-44,HL ML Touring Seat/Saddle - Yellow- 44,246.0,S ,2015-04-03,2015-11-28
4430,CL-TI-131-48,LL Headlights - Yellow- 48,2697.0,R ,2015-12-04,
5854,BI-RB-823-52,LL Bike Wash - White- 52,,S ,2016-05-03,2018-04-13
220,CL-SO-318-60,HL ML Mountain Seat/Saddle - Red- 60,2902.0,M ,2021-06-18,2025-11-20
5934,AC-LO-768-62,LL Mountain Pump - Red- 62,2242.0,R ,2016-09-22,2018-08-23
648,BI-MB-143-60,HL Short - Silver- 60,1242.0,R ,2018-07-23,
1576,CO-WH-307-42,HL Men's Bib - Blue- 42,3314.0,M ,2011-07-19,2011-02-18
1181,AC-LO-433-58,LL HL Crankset - Red- 58,887.0,M ,2011-11-17,2013-05-22
5016,BI-TB-542-42,HL LL Fork - White- 42,1493.0,T ,2015-12-10,2020-06-15
2670,AC-BR-412-44,ML HL Mountain Rear Wheel - Yellow- 44,1504.0,M ,2011-04-22,
1692,AC-PA-972-44,LL ML Mountain Tire - White- 44,1140.0,T ,2013-03-26,
6846,CO-CS-827-44,LL Men's Sports Shorts - Black- 44,2418.0,T ,2012-06-13,
879,AC-LI-358-38,HL LL Touring Seat/Saddle - Blue- 38,1277.0,S ,2018-11-06,
3124,CO-SA-923-62,LL Bike Wash - Red- 62,1865.0,R ,2011-03-02,
5498,AC-FE-497-52,ML HL Road Pedal - White- 52,435.0,S ,2014-01-06,
3103,CO-RF-590-60,LL Rear Derailleur - Blue- 60,2704.0,M ,2015-02-01,2014-04-13
4431,CO-BR-713-60,LL ML Touring Seat/Saddle - Red- 60,533.0,R ,2012-06-06,2015-09-08
2515,CO-RF-957-48,HL ML Bottom Bracket - White- 48,2703.0,M ,2020-06-06,
6528,CO-SA-248-60,HL ML Mountain Front Wheel - Blue- 60,1620.0,M ,2017-06-26,2019-03-18
6627,AC-BR-231-42,HL Front Derailleur - Silver- 42,679.0,S ,2015-12-21,2020-07-01
2136,CO-RF-602-60,HL Hitch Rack - White- 60,1306.0,T ,2013-07-11,
1547,CL-BS-315-62,LL Short - White- 62,-2030.0,M ,2015-06-21,
3797,BI-RB-516-60,HL LL Mountain Pedal - Blue- 60,3449.0,M ,2011-03-22,2013-10-06
3286,AC-LO-990-42,ML HL Road Pedal - Yellow- 42,1636.0,T ,2023-01-06,2026-02-24
5365,CL-TI-504-38,ML Half - White- 38,3086.0,R ,2014-11-30,
4504,CO-MF-196-42,ML ML Road Handlebars - Silver- 42,742.0,R ,2022-12-02,
838,CO-PD-135-58,LL Mountain - Yellow- 58,1006.0,M ,2019-08-10,2021-08-21
619,BI-MB-647-48,LL Hydration Pack - Silver- 48,,R ,2014-11-01,
6611,AC-LO-790-48,LL LL Mountain Frame - Blue- 48,2252.0,M ,2015-06-28,2016-12-20
6046,BI-TB-976-52,ML Sport - Silver- 52,537.0,T ,2015-01-28,
5969,CL-SO-173-62,HL HL Mountain Rear Wheel - Blue- 62,1236.0,S ,2025-02-14,2024-05-13
1408,AC-LI-791-52,HL HL Mountain Frame - Yellow- 52,3353.0,R ,2016-04-14,
2846,BI-MB-770-58,LL HL Bottom Bracket - Black- 58,2642.0,T ,2016-04-08,2017-05-23
3877,AC-FE-596-62,HL ML Road Frame - Red- 62,2278.0,M ,2017-07-30,
2889,CO-HS-248-48,LL LL Mountain Seat/Saddle - Yellow- 48,1904.0,T ,2013-04-10,2015-01-08
1411,AC-BR-165-38,LL LL Mountain Seat/Saddle - White- 38,3007.0,R ,2024-06-13,2027-12-20
5605,CO-MF-659-62,LL Men's Sports Shorts - Yellow- 62,688.0,R ,2023-05-19,2025-10-28
5540,CO-CH-719-60,ML HL Road Pedal - White- 60,1911.0,R ,2014-06-13,
4319,CL-SO-930-62,ML HL Road Tire - White- 62,,S ,2012-08-19,2014-05-23
970,AC-TT-495-62,HL HL Road Tire - White- 62,1722.0,S ,2023-07-01,2025-04-26
3316,CL-GL-229-62,HL Headlights - Red- 62,760.0,M ,2011-09-07,
6150,CO-CS-115-62,LL ML Road Frame - White- 62,2765.0,M ,2013-02-03,2017-09-25
3820,CL-CA-293-48,ML Mountain Pump - White- 48,2980.0,R ,2023-06-12,
4962,CO-HB-398-42,LL HL Headset - Yellow- 42,1962.0,R ,2018-04-12,
4288,AC-CL-465-62,ML Touring Tire - Blue- 62,,S ,2017-03-24,
4842,BI-MB-323-42,LL AWC Logo Cap - Black- 42,,S ,2015-05-23,
5273,AC-TT-812-52,LL HL Road Seat/Saddle - White- 52,3229.0,S ,2023-11-01,
6434,CL-TI-114-52,HL LL Touring Frame - White- 52,1575.0,R ,2024-12-26,
5971,BI-TB-113-44,HL HL Bottom Bracket - Silver- 44,,S ,2015-02-16,
5968,AC-BS-333-48,ML Short - Red- 48,251.0,R ,2012-01-05,2013-12-19
1810,CO-CH-839-58,LL Rear Brakes - Black- 58,1475.0,M ,2015-01-01,2016-11-29
2421,AC-HP-619-44,LL ML Mountain Handlebars - Yellow- 44,3145.0,R ,2017-07-26,2018-12-01
5441,CL-SO-547-58,ML HL Road Frame - Red- 58,864.0,T ,2021-10-24,2022-07-31
3626,AC-HE-195-38,LL ML Bottom Bracket - Blue- 38,,S ,2017-02-04,
1803,CL-TI-590-38,LL LL Road Tire - Silver- 38,2474.0,R ,2019-05-18,2022-05-23
1668,AC-TT-563-38,LL LL Bottom Bracket - Black- 38,-1768.0,S ,2020-03-14,2024-05-06
4788,AC-BR-908-52,LL Women's Mountain Shorts - Blue- 52,1804.0,R ,2011-05-27,
5550,CL-SO-584-58,LL Touring Rear Wheel - White- 58,960.0,T ,2020-10-26,2023-06-10
6243,CO-CS-513-42,LL Half - Yellow- 42,2694.0,T ,2022-06-21,2023-04-01
2388,AC-BS-670-60,LL HL Mountain Handlebars - Silver- 60,1652.0,R ,2024-08-21,
3321,BI-MB-195-60,LL LL Road Seat/Saddle - White- 60,1595.0,S ,2018-10-18,
2491,CO-WH-937-48,ML Half - Blue- 48,780.0,R ,2020-03-25,
903,CO-RF-966-62,HL Rear Brakes - Blue- 62,3028.0,R ,2016-09-26,
5298,AC-BR-796-44,LL HL Mountain Seat/Saddle - Blue- 44,2255.0,R ,2019-02-06,
6240,AC-TT-487-44,LL ML Bottom Bracket - White- 44,770.0,S ,2016-03-11,2016-11-14
5845,AC-HE-652-60,HL HL Mountain Handlebars - Yellow- 60,3364.0,S ,2019-10-22,
1788,CO-TF-742-42,HL HL Mountain Seat/Saddle - Red- 42,1548.0,T ,2020-05-20,
2270,BI-RB-249-62,LL ML Road Seat/Saddle - Yellow- 62,2906.0,T ,2021-04-24,
5777,CO-PD-398-44,HL LL Touring Handlebars - Silver- 44,162.0,S ,2019-11-18,
6591,CO-RF-374-42,ML HL Road Tire - Black- 42,153.0,S ,2024-05-19,
4867,CO-TF-605-44,ML HL Fork - White- 44,1995.0,S ,2012-03-20,2015-08-17
3194,CO-BB-241-62,HL ML Mountain Rear Wheel - Red- 62,1416.0,M ,2022-12-20,
2561,AC-LI-511-62,ML Mountain - Silver- 62,727.0,T ,2011-07-20,2013-06-14
5906,BI-MB-944-60,HL Touring Front Wheel - Silver- 60,470.0,M ,2011-08-06,
2823,CO-HS-266-62,HL Mountain Tire Tube - White- 62,3384.0,T ,2018-03-28,
5839,CO-DE-734-44,HL HL Touring Frame - White- 44,2807.0,R ,2020-05-30,
4140,CL-SO-707-62,HL Touring Front Wheel - Silver- 62,3420.0,,2022-04-18,
3926,AC-FE-361-58,ML Racing Socks - Black- 58,1933.0,S ,2022-11-30,2024-01-26
3273,CL-SO-343-62,LL HL Mountain Seat/Saddle - Black- 62,942.0,S ,2015-05-30,
5117,AC-LO-249-62,LL LL Crankset - Blue- 62,3437.0,R ,2013-08-03,2014-10-16
1580,CO-FO-268-60,ML Touring Front Wheel - Blue- 60,1076.0,M ,2020-06-16,
4459,AC-PU-978-44,ML Hydration Pack - Silver- 44,3059.0,S ,2015-09-12,
5634,AC-PU-979-42,LL ML Fork - Silver- 42,3189.0,T ,2012-07-27,2017-04-24
6715,CL-GL-175-62,ML Men's Bib - Silver- 62,345.0,T ,2017-08-23,2018-04-01
252,AC-PU-297-52,HL Mountain Bike Socks - Silver- 52,3097.0,M ,2014-12-27,
1450,CL-SH-828-52,ML Taillights - Silver- 52,2128.0,S ,2023-02-26,2026-08-20
1628,CL-VE-754-38,ML ML Road Front Wheel - Yellow- 38,2097.0,T ,2023-03-29,2027-12-06
1088,CL-SO-995-48,ML LL Touring Seat/Saddle - Yellow- 48,1991.0,T ,2023-04-23,
6396,CL-VE-153-62,ML LL Road Frame - Red- 62,1225.0,T ,2013-11-26,
1693,CO-MF-650-58,ML ML Fork - Black- 58,800.0,S ,2013-10-28,2013-06-30
3989,CO-HB-631-44,LL Front Derailleur - Blue- 44,986.0,S ,2019-12-31,2021-07-27
2681,CL-TI-955-52,LL Mountain Bike Socks - Yellow- 52,32.0,T ,2014-02-13,2013-10-16
4665,CL-CA-655-48,ML LL Road Rear Wheel - Red- 48,1978.0,S ,2017-08-06,
265,CO-BB-588-48,LL LL Road Front Wheel - Black- 48,2756.0,S ,2021-01-19,
1089,AC-PU-389-52,HL LL Road Frame - Yellow- 52,,T ,2011-07-30,2013-06-18
1528,CL-VE-955-60,HL Sport - Black- 60,579.0,R ,2018-06-20,
2843,CO-RF-848-52,LL Men's Bib - Red- 52,391.0,M ,2020-08-11,
4332,CL-BS-796-38,LL HL Road Front Wheel - Yellow- 38,546.0,M ,2021-03-01,
4986,AC-PA-760-38,ML ML Mountain Pedal - White- 38,175.0,T ,2019-01-12,
1448,AC-BC-579-38,HL ML Mountain Handlebars - Silver- 38,821.0,T ,2021-12-24,
1723,CO-HS-944-62,LL Mountain Bike Socks - Yellow- 62,1686.0,T ,2019-10-27,2021-12-20
345,CO-BB-984-38,LL ML Fork - Silver- 38,2741.0,R ,2013-03-15,
5840,BI-MB-423-48,HL Rear Derailleur - Silver- 48,1049.0,R ,2014-12-15,
2468,AC-HP-270-48,LL HL Road Frame - Yellow- 48,1496.0,R ,2019-04-17,2021-06-25
3038,CO-HB-311-42,HL HL Mountain Rear Wheel - Blue- 42,2512.0,T ,2017-11-29,2020-11-21
5683,CO-HB-579-52,LL Long - White- 52,927.0,M ,2015-07-27,2017-11-28
6649,CL-BS-423-42,LL Full - Yellow- 42,436.0,S ,2013-04-17,
5306,CO-DE-993-52,LL LL Road Seat/Saddle - Yellow- 52,1684.0,,2020-07-16,2023-02-05
2072,CO-FO-415-52,LL ML Crankset - Blue- 52,3406.0,S ,2024-11-30,2028-04-02
4138,AC-LO-965-48,HL Chain - Yellow- 48,2050.0,M ,2017-09-03,2022-04-13
3441,AC-FE-447-48,HL LL Touring Seat/Saddle - Red- 48,2225.0,R ,2022-02-10,
5370,CO-HS-243-48,HL LL Bottom Bracket - Yellow- 48,2058.0,,2012-02-12,
4166,AC-TT-652-52,HL HL Road Front Wheel - Red- 52,1488.0,T ,2021-01-23,
4702,CO-MF-569-60,HL LL Touring Handlebars - Yellow- 60,2759.0,S ,2013-09-01,
1708,CO-BB-167-58,HL HL Headset - Silver- 58,1292.0,S ,2013-01-28,2013-11-20
4359,CL-TI-436-58,ML ML Headset - Blue- 58,866.0,R ,2017-10-15,
6707,AC-LO-270-42,LL Half - White- 42,2390.0,R ,2015-03-16,2014-12-25
3151,BI-MB-631-42,ML HL Bottom Bracket - Red- 42,3252.0,,2019-06-06,
388,CO-HB-112-38,HL ML Mountain Frame - Yellow- 38,,S ,2024-04-20,
2998,AC-HP-132-52,HL Full - Blue- 52,428.0,R ,2021-09-24,2025-05-15
4813,CO-TF-406-52,ML Touring Tire - Red- 52,2406.0,R ,2021-06-24,2023-08-13
6877,AC-HP-647-42,LL ML Mountain Seat/Saddle - Black- 42,1083.0,R ,2019-09-08,2020-09-03
3422,AC-TT-882-58,HL ML Road Front Wheel - Black- 58,876.0,S ,2014-06-19,
510,CO-TF-101-38,ML LL Mountain Pedal - Silver- 38,2587.0,M ,2022-05-01,
5858,CO-CH-572-44,HL Touring Tire - Silver- 44,2411.0,R ,2015-11-23,
3485,CL-SH-267-60,LL Touring Tire Tube - Red- 60,2415.0,S ,2011-06-03,
1873,CL-TI-285-38,ML HL Crankset - Blue- 38,2243.0,T ,2022-07-15,
6487,CO-BB-122-38,ML Bike Wash - Yellow- 38,217.0,T ,2012-10-02,2015-04-25
1211,AC-FE-293-48,HL Road - Yellow- 48,2132.0,R ,2015-11-14,
3471,AC-FE-548-62,LL HL Touring Seat/Saddle - White- 62,922.0,M ,2018-12-24,2018-10-10
4384,AC-LI-849-58,LL ML Mountain Tire - White- 58,1687.0,T ,2014-09-12,
3800,AC-BR-432-62,LL ML Road Front Wheel - Silver- 62,2987.0,T ,2022-08-25,
5301,CL-BS-588-58,HL Fender Set - Blue- 58,1200.0,S ,2023-06-17,2024-05-14
5032,CO-DE-286-38,HL Mountain Bottle Cage - Silver- 38,1126.0,T ,2023-10-29,
438,AC-FE-340-58,LL LL Mountain Rear Wheel - Black- 58,2290.0,S ,2021-07-02,2024-02-23
1028,BI-RB-938-60,HL Taillights - Silver- 60,3221.0,M ,2011-04-27,
5703,CO-PD-729-38,LL Mountain - Black- 38,1216.0,,2020-04-07,
1198,CO-DE-762-62,ML Full - Silver- 62,195.0,R ,2021-12-18,2026-01-22
239,CL-GL-177-48,HL HL Road Front Wheel - Silver- 48,3038.0,M ,2012-01-24,2012-12-19
1867,CO-CH-271-48,ML Women's Tights - White- 48,448.0,M ,2015-10-07,2020-06-15
771,CO-CS-205-62,LL LL Road Tire - Black- 62,789.0,T ,2018-07-29,
3674,CL-GL-301-62,LL AWC Logo Cap - White- 62,334.0,S ,2013-10-19,
6724,AC-LI-791-52,HL HL Mountain Frame - Yellow- 52,3353.0,R ,2016-04-14,
435,CL-SO-411-58,ML HL Mountain Pedal - Yellow- 58,3427.0,,2017-05-01,
4311,BI-MB-702-48,LL HL Touring Frame - Red- 48,2263.0,R ,2024-04-12,
5533,CL-SH-262-58,HL HL Touring Frame - Silver- 58,1773.0,T ,2016-01-03,2019-06-11
4299,AC-BS-301-48,HL HL Mountain Pedal - Blue- 48,250.0,S ,2014-05-28,
4750,CO-HB-990-48,ML Full - Black- 48,332.0,S ,2021-04-19,2022-08-19
3653,CO-MF-924-38,HL Mountain Tire Tube - Silver- 38,2954.0,T ,2018-02-10,2021-11-26
4338,AC-PU-537-42,ML LL Touring Seat/Saddle - Black- 42,360.0,M ,2011-11-20,
3220,AC-CL-497-44,ML Touring Pedal - Yellow- 44,264.0,M ,2015-04-04,2019-01-09
5271,AC-HP-518-44,LL HL Headset - Red- 44,1365.0,T ,2024-10-28,
5987,CL-TI-618-44,HL ML Mountain Front Wheel - Black- 44,3152.0,T ,2011-08-24,2014-11-20
5199,AC-BR-178-52,HL Touring Tire - Silver- 52,2845.0,M ,2018-11-09,2023-06-05
878,CO-BR-811-52,ML Mountain Bike Socks - Red- 52,828.0,R ,2019-12-02,
3153,AC-HE-316-58,LL HL Mountain Tire - Silver- 58,3157.0,R ,2017-02-02,2018-02-27
3216,AC-LO-638-62,LL HL Road Front Wheel - Black- 62,90.0,T ,2024-09-05,
5664,AC-HE-887-44,HL LL Road Frame - Silver- 44,,T ,2016-02-16,
5712,CO-TF-231-52,LL Classic Vest - Blue- 52,2694.0,,2019-01-17,2021-07-28
6391,CL-SH-291-58,ML Front Brakes - Silver- 58,1684.0,R ,2021-09-18,
3749,CL-TI-695-42,ML Road Tire Tube - Yellow- 42,2858.0,M ,2012-08-01,
5702,CL-GL-175-62,ML Men's Bib - Silver- 62,345.0,T ,2017-08-23,2018-04-01
361,AC-FE-817-52,LL HL Road Seat/Saddle - White- 52,3247.0,R ,2016-07-31,
2012,CL-SO-156-44,LL ML Mountain Seat/Saddle - White- 44,3461.0,R ,2013-12-02,2018-07-06
4528,CL-GL-410-58,HL ML Mountain Seat/Saddle - Yellow- 58,2077.0,S ,2019-05-15,
6303,BI-MB-890-52,ML LL Touring Seat/Saddle - Yellow- 52,3230.0,M ,2015-11-03,2019-05-16
912,CO-MF-739-60,ML HL Road Handlebars - Silver- 60,3393.0,T ,2020-08-02,
5972,CL-SO-216-62,LL ML Mountain Rear Wheel - Yellow- 62,,M ,2015-05-31,
6581,AC-LI-810-62,HL HL Fork - Red- 62,1087.0,R ,2021-08-22,
1654,CL-VE-264-62,LL Touring Rear Wheel - White- 62,2625.0,,2017-02-20,2021-03-24
3160,CO-TF-718-52,ML Touring Tire Tube - Red- 52,,R ,2012-05-10,2015-01-27
3727,AC-LI-147-48,ML Road Bottle Cage - Red- 48,347.0,T ,2021-04-30,
1064,BI-TB-782-62,ML Fender Set - Yellow- 62,112.0,M ,2022-04-03,2025-03-19
2042,BI-TB-922-48,HL ML Bottom Bracket - White- 48,3372.0,T ,2022-08-03,
3091,CO-CS-423-42,LL ML Mountain Tire - White- 42,1796.0,M ,2015-07-01,
3504,CO-DE-680-48,HL HL Bottom Bracket - Black- 48,2395.0,R ,2016-02-10,
5892,CO-RF-601-52,HL ML Mountain Rear Wheel - Yellow- 52,,T ,2017-10-16,2020-10-13
6368,CO-DE-722-38,LL LL Road Seat/Saddle - Blue- 38,1902.0,M ,2019-04-13,
5831,CL-TI-995-52,LL HL Crankset - Yellow- 52,312.0,M ,2019-03-09,
4419,CL-JE-828-62,LL ML Mountain Seat/Saddle - Silver- 62,2758.0,R ,2011-07-31,
2547,BI-TB-868-48,HL LL Mountain Handlebars - Black- 48,,S ,2021-02-11,2021-11-12
5406,CO-HB-885-38,HL ML Road Pedal - Black- 38,2897.0,R ,2024-12-27,
416,CO-DE-482-48,ML Hydration Pack - Yellow- 48,2879.0,T ,2018-12-01,2021-03-05
5707,AC-LO-772-44,ML Touring - Black- 44,750.0,R ,2019-07-08,
1357,CO-FO-449-62,ML LL Bottom Bracket - Silver- 62,972.0,S ,2021-11-25,
6127,AC-LO-564-44,HL ML Mountain Tire - Yellow- 44,,M ,2012-10-05,2014-03-15
3346,AC-HE-307-42,HL Mountain Bike Socks - Black- 42,858.0,R ,2016-04-01,
5716,CO-HB-648-42,ML HL Mountain Frame - Red- 42,3101.0,S ,2023-03-25,
3507,CL-SO-657-52,HL LL Mountain Frame - Red- 52,1647.0,R ,2025-01-14,
3448,AC-CL-387-48,ML Front Brakes - Yellow- 48,2316.0,R ,2023-03-06,2027-11-22
5195,CO-CS-728-52,HL HL Road Front Wheel - Black- 52,3375.0,S ,2024-02-25,2027-12-18
6874,CL-TI-183-44,ML Bike Wash - Black- 44,3461.0,R ,2019-10-03,
5205,CL-VE-619-44,LL HL Touring Handlebars - Red- 44,1085.0,S ,2023-01-22,2024-04-11
5138,AC-PU-866-60,LL LL Mountain Front Wheel - Blue- 60,342.0,S ,2015-06-10,2014-05-26
1455,CO-HB-236-52,HL Rear Brakes - Yellow- 52,82.0,T ,2019-02-24,
4294,CO-BB-310-58,HL HL Touring Seat/Saddle - White- 58,-1772.0,R ,2012-04-14,
4062,CO-PD-996-52,ML LL Touring Frame - Yellow- 52,3409.0,R ,2016-05-07,
2941,CO-CS-528-60,ML HL Touring Frame - Silver- 60,3005.0,T ,2013-05-20,2015-07-17
3543,CL-CA-652-44,LL Racing Socks - Yellow- 44,3135.0,M ,2024-07-16,
2875,CO-CS-561-42,LL ML Mountain Frame - White- 42,,R ,2019-01-26,
5547,AC-PU-491-60,HL HL Mountain Seat/Saddle - Black- 60,2095.0,M ,2020-11-15,2023-12-05
2192,AC-CL-753-38,ML ML Road Pedal - Blue- 38,1299.0,S ,2011-07-10,2014-05-10
1079,CL-JE-779-44,LL Touring - Yellow- 44,1686.0,R ,2018-12-27,2020-05-09
1869,CL-JE-351-38,LL HL Road Frame - White- 38,1677.0,R ,2013-03-29,
3443,CL-GL-798-38,ML ML Mountain Handlebars - Yellow- 38,3395.0,M ,2015-08-02,2016-09-20
4979,CL-TI-976-42,ML ML Mountain Tire - Black- 42,1367.0,T ,2018-04-28,
3260,CO-DE-754-48,LL ML Road Frame - Red- 48,2985.0,T ,2024-10-24,
6377,AC-HP-728-48,LL Rear Brakes - Black- 48,3498.0,M ,2023-12-19,2027-06-30
2887,CL-TI-365-44,ML HL Touring Seat/Saddle - Blue- 44,1743.0,T ,2016-04-08,
5680,CL-TI-148-62,ML Road - Yellow- 62,792.0,S ,2023-12-30,
3607,CL-VE-198-44,ML LL Touring Frame - Silver- 44,1639.0,,2020-12-16,
5982,CO-SA-862-60,HL ML Road Pedal - Black- 60,1588.0,S ,2018-06-30,2019-02-10
3288,CO-TF-485-62,ML Chain - Blue- 62,962.0,S ,2018-07-25,2022-06-19
4195,CL-GL-274-42,LL ML Headset - Black- 42,841.0,R ,2015-02-16,2018-02-21
1348,CL-CA-509-38,ML Minipump - Blue- 38,2202.0,M ,2023-03-17,2026-07-01
2904,CO-CH-426-52,ML LL Touring Frame - White- 52,3341.0,M ,2022-11-11,2024-12-30
4445,CO-FO-270-58,ML LL Mountain Rear Wheel - Blue- 58,356.0,T ,2016-03-19,2016-12-05
4795,CL-TI-775-38,HL Hitch Rack - Blue- 38,1898.0,R ,2011-09-21,
5219,CO-HB-488-42,LL LL Mountain Tire - Silver- 42,1427.0,S ,2023-07-21,
5921,CL-GL-528-42,HL Half - Red- 42,762.0,S ,2018-02-21,
5977,CO-CS-590-60,LL Rear Derailleur - Yellow- 60,460.0,R ,2013-03-21,
6204,AC-PA-745-48,LL LL Fork - Red- 48,2787.0,R ,2023-02-11,
6400,AC-HP-124-48,ML HL Mountain Handlebars - Red- 48,1244.0,M ,2022-03-15,
5118,CL-TI-720-60,LL Road Tire Tube - Yellow- 60,191.0,R ,2016-10-12,2016-01-06
4520,AC-HE-644-44,HL Front Brakes - Blue- 44,1418.0,T ,2018-03-11,2022-01-10
6249,AC-BR-937-42,HL Headlights - Blue- 42,3176.0,R ,2014-06-24,2018-06-04
6389,CO-WH-991-44,LL Rear Derailleur - Silver- 44,,,2011-06-16,
3579,CO-HS-495-48,ML Bike Wash - Black- 48,2631.0,M ,2016-01-12,
2389,AC-BS-845-48,HL LL Mountain Seat/Saddle - Yellow- 48,3313.0,R ,2013-07-19,
4620,CO-BR-204-58,ML ML Bottom Bracket - Black- 58,3277.0,M ,2013-03-06,2015-04-29
2396,CO-HS-680-44,HL Short - White- 44,2367.0,R ,2023-11-20,
2849,CL-BS-966-62,ML ML Road Frame - Silver- 62,2695.0,M ,2023-12-23,2025-11-05
6662,AC-TT-353-38,HL ML Fork - Blue- 38,55.0,S ,2019-06-24,
626,AC-PU-515-58,HL LL Road Tire - Silver- 58,809.0,R ,2015-02-20,
5335,CO-RF-938-38,LL LL Road Front Wheel - White- 38,,M ,2021-11-27,2025-12-18
2296,AC-LO-209-48,ML LL Fork - Blue- 48,2916.0,T ,2014-07-13,2016-02-20
4264,BI-TB-696-38,ML HL Mountain Front Wheel - Red- 38,1596.0,S ,2017-04-11,2019-03-08
4196,CL-CA-345-58,ML ML Road Rear Wheel - Red- 58,99.0,M ,2012-07-31,2015-08-12
2964,CO-FO-562-38,LL LL Headset - Yellow- 38,623.0,R ,2012-04-13,
346,CO-WH-757-62,LL HL Mountain Rear Wheel - Yellow- 62,1824.0,R ,2020-10-09,2021-12-17
5052,AC-BR-204-52,HL Rear Derailleur - Blue- 52,2455.0,M ,2021-08-19,2023-06-01
1684,CL-SO-901-52,ML HL Road Handlebars - Yellow- 52,181.0,R ,2018-10-13,2021-08-02
1332,AC-BC-862-44,HL ML Road Frame - Red- 44,2351.0,R ,2013-09-27,
5099,CO-BR-960-38,ML Front Derailleur - Black- 38,2404.0,T ,2011-10-01,
4341,AC-FE-752-60,LL HL Touring Seat/Saddle - Red- 60,374.0,M ,2011-09-30,
235,CO-BB-230-42,ML HL Road Seat/Saddle - Blue- 42,2010.0,S ,2021-11-28,
867,AC-HE-132-52,LL All - White- 52,,R ,2020-06-18,
4152,BI-MB-276-38,LL Headlights - Red- 38,2663.0,,2019-01-21,2022-07-09
5708,CL-JE-422-48,HL LL Crankset - Blue- 48,3015.0,S ,2015-07-11,
659,BI-RB-152-60,ML Hitch Rack - Black- 60,1403.0,S ,2023-12-13,
3642,CL-GL-751-58,HL Touring Pedal - White- 58,55.0,T ,2017-07-09,
3506,CO-FO-131-52,HL ML Mountain Seat/Saddle - White- 52,2482.0,S ,2019-04-22,
3334,AC-FE-992-42,HL ML Bottom Bracket - Yellow- 42,923.0,S ,2018-08-11,
1611,CO-TF-453-52,LL ML Headset - Silver- 52,2843.0,M ,2020-07-23,
3492,CO-PD-353-38,LL Touring Rear Wheel - Red- 38,2081.0,S ,2025-01-27,
1468,AC-PA-809-44,LL Women's Mountain Shorts - White- 44,1275.0,S ,2024-12-04,2028-10-17
5057,AC-BC-443-60,LL Chain - White- 60,873.0,R ,2011-11-23,2012-10-27
1480,AC-PU-910-38,LL Rear Brakes - Blue- 38,3207.0,M ,2016-02-18,2017-03-22
6854,AC-PA-240-44,LL ML Touring Seat/Saddle - Black- 44,1115.0,S ,2020-08-20,2023-03-16
1659,AC-PU-452-62,LL Racing Socks - Black- 62,2304.0,M ,2021-03-09,2023-03-01
1262,AC-HP-133-48,LL LL Headset - Yellow- 48,2635.0,S ,2021-04-25,
3035,AC-FE-145-48,HL Classic Vest - White- 48,2061.0,,2016-01-24,2017-02-24
2647,CL-GL-133-48,ML HL Road Rear Wheel - White- 48,985.0,R ,2017-01-21,
4200,CO-WH-662-52,LL HL Touring Frame - White- 52,2098.0,S ,2022-04-22,
4550,AC-LO-805-52,ML HL Road Handlebars - Red- 52,1613.0,M ,2017-04-25,2020-01-25
486,AC-LO-441-60,ML AWC Logo Cap - Yellow- 60,881.0,M ,2016-03-30,
2651,AC-PA-161-44,ML ML Road Tire - Red- 44,,R ,2013-08-15,2015-03-26
2368,AC-LI-375-60,HL ML Headset - Blue- 60,1296.0,T ,2020-03-21,2024-08-07
798,CL-SO-864-60,ML HL Road Tire - Black- 60,3381.0,S ,2015-11-25,
2417,CL-GL-283-62,LL HL Mountain Tire - Yellow- 62,1971.0,R ,2013-04-13,
1180,CO-CH-123-48,LL Racing Socks - Red- 48,1660.0,M ,2020-06-08,
6253,AC-PU-825-62,LL Patch Kit/8 Patches - Yellow- 62,3462.0,M ,2024-05-07,
5060,AC-TT-920-58,HL ML Mountain Handlebars - White- 58,1926.0,S ,2019-01-17,
3394,CO-RF-614-48,HL LL Mountain Tire - Black- 48,1488.0,R ,2013-10-01,
2918,AC-HP-333-60,LL LL Touring Handlebars - Black- 60,139.0,S ,2020-02-06,2024-10-17
4450,AC-BC-653-44,HL Mountain Tire Tube - Black- 44,,,2022-01-22,2024-01-27
3544,CL-JE-304-38,HL HL Touring Handlebars - White- 38,2.0,T ,2014-09-11,
1969,CO-HB-370-52,LL ML Mountain Seat/Saddle - Silver- 52,3288.0,T ,2023-09-23,
2391,CO-SA-367-42,LL LL Mountain Tire - Red- 42,2615.0,M ,2013-12-31,2018-08-19
3967,CO-HB-803-42,ML Touring Tire - Red- 42,1632.0,T ,2012-12-26,
5629,CL-SH-284-58,LL Patch Kit/8 Patches - White- 58,3101.0,M ,2021-03-27,2024-10-23
4473,CO-BR-734-48,ML ML Mountain Frame - Red- 48,654.0,M ,2024-12-18,
2482,CO-HB-862-62,ML LL Mountain Pedal - Red- 62,1386.0,S ,2015-07-11,
4035,BI-MB-228-48,HL Rear Brakes - Black- 48,126.0,R ,2023-06-18,2026-03-26
1137,CO-TF-649-58,HL HL Headset - Yellow- 58,-1508.0,M ,2016-04-14,2020-03-23
3436,CO-SA-530-38,LL ML Mountain Rear Wheel - Black- 38,1994.0,,2018-11-04,2020-05-11
3278,BI-TB-472-62,LL LL Touring Seat/Saddle - Blue- 62,720.0,R ,2024-01-25,2027-06-13
6862,CO-TF-106-52,ML ML Road Front Wheel - White- 52,974.0,,2016-01-05,
234,CO-MF-317-60,LL HL Road Front Wheel - White- 60,,S ,2017-05-15,
5112,CO-PD-762-44,ML ML Bottom Bracket - Yellow- 44,1135.0,S ,2014-07-12,2017-07-29
6785,AC-PU-699-42,ML Touring Rear Wheel - Yellow- 42,1125.0,S ,2021-12-18,
653,CL-SO-684-48,HL HL Fork - White- 48,3491.0,R ,2022-01-10,
6085,AC-LI-944-48,HL ML Bottom Bracket - Blue- 48,2788.0,M ,2021-07-13,
4456,CL-TI-711-42,HL Women's Tights - Black- 42,1234.0,T ,2020-07-29,
6671,CO-SA-253-38,HL Patch Kit/8 Patches - White- 38,1271.0,M ,2016-10-21,2018-07-30
2352,CO-HS-641-44,HL ML Mountain Frame - Silver- 44,3420.0,R ,2011-10-16,
964,CO-SA-379-44,ML LL Road Tire - Black- 44,2424.0,T ,2015-03-26,
2475,CO-RF-447-44,ML HL Mountain Tire - Yellow- 44,2164.0,T ,2020-04-01,2023-08-27
1257,AC-FE-569-44,HL Touring Tire - Red- 44,2573.0,M ,2015-08-31,2017-08-13
990,CL-GL-404-42,ML Racing Socks - Black- 42,3459.0,M ,2016-04-11,
1110,AC-FE-827-42,ML ML Road Pedal - Blue- 42,3477.0,R ,2018-02-11,
3245,CO-BB-855-42,LL Touring Tire - Silver- 42,-50.0,S ,2020-07-05,
5170,AC-BS-102-60,ML HL Mountain Frame - White- 60,498.0,T ,2015-06-23,2018-02-22
2162,AC-LI-663-62,HL HL Touring Frame - Red- 62,1145.0,M ,2015-08-20,2020-06-04
2970,CO-HB-437-48,LL LL Mountain Tire - Black- 48,,R ,2022-03-28,2026-11-11
1407,CO-RF-873-62,HL Classic Vest - Blue- 62,318.0,T ,2018-12-11,
310,AC-HE-983-62,ML ML Road Front Wheel - Red- 62,2884.0,T ,2014-07-05,2018-04-14
1259,AC-BC-633-52,LL LL Road Frame - Blue- 52,3294.0,S ,2023-04-23,2026-04-29
1837,CO-PD-726-48,HL ML Mountain Front Wheel - Silver- 48,1924.0,S ,2018-11-14,
6716,AC-LI-338-42,HL ML Bottom Bracket - Red- 42,,T ,2021-12-21,
3041,BI-RB-940-52,HL Chain - Silver- 52,716.0,T ,2019-04-28,
4010,BI-MB-174-62,HL Front Derailleur - Black- 62,1077.0,R ,2019-12-19,
2653,AC-LO-340-58,HL LL Mountain Frame - Yellow- 58,1869.0,S ,2018-03-16,
1481,CL-BS-121-62,HL HL Road Rear Wheel - Silver- 62,1534.0,S ,2020-10-27,
6064,AC-BC-521-58,LL Women's Mountain Shorts - Red- 58,323.0,M ,2013-12-10,
6542,BI-TB-119-48,ML Rear Brakes - Silver- 48,2666.0,S ,2021-04-01,2025-12-06
2958,AC-FE-156-38,LL HL Road Handlebars - White- 38,879.0,S ,2024-04-28,
5684,CO-HB-433-42,LL ML Road Frame - Black- 42,1371.0,M ,2015-04-26,2019-03-09
976,CL-GL-717-38,HL Road Bottle Cage - Yellow- 38,1283.0,R ,2021-09-23,2025-06-25
5056,BI-MB-417-38,HL Cable Lock - Black- 38,661.0,R ,2025-01-22,2028-01-09
5268,CO-BR-127-52,LL ML Mountain Front Wheel - Yellow- 52,3169.0,T ,2017-04-05,
2099,CO-TF-523-62,LL ML Road Tire - Blue- 62,3053.0,S ,2022-03-30,
3870,CO-RF-918-60,LL Hitch Rack - Black- 60,,T ,2020-12-02,
3270,CL-GL-682-62,HL Classic Vest - Red- 62,1030.0,S ,2012-06-11,
378,BI-TB-767-60,ML HL Road Frame - Red- 60,2801.0,R ,2021-10-03,2022-06-20
283,CO-CH-307-42,ML Full - Yellow- 42,1770.0,S ,2017-05-08,
2863,BI-TB-290-48,ML Women's Tights - Black- 48,2967.0,M ,2021-07-09,2023-02-13
6875,CO-CS-190-60,LL Front Brakes - Yellow- 60,1174.0,T ,2014-05-25,
3195,CO-MF-524-38,HL HL Mountain Pedal - Red- 38,815.0,T ,2015-08-24,
2093,CL-JE-967-42,ML LL Road Front Wheel - Yellow- 42,-2814.0,T ,2011-10-16,
4254,AC-FE-800-62,ML ML Road Front Wheel - White- 62,1208.0,,2023-02-09,
2376,CO-HB-879-48,HL Women's Mountain Shorts - Blue- 48,1734.0,S ,2017-04-21,
5444,CO-MF-610-38,ML Minipump - White- 38,2955.0,R ,2022-04-20,2024-08-24
2778,CO-WH-751-52,ML Hydration Pack - Silver- 52,1254.0,T ,2015-07-27,
1202,AC-BC-979-38,HL ML Mountain Pedal - Red- 38,,M ,2017-07-27,
6359,CO-TF-773-42,HL HL Mountain Front Wheel - Blue- 42,2042.0,S ,2018-02-01,
5805,AC-LI-692-48,LL HL Road Front Wheel - Black- 48,2588.0,R ,2013-04-03,
3426,AC-HE-627-52,HL ML Road Rear Wheel - Blue- 52,2712.0,M ,2023-12-07,
2115,AC-PA-832-44,LL LL Road Frame - Red- 44,2291.0,R ,2017-12-14,
5399,CO-BR-345-48,LL LL Headset - Red- 48,1828.0,T ,2024-07-07,2028-11-27
3296,CL-TI-733-58,ML Mountain Bottle Cage - White- 58,2984.0,M ,2022-08-18,2025-11-13
1594,CO-RF-536-52,HL ML Mountain Frame - Red- 52,5.0,T ,2022-12-25,
3651,CO-SA-709-42,HL ML Road Rear Wheel - Red- 42,659.0,M ,2020-02-29,2021-07-10
1948,CO-RF-316-62,ML HL Crankset - Blue- 62,159.0,M ,2017-05-15,2018-08-23
6504,AC-BC-254-38,LL LL Mountain Rear Wheel - Silver- 38,,M ,2018-12-22,2022-10-31
1713,CL-TI-183-44,ML Bike Wash - Black- 44,3461.0,R ,2019-10-03,
2774,CO-HS-440-60,ML HL Road Tire - Red- 60,1353.0,S ,2014-06-18,2016-09-01
1841,CL-GL-109-42,HL HL Headset - Yellow- 42,2182.0,,2017-11-07,
3934,AC-HE-637-44,HL LL Mountain Rear Wheel - White- 44,2403.0,R ,2022-08-17,
2312,AC-FE-309-62,HL Patch Kit/8 Patches - Black- 62,3250.0,S ,2014-05-19,2015-08-26
476,CO-WH-629-42,ML LL Fork - Silver- 42,34.0,R ,2020-04-02,
1243,CO-TF-984-62,ML Water Bottle - Blue- 62,2630.0,R ,2024-07-24,2027-04-27
6135,BI-RB-434-48,HL HL Fork - Yellow- 48,,T ,2023-03-19,2024-06-17
2841,AC-BC-305-42,LL LL Mountain Front Wheel - Red- 42,,S ,2023-07-27,2024-05-27
3796,CO-WH-580-42,ML Full - Blue- 42,1671.0,T ,2020-08-24,
2795,CO-SA-106-60,ML Mountain Tire Tube - White- 60,2342.0,T ,2024-04-05,
2054,CL-VE-784-52,HL Bike Wash - Red- 52,1247.0,M ,2024-12-13,
6812,AC-BR-982-60,ML Racing Socks - Silver- 60,2538.0,,2024-04-23,
6413,CO-TF-401-62,HL HL Road Rear Wheel - Yellow- 62,708.0,T ,2020-08-04,2020-02-27
6699,CL-CA-176-38,ML Front Brakes - Red- 38,1569.0,S ,2013-01-20,
2424,CO-BR-799-62,LL Minipump - Silver- 62,,T ,2022-04-24,
354,CO-HB-299-44,HL HL Mountain Tire - Silver- 44,,T ,2018-05-28,2021-12-20
4637,CL-TI-493-52,LL LL Bottom Bracket - Yellow- 52,416.0,M ,2020-06-23,2021-08-20
4169,CL-TI-500-58,ML ML Road Handlebars - Blue- 58,1851.0,R ,2015-07-20,2019-12-19
6279,CL-SO-423-48,HL LL Road Front Wheel - Red- 48,2465.0,,2013-01-15,2014-03-18
4553,BI-TB-137-44,ML LL Road Front Wheel - Red- 44,317.0,M ,2021-12-13,
4679,BI-TB-311-52,LL Mountain Tire Tube - Black- 52,3145.0,S ,2021-06-10,
4686,CO-CH-464-38,ML HL Road Front Wheel - Red- 38,506.0,M ,2011-05-27,2014-12-15
2757,AC-HE-734-62,HL LL Touring Handlebars - Red- 62,3335.0,T ,2021-05-02,
530,AC-BR-952-60,LL HL Mountain Seat/Saddle - White- 60,1994.0,T ,2014-03-19,2019-01-01
4942,CL-GL-784-38,ML HL Mountain Pedal - Blue- 38,888.0,S ,2021-12-31,
1797,CL-TI-425-42,LL LL Mountain Front Wheel - Yellow- 42,2534.0,M ,2020-03-04,
5637,CO-SA-137-42,HL HL Road Handlebars - Blue- 42,1399.0,S ,2024-06-17,
1794,AC-CL-695-52,ML Road Tire Tube - Blue- 52,237.0,T ,2023-01-15,
3783,CO-TF-589-52,LL Headlights - Blue- 52,432.0,R ,2023-10-15,
3909,CL-TI-457-44,LL Touring Front Wheel - Yellow- 44,1715.0,S ,2012-12-18,
2492,CL-GL-232-60,HL HL Road Rear Wheel - Silver- 60,139.0,T ,2013-09-15,
5520,CO-CH-637-38,HL Mountain Tire Tube - Yellow- 38,2350.0,S ,2017-11-24,2021-11-02
4736,CO-FO-384-62,HL HL Mountain Pedal - Yellow- 62,2293.0,T ,2021-08-26,2024-03-09
1220,CL-BS-834-62,LL Cable Lock - White- 62,279.0,T ,2019-01-17,2023-11-12
4123,BI-RB-322-62,LL HL Road Seat/Saddle - Silver- 62,2016.0,R ,2021-02-05,2022-06-08
3234,AC-PA-878-52,LL Touring Front Wheel - Blue- 52,1749.0,M ,2015-11-24,2018-11-07
4206,AC-PA-228-48,HL ML Road Frame - Black- 48,951.0,S ,2012-05-13,2013-05-01
401,CO-SA-623-52,HL Touring Front Wheel - Yellow- 52,485.0,R ,2012-08-19,
4993,AC-PU-385-44,ML Classic Vest - Yellow- 44,2472.0,M ,2021-11-12,2021-07-17
1385,AC-HP-337-60,HL LL Touring Seat/Saddle - White- 60,1558.0,M ,2013-06-14,
4741,AC-CL-376-38,HL LL Road Frame - White- 38,3109.0,T ,2019-05-08,
5202,AC-HP-552-44,LL HL Mountain Seat/Saddle - Red- 44,620.0,R ,2015-09-16,2018-08-30
1900,CL-BS-510-58,ML Mountain Tire Tube - Red- 58,1472.0,R ,2012-02-21,2016-02-29
6248,CL-SO-966-42,HL LL Road Seat/Saddle - Red- 42,,S ,2013-07-29,2015-12-23
1490,AC-CL-638-38,HL HL Mountain Rear Wheel - Silver- 38,3401.0,R ,2024-04-19,2026-11-02
6205,AC-BC-958-58,LL HL Mountain Pedal - White- 58,,T ,2023-09-19,2026-01-30
3560,AC-PU-235-48,ML LL Mountain Handlebars - Silver- 48,2157.0,S ,2020-09-09,
5492,AC-LO-139-52,HL ML Mountain Seat/Saddle - Blue- 52,,T ,2019-02-05,
5322,CO-HB-631-44,HL LL Mountain Rear Wheel - White- 44,1664.0,R ,2014-04-27,
2442,AC-PU-112-38,LL LL Road Seat/Saddle - White- 38,2461.0,M ,2018-12-07,2019-11-13
897,AC-PU-714-60,LL HL Mountain Tire - Blue- 60,132.0,S ,2020-09-21,2024-06-03
5871,AC-PA-287-48,HL Water Bottle - Yellow- 48,1657.0,M ,2011-04-07,2012-03-01
848,CL-JE-230-48,HL LL Road Front Wheel - Blue- 48,1590.0,T ,2023-09-09,2026-06-18
779,CL-CA-161-48,ML ML Mountain Tire - Red- 48,,S ,2014-11-01,
3864,CO-MF-570-62,ML Cable Lock - Yellow- 62,,R ,2017-01-23,
1143,CL-VE-789-62,LL Bike Wash - Red- 62,311.0,,2017-07-14,
5713,CO-SA-789-62,HL Taillights - White- 62,970.0,T ,2014-03-01,2018-01-17
1379,AC-BS-246-44,LL HL Mountain Pedal - Silver- 44,978.0,R ,2013-06-12,
1570,CO-CH-767-52,HL ML Road Front Wheel - Red- 52,,R ,2018-05-22,2020-11-29
4839,CO-FO-188-52,ML LL Road Seat/Saddle - Silver- 52,1368.0,T ,2016-11-06,2018-06-29
3497,AC-HP-932-44,HL LL Mountain Seat/Saddle - White- 44,,M ,2018-03-04,
3672,CO-SA-960-44,LL Patch Kit/8 Patches - Yellow- 44,924.0,T ,2016-08-23,
2032,AC-LO-583-48,ML Patch Kit/8 Patches - Blue- 48,2936.0,,2021-01-24,2024-09-24
3000,CL-CA-721-38,ML ML Mountain Tire - Silver- 38,711.0,R ,2012-06-21,
406,AC-FE-111-42,ML ML Road Handlebars - Silver- 42,,R ,2016-02-08,
6108,BI-MB-665-58,ML ML Crankset - Red- 58,671.0,M ,2020-07-18,
4801,AC-HE-674-42,ML Mountain Bottle Cage - White- 42,1298.0,S ,2013-07-26,2018-04-03
5242,CO-BR-834-48,ML Long - Black- 48,1471.0,R ,2017-12-04,2022-04-12
3299,AC-TT-464-58,LL Men's Bib - Blue- 58,,R ,2017-10-26,
3995,AC-BS-709-48,HL Touring - Red- 48,1534.0,T ,2016-03-23,2019-04-15
5285,AC-BR-331-42,ML LL Road Pedal - Silver- 42,203.0,T ,2017-09-22,
2638,AC-BR-539-44,ML HL Touring Handlebars - Yellow- 44,1554.0,R ,2012-07-26,
2285,CO-PD-742-58,LL HL Touring Frame - Silver- 58,308.0,,2017-08-30,2021-10-30
5607,CL-CA-268-52,ML ML Headset - Red- 52,1221.0,T ,2018-02-07,
6119,CL-JE-962-62,HL Touring Tire Tube - Blue- 62,,R ,2023-09-18,
5961,AC-FE-644-42,ML ML Road Frame - Red- 42,502.0,T ,2019-10-14,2022-01-31
4701,CO-WH-224-48,ML Fender Set - Silver- 48,3223.0,R ,2024-10-11,
1915,CL-TI-969-58,ML HL Road Front Wheel - White- 58,1600.0,M ,2023-05-09,2024-04-12
357,AC-BC-912-38,LL Men's Sports Shorts - Red- 38,1432.0,R ,2023-06-25,
1007,CL-SH-944-44,HL Mountain Tire Tube - Black- 44,2193.0,S ,2013-06-29,
1960,CO-FO-944-44,HL ML Mountain Frame - Yellow- 44,2990.0,R ,2011-10-07,
833,CO-PD-322-52,HL Taillights - Red- 52,1880.0,T ,2023-12-20,
2496,AC-HE-879-42,HL Hitch Rack - Blue- 42,1001.0,T ,2018-04-12,
4277,CL-BS-841-62,ML Road Bottle Cage - Black- 62,661.0,M ,2024-04-18,
2238,AC-HE-108-60,HL ML Mountain Rear Wheel - Red- 60,2163.0,M ,2021-04-20,
5315,CO-MF-363-62,HL Men's Sports Shorts - Silver- 62,3189.0,R ,2024-04-09,
5824,CO-TF-172-62,LL LL Mountain Frame - Silver- 62,2775.0,M ,2014-05-22,
5216,CO-BR-395-38,LL ML Mountain Front Wheel - White- 38,2961.0,T ,2014-08-10,2016-04-05
5928,AC-PA-159-38,ML Minipump - Silver- 38,2310.0,T ,2018-04-24,
5201,AC-FE-297-48,HL ML Road Seat/Saddle - Silver- 48,1723.0,M ,2011-09-19,
1683,AC-CL-935-48,ML HL Road Pedal - Blue- 48,2772.0,S ,2017-03-11,
932,AC-BR-686-38,HL HL Road Handlebars - White- 38,2956.0,M ,2024-06-22,2024-04-08
1571,CO-CS-350-44,ML Touring Tire Tube - White- 44,2875.0,T ,2024-06-21,
316,CL-SH-845-42,HL LL Headset - Silver- 42,1486.0,S ,2014-09-24,2019-02-04
4656,CO-HS-399-44,ML HL Mountain Frame - Yellow- 44,,R ,2022-04-12,
5853,CO-HS-386-38,LL HL Bottom Bracket - Silver- 38,2277.0,M ,2020-03-21,
4956,CL-TI-903-44,HL ML Mountain Rear Wheel - Silver- 44,541.0,S ,2022-07-19,
4695,AC-BR-730-60,HL ML Mountain Seat/Saddle - Silver- 60,807.0,T ,2017-04-19,
3262,CL-TI-810-48,LL HL Mountain Rear Wheel - Blue- 48,2448.0,,2021-03-30,2020-06-13
1682,CO-FO-772-60,ML ML Road Seat/Saddle - Black- 60,321.0,R ,2023-07-08,
1327,CL-GL-594-58,ML LL Mountain Frame - Yellow- 58,2053.0,S ,2014-04-11,
764,AC-BS-813-60,ML ML Headset - Yellow- 60,749.0,M ,2016-05-31,2017-11-20
509,CL-JE-619-44,ML LL Headset - White- 44,1052.0,,2017-05-14,
380,CO-RF-112-42,ML HL Mountain Tire - Silver- 42,1729.0,M ,2024-05-16,2029-02-24
3536,CL-GL-817-62,ML ML Bottom Bracket - Silver- 62,2073.0,R ,2013-12-26,
4013,CO-RF-627-48,HL Touring Front Wheel - Red- 48,415.0,S ,2018-10-11,2020-07-28
3884,AC-PA-535-62,HL ML Crankset - White- 62,1292.0,S ,2016-02-27,
1486,CO-BR-516-48,HL HL Bottom Bracket - Blue- 48,634.0,T ,2014-05-21,
2564,CO-DE-777-44,ML ML Mountain Handlebars - Silver- 44,3293.0,T ,2016-08-29,2017-05-17
3829,CO-CH-997-62,LL ML Bottom Bracket - Black- 62,652.0,T ,2014-05-27,2015-02-20
625,CO-HS-101-62,LL HL Mountain Front Wheel - Silver- 62,1059.0,M ,2025-01-19,2027-08-30
5070,BI-RB-825-38,HL Sport - Blue- 38,1838.0,R ,2021-12-23,2024-03-26
4734,CL-SH-515-44,LL ML Mountain Tire - Black- 44,1393.0,M ,2015-09-18,
4492,BI-RB-901-62,ML ML Fork - Red- 62,2491.0,T ,2024-01-25,
3263,AC-FE-845-60,ML LL Road Tire - White- 60,1058.0,T ,2022-08-14,
4133,CO-HB-686-58,HL HL Bottom Bracket - Black- 58,3238.0,T ,2024-07-15,
2049,CO-CH-398-42,ML ML Road Tire - Yellow- 42,2372.0,M ,2014-02-20,
3166,AC-HP-174-48,HL LL Touring Seat/Saddle - White- 48,714.0,M ,2012-12-20,2013-09-29
6220,CL-BS-336-48,ML Women's Tights - Red- 48,2697.0,T ,2017-12-12,2019-04-03
2527,CL-VE-705-58,HL ML Road Seat/Saddle - Black- 58,1444.0,M ,2015-11-22,
3125,CO-BR-515-58,HL Women's Tights - Silver- 58,2106.0,M ,2018-07-29,
6195,AC-PU-314-58,ML Long - Yellow- 58,757.0,M ,2017-11-18,
840,BI-TB-806-42,LL Taillights - White- 42,1276.0,S ,2014-05-01,
5256,CO-HS-208-58,ML Sport - Yellow- 58,2227.0,M ,2020-10-28,2021-11-30
372,AC-PA-154-52,LL Fender Set - Blue- 52,852.0,R ,2011-06-30,
623,CO-MF-488-60,HL Front Derailleur - Blue- 60,2111.0,S ,2023-10-15,
1283,CO-CH-933-44,ML Mountain Tire Tube - Yellow- 44,,M ,2014-05-19,2019-04-20
6449,CO-MF-560-48,HL HL Mountain Handlebars - White- 48,,M ,2020-05-19,2022-10-28
6452,CO-FO-828-58,ML LL Mountain Tire - Silver- 58,1491.0,S ,2022-04-08,
2227,CO-WH-729-38,HL HL Touring Handlebars - Yellow- 38,3357.0,M ,2017-06-13,2017-02-17
5336,AC-BS-100-58,HL Touring - Black- 58,3494.0,S ,2025-01-26,2029-03-18
1086,CO-PD-103-38,ML Men's Bib - Red- 38,3174.0,R ,2024-09-14,2026-10-11
1027,BI-RB-356-52,LL LL Mountain Tire - Blue- 52,1409.0,S ,2018-05-06,2022-01-10
5128,AC-FE-634-42,LL Taillights - Black- 42,724.0,R ,2017-02-08,
2465,AC-LO-356-60,HL Short - Blue- 60,2591.0,,2014-11-19,
2944,CO-RF-832-52,ML ML Mountain Pedal - Red- 52,2956.0,,2016-01-03,
1082,CL-VE-511-58,LL LL Road Frame - White- 58,1409.0,,2018-06-21,2020-09-28
4551,CO-CS-931-52,LL Mountain Bottle Cage - Blue- 52,768.0,T ,2015-07-23,2014-11-04
3893,CL-CA-433-60,LL LL Mountain Front Wheel - Silver- 60,1241.0,R ,2016-02-05,
439,AC-PA-669-44,LL HL Headset - Black- 44,1270.0,T ,2014-01-14,2015-10-17
1116,BI-TB-163-38,HL HL Touring Handlebars - Black- 38,1746.0,T ,2022-04-30,
2266,BI-TB-227-52,LL Rear Brakes - Red- 52,3283.0,M ,2015-03-15,2018-09-20
1106,AC-BC-494-48,ML Touring Rear Wheel - Silver- 48,803.0,M ,2013-11-17,
6541,AC-LI-766-38,HL LL Fork - Red- 38,,S ,2017-01-16,
5531,CO-HB-191-60,HL Mountain Pump - Yellow- 60,1370.0,M ,2020-11-15,
6059,AC-TT-956-38,LL Men's Sports Shorts - Blue- 38,1831.0,R ,2011-10-23,2015-05-31
6435,AC-HP-889-38,HL ML Touring Seat/Saddle - Red- 38,1213.0,T ,2015-07-02,2017-09-02
4081,AC-BS-390-48,LL Racing Socks - Yellow- 48,1951.0,M ,2019-07-25,
2363,AC-PU-699-42,ML Touring Rear Wheel - Yellow- 42,1125.0,S ,2021-12-18,
1001,CL-SH-117-38,HL LL Headset - Silver- 38,,M ,2020-04-26,
6543,AC-BC-385-58,ML LL Road Tire - Yellow- 58,990.0,R ,2019-09-15,
2120,CO-MF-478-62,ML Mountain - Black- 62,1652.0,T ,2017-08-22,2022-05-22
1537,AC-FE-855-58,LL Sport - White- 58,2832.0,R ,2011-04-19,
2518,CO-BR-440-44,HL LL Mountain Handlebars - Silver- 44,,M ,2021-12-08,
6498,AC-BS-132-52,LL LL Fork - Silver- 52,2086.0,M ,2023-08-20,
3086,BI-MB-166-62,HL Rear Brakes - Black- 62,415.0,S ,2021-07-09,2025-02-15
5957,AC-BR-825-48,ML LL Road Handlebars - Blue- 48,1244.0,M ,2019-11-02,
908,CO-TF-177-44,LL Front Brakes - White- 44,3306.0,M ,2013-03-01,
3293,AC-PU-976-58,ML All - Yellow- 58,2144.0,S ,2023-11-29,2024-11-10
3290,AC-LI-604-58,ML Touring Tire - White- 58,1409.0,,2019-05-30,2020-12-16
5196,CO-SA-351-52,ML LL Road Seat/Saddle - Silver- 52,471.0,S ,2011-04-03,
1927,AC-PU-536-44,HL Mountain Bottle Cage - Silver- 44,1386.0,S ,2021-01-23,
2789,CO-RF-993-52,HL Half - Yellow- 52,3440.0,R ,2015-09-09,2018-08-12
1104,AC-LO-774-44,ML Full - Yellow- 44,392.0,M ,2016-08-05,
3230,AC-BC-873-44,LL LL Road Tire - Black- 44,2057.0,M ,2023-10-27,
3751,BI-RB-365-48,LL HL Road Front Wheel - Red- 48,1145.0,T ,2023-08-30,
5457,AC-CL-667-62,LL Touring - White- 62,2242.0,M ,2012-04-10,
5752,CO-WH-833-62,HL Mountain Pump - White- 62,1547.0,M ,2021-09-25,
4363,CO-CS-464-58,ML Women's Tights - Red- 58,808.0,S ,2020-01-15,
2189,AC-LI-338-42,HL ML Bottom Bracket - Red- 42,,T ,2021-12-21,
6228,AC-LI-711-38,LL ML Road Seat/Saddle - Yellow- 38,878.0,T ,2013-01-15,
1267,AC-PU-893-44,ML Front Brakes - Blue- 44,1022.0,S ,2013-09-26,
3519,CO-CH-374-38,LL LL Crankset - Black- 38,497.0,R ,2014-04-30,2018-11-11
3728,CL-BS-620-42,ML Touring - White- 42,2376.0,M ,2019-12-23,2021-04-30
2540,BI-TB-604-60,HL Men's Bib - Silver- 60,758.0,R ,2012-02-25,2015-12-03
3868,CL-CA-479-44,LL HL Mountain Rear Wheel - Blue- 44,1660.0,T ,2021-12-06,
6597,CL-GL-451-48,ML HL Touring Handlebars - Red- 48,1251.0,,2024-08-01,
302,AC-PA-146-38,HL HL Mountain Handlebars - Blue- 38,3290.0,M ,2020-07-08,
1444,CO-BB-404-60,HL HL Mountain Rear Wheel - Black- 60,93.0,S ,2023-06-26,2027-09-25
1223,CO-RF-817-38,LL LL Road Pedal - White- 38,1017.0,S ,2022-07-26,
6006,CL-GL-604-42,LL ML Mountain Front Wheel - White- 42,1991.0,M ,2016-08-18,
4073,CL-BS-802-42,ML HL Mountain Handlebars - Silver- 42,2822.0,R ,2022-05-29,2023-01-27
1157,CL-TI-978-60,HL Women's Mountain Shorts - Black- 60,3002.0,S ,2018-12-11,2021-06-27
2003,AC-BR-113-38,LL Mountain Bike Socks - Silver- 38,329.0,T ,2021-05-03,
5415,CL-TI-751-38,HL Mountain Bottle Cage - Yellow- 38,2267.0,M ,2024-08-17,
400,AC-LI-882-38,LL ML Bottom Bracket - Blue- 38,1084.0,S ,2014-02-24,
6393,AC-LI-255-44,ML LL Touring Seat/Saddle - Silver- 44,1622.0,T ,2018-07-29,
1741,CL-GL-411-38,ML ML Mountain Pedal - Silver- 38,2686.0,R ,2014-12-01,
6302,CO-SA-390-48,HL Touring Front Wheel - Red- 48,1883.0,M ,2013-06-01,2014-04-22
2892,CL-BS-853-62,LL Racing Socks - Silver- 62,32.0,S ,2017-03-01,2021-11-02
6260,CO-BB-682-58,HL LL Road Seat/Saddle - White- 58,974.0,S ,2025-02-04,
3022,CO-DE-377-42,HL LL Mountain Handlebars - Blue- 42,1830.0,R ,2015-04-07,
4104,CL-TI-402-52,ML HL Road Pedal - Red- 52,3230.0,R ,2023-08-24,2027-04-05
3798,CO-CS-664-62,LL ML Mountain Frame - Silver- 62,126.0,T ,2024-11-06,2026-07-23
5029,BI-MB-856-48,HL Touring Front Wheel - Blue- 48,246.0,S ,2015-12-14,
3386,CL-TI-148-38,LL LL Road Front Wheel - Silver- 38,1486.0,R ,2011-07-11,2015-07-03
2321,CL-VE-141-58,HL ML Touring Seat/Saddle - Yellow- 58,3132.0,R ,2016-09-27,2018-05-25
6587,CO-TF-805-60,LL Rear Derailleur - Blue- 60,1073.0,T ,2013-08-05,2017-01-12
4982,AC-BS-781-48,LL HL Touring Seat/Saddle - Red- 48,498.0,R ,2024-07-21,
315,CL-TI-807-52,HL ML Mountain Handlebars - Blue- 52,,R ,2018-07-26,
3623,AC-LO-557-60,LL Women's Tights - White- 60,,T ,2022-05-17,
3011,AC-CL-706-58,LL LL Mountain Frame - Yellow- 58,2881.0,,2024-08-09,
6027,CO-HS-467-60,ML Racing Socks - Yellow- 60,2627.0,S ,2018-12-20,2021-11-27
2173,CO-DE-936-48,HL LL Mountain Rear Wheel - Red- 48,1691.0,M ,2023-03-17,
5208,CL-JE-138-60,LL LL Road Rear Wheel - Yellow- 60,1794.0,T ,2011-10-20,
2511,CO-SA-267-42,HL Mountain Bike Socks - Black- 42,1138.0,M ,2024-11-04,2026-02-24
5738,CL-GL-168-48,ML HL Mountain Front Wheel - White- 48,394.0,R ,2014-11-03,2016-02-10
984,AC-HP-239-62,ML LL Road Handlebars - Blue- 62,1500.0,M ,2015-07-11,
1442,CO-RF-454-38,HL Hitch Rack - Blue- 38,3220.0,S ,2016-02-29,
1068,CO-FO-707-62,ML ML Road Handlebars - White- 62,2680.0,,2017-12-08,2021-03-18
5734,CL-CA-580-58,LL LL Mountain Handlebars - Yellow- 58,2021.0,T ,2011-07-19,2013-11-02
6335,CO-HS-688-38,ML Hydration Pack - Silver- 38,2835.0,S ,2018-06-19,2019-09-27
6433,CL-TI-592-42,ML LL Mountain Tire - Blue- 42,489.0,R ,2011-09-25,
5295,AC-LI-713-42,ML Mountain - Red- 42,,S ,2015-02-03,2019-02-01
3364,CO-HB-236-60,ML ML Road Rear Wheel - Blue- 60,989.0,S ,2017-04-18,2021-09-22
4803,CO-RF-681-52,LL Front Brakes - Red- 52,1688.0,T ,2018-02-14,
6836,CO-PD-461-58,LL ML Mountain Handlebars - Red- 58,348.0,M ,2015-10-07,
5913,AC-PA-170-38,HL Mountain Bottle Cage - White- 38,1998.0,S ,2020-09-20,2024-01-26
3640,CO-BR-953-58,HL HL Road Tire - Silver- 58,305.0,S ,2011-09-09,
6441,BI-MB-913-44,LL Fender Set - Blue- 44,2558.0,,2019-09-07,2021-09-17
6295,CO-BR-902-48,LL Women's Tights - Silver- 48,1385.0,M ,2014-07-08,
4370,CO-CS-379-38,HL LL Mountain Tire - Red- 38,1941.0,T ,2020-11-22,2024-06-13
6120,CL-TI-541-62,ML HL Road Front Wheel - Silver- 62,226.0,T ,2013-11-16,
4580,CO-BB-406-60,LL Headlights - Blue- 60,3393.0,M ,2016-03-20,2018-06-23
935,AC-HP-103-42,ML LL Road Pedal - Blue- 42,2577.0,R ,2018-09-09,
1889,CO-MF-611-42,LL HL Touring Frame - Blue- 42,,S ,2022-01-04,2024-06-03
5455,CO-CS-395-48,ML Cable Lock - Blue- 48,1736.0,S ,2021-04-19,
2411,CL-SH-670-44,ML HL Mountain Frame - Red- 44,928.0,R ,2011-10-18,
4153,CL-TI-676-42,ML LL Road Tire - Blue- 42,1185.0,S ,2016-10-04,2020-07-24
1573,CO-CH-580-38,HL Rear Derailleur - Red- 38,621.0,,2023-08-10,
620,CO-TF-531-58,HL Touring - Blue- 58,3298.0,R ,2011-11-06,
1040,AC-HP-811-48,HL ML Mountain Pedal - Blue- 48,2877.0,R ,2023-02-22,
3991,CL-TI-535-42,ML HL Headset - Silver- 42,752.0,M ,2018-04-19,
1122,CO-MF-115-38,HL Rear Derailleur - Yellow- 38,2126.0,T ,2012-07-23,
2302,CL-GL-159-48,ML LL Road Handlebars - Yellow- 48,1196.0,T ,2022-06-20,
600,CO-FO-847-38,ML AWC Logo Cap - Black- 38,20.0,R ,2018-10-26,2020-08-22
6574,CO-DE-556-48,ML HL Fork - Silver- 48,128.0,,2011-08-16,2013-06-03
6494,CO-DE-628-48,HL Women's Tights - Yellow- 48,2866.0,T ,2024-08-03,2027-06-18
5679,AC-CL-115-52,HL HL Road Tire - Silver- 52,2293.0,M ,2019-09-29,2024-05-18
5028,CL-TI-970-38,HL Touring Pedal - Black- 38,3318.0,S ,2023-01-08,2023-12-20
4567,AC-LI-195-62,ML ML Road Tire - White- 62,485.0,M ,2019-07-14,
5204,CO-CH-461-52,LL LL Mountain Front Wheel - Silver- 52,2061.0,M ,2018-02-09,
2453,CO-PD-986-60,LL HL Road Rear Wheel - Yellow- 60,3146.0,R ,2011-10-07,
6469,CL-SO-662-60,LL HL Road Seat/Saddle - Blue- 60,3350.0,T ,2013-07-20,
3333,CL-TI-951-60,HL Mountain - Silver- 60,,T ,2017-01-24,
3331,CO-FO-199-62,HL Mountain Pump - Yellow- 62,3016.0,S ,2012-10-27,2015-07-27
4167,AC-BR-479-42,LL HL Road Tire - Black- 42,2865.0,M ,2021-06-12,2022-11-29
928,AC-FE-266-38,LL Long - Black- 38,2025.0,R ,2011-12-22,
3662,CO-HB-530-48,LL Rear Brakes - Black- 48,3046.0,T ,2013-12-13,
2650,AC-PA-666-38,HL ML Mountain Pedal - White- 38,2958.0,R ,2013-03-27,
3466,CO-HB-407-60,ML LL Mountain Tire - Silver- 60,2957.0,R ,2021-09-16,
6373,CO-PD-308-52,HL LL Mountain Pedal - Yellow- 52,789.0,S ,2013-12-15,
6712,AC-LO-728-62,ML Short - Yellow- 62,636.0,R ,2023-10-09,2023-08-16
3318,AC-LO-323-38,HL HL Road Pedal - Black- 38,1352.0,R ,2014-11-26,2018-10-17
3621,AC-BR-137-42,ML Short - White- 42,1744.0,S ,2023-10-09,
6768,AC-BC-725-48,LL LL Touring Handlebars - Blue- 48,551.0,S ,2012-07-21,2014-09-03
3258,CL-TI-351-60,ML Road Bottle Cage - Blue- 60,-650.0,M ,2018-10-06,
5241,BI-RB-825-42,HL ML Road Rear Wheel - Yellow- 42,,T ,2021-07-07,2022-04-30
630,BI-RB-384-38,ML HL Touring Handlebars - White- 38,517.0,R ,2017-02-04,
2407,CO-HS-948-38,ML HL Crankset - White- 38,1451.0,,2023-01-13,
4315,CO-TF-217-44,LL HL Touring Seat/Saddle - Silver- 44,278.0,S ,2023-12-03,2027-07-17
4087,AC-LO-113-38,ML ML Road Rear Wheel - White- 38,3048.0,S ,2012-05-31,
4122,CO-WH-860-60,HL HL Road Pedal - White- 60,1251.0,S ,2019-12-28,
3327,CO-CH-427-62,ML LL Touring Frame - Silver- 62,1291.0,R ,2015-03-21,
2147,CO-CH-516-62,HL LL Mountain Rear Wheel - White- 62,3191.0,S ,2015-08-20,2020-03-10
1329,AC-LI-869-58,ML Mountain Bike Socks - Red- 58,738.0,M ,2017-05-07,2022-02-12
4325,CO-TF-876-58,LL LL Mountain Frame - Silver- 58,1778.0,M ,2011-12-23,
744,AC-BR-217-58,HL HL Mountain Handlebars - Silver- 58,3498.0,S ,2019-09-29,2021-09-16
758,CL-SO-883-48,LL ML Mountain Pedal - White- 48,20.0,T ,2022-05-13,2025-06-19
5890,CO-MF-102-48,HL Touring Rear Wheel - Black- 48,2146.0,S ,2017-12-21,
508,CL-SH-276-38,HL ML Mountain Seat/Saddle - Yellow- 38,2382.0,T ,2020-04-20,
3572,CL-VE-817-44,ML Rear Brakes - Yellow- 44,2078.0,M ,2020-10-23,
3939,CL-BS-327-44,HL HL Mountain Rear Wheel - Yellow- 44,2518.0,T ,2011-04-19,
2380,BI-RB-582-42,HL HL Road Rear Wheel - White- 42,,M ,2017-10-17,
1595,BI-RB-766-44,LL Mountain Bottle Cage - White- 44,1538.0,T ,2014-07-20,
3417,AC-PA-860-42,HL Front Brakes - White- 42,2784.0,R ,2022-06-13,2023-09-09
3345,CO-BB-561-48,ML Half - Red- 48,2185.0,S ,2019-03-17,
4109,AC-CL-452-62,LL LL Mountain Handlebars - Silver- 62,3420.0,R ,2015-06-16,
6756,CL-TI-322-42,LL Front Derailleur - Black- 42,1868.0,T ,2021-03-19,
5981,BI-RB-245-44,HL ML Mountain Front Wheel - Blue- 44,523.0,M ,2014-07-30,
5697,CO-RF-643-52,HL ML Road Frame - Silver- 52,1503.0,M ,2012-07-10,
4394,AC-CL-340-58,ML LL Bottom Bracket - Red- 58,94.0,R ,2016-06-27,2019-08-13
3368,BI-TB-443-38,HL LL Mountain Pedal - Silver- 38,1656.0,T ,2011-01-09,
5949,CO-HB-915-44,HL HL Bottom Bracket - Red- 44,3289.0,R ,2017-01-20,2017-10-23
307,CO-TF-878-60,HL Mountain Pump - Silver- 60,2496.0,T ,2015-10-05,
2309,CL-SO-959-44,HL LL Mountain Tire - White- 44,779.0,R ,2021-05-08,
6702,CO-TF-886-44,LL Touring Tire - White- 44,2423.0,T ,2012-08-31,
4815,CO-MF-957-58,ML Rear Brakes - Silver- 58,1556.0,S ,2012-07-01,2016-07-24
2469,CO-RF-706-38,ML All - White- 38,602.0,R ,2015-10-24,
5009,AC-PA-617-44,LL Rear Derailleur - Black- 44,2572.0,S ,2018-04-28,
2179,CO-MF-441-44,HL ML Mountain Seat/Saddle - Yellow- 44,451.0,T ,2016-11-03,2019-09-21
3004,CO-CS-431-42,HL Mountain Bike Socks - Silver- 42,443.0,R ,2023-01-13,
1255,CO-DE-689-42,ML Men's Sports Shorts - Silver- 42,1772.0,M ,2020-06-08,2024-09-21
5812,CL-JE-365-60,ML Road Bottle Cage - Yellow- 60,2497.0,M ,2020-12-20,
1149,CO-BB-291-44,ML HL Mountain Frame - Yellow- 44,1107.0,,2020-07-27,
5735,CL-GL-992-48,ML HL Fork - Blue- 48,,R ,2018-07-22,
6114,CL-SH-528-58,HL HL Road Front Wheel - Red- 58,2505.0,M ,2011-10-21,
6217,AC-HP-458-52,ML HL Mountain Frame - Yellow- 52,3039.0,M ,2022-09-23,
6834,CO-TF-281-60,LL ML Road Rear Wheel - Blue- 60,2565.0,T ,2017-05-05,2021-06-01
817,BI-RB-204-48,LL HL Crankset - Blue- 48,3156.0,R ,2021-06-17,2023-12-26
2736,CO-CS-109-38,LL LL Mountain Handlebars - Yellow- 38,1911.0,S ,2017-01-20,2019-10-23
2749,CO-CS-251-44,HL HL Touring Frame - White- 44,2545.0,S ,2014-04-25,
1280,AC-PA-879-52,LL Mountain Bike Socks - Silver- 52,3120.0,S ,2021-12-19,
6718,AC-FE-800-62,ML ML Road Front Wheel - White- 62,1208.0,,2023-02-09,
506,AC-PU-743-38,ML HL Touring Frame - Yellow- 38,3322.0,,2013-02-17,
259,CO-WH-439-60,ML LL Road Frame - White- 60,279.0,S ,2024-09-04,
5817,AC-HP-266-44,HL LL Crankset - White- 44,2317.0,R ,2015-10-18,
434,AC-PA-255-44,HL ML Road Front Wheel - Yellow- 44,1327.0,R ,2024-12-24,
1984,CL-VE-300-48,ML LL Road Frame - White- 48,51.0,M ,2012-08-12,2016-02-09
1453,CL-GL-220-62,LL HL Road Frame - White- 62,2612.0,T ,2013-12-04,
3489,BI-MB-883-60,HL Hydration Pack - Black- 60,107.0,S ,2020-09-14,2021-06-13
2131,AC-BR-275-42,HL LL Bottom Bracket - Red- 42,3202.0,S ,2022-09-03,
1060,BI-MB-827-58,HL Road Tire Tube - Silver- 58,2073.0,R ,2014-01-08,
6091,CL-TI-157-52,LL Hitch Rack - White- 52,27.0,T ,2011-06-09,
1435,AC-HE-319-44,ML Road - Silver- 44,448.0,S ,2011-03-26,
4868,BI-MB-656-44,HL Touring - White- 44,2336.0,M ,2013-06-15,
3062,CO-FO-267-62,ML Men's Bib - Red- 62,44.0,S ,2023-08-03,2026-09-14
4910,CL-TI-574-58,HL HL Road Rear Wheel - Red- 58,,M ,2016-05-12,2019-08-08
3527,CO-TF-316-42,HL Water Bottle - Yellow- 42,1095.0,M ,2020-09-01,
652,CO-MF-595-60,HL LL Road Seat/Saddle - Blue- 60,2130.0,S ,2018-01-25,2021-06-03
2682,AC-CL-480-62,HL ML Mountain Seat/Saddle - Silver- 62,1879.0,S ,2023-06-08,2024-01-06
5904,CL-BS-708-60,HL Full - White- 60,2373.0,S ,2018-06-27,2019-05-07
5330,AC-LO-992-60,HL ML Headset - Silver- 60,387.0,S ,2020-06-17,2021-11-24
2797,CL-VE-640-48,LL Sport - Yellow- 48,383.0,R ,2017-04-10,2018-06-10
3025,CO-FO-965-48,HL HL Road Front Wheel - Silver- 48,1401.0,T ,2014-08-13,2016-08-15
3126,CO-DE-249-42,HL ML Touring Seat/Saddle - Yellow- 42,2724.0,T ,2015-02-19,
397,BI-MB-585-62,LL ML Road Rear Wheel - Blue- 62,2049.0,T ,2017-11-13,
4712,CO-BB-212-42,LL All - Silver- 42,3439.0,S ,2015-11-28,
5478,CO-HS-520-58,LL Road - Blue- 58,2431.0,T ,2015-08-25,2018-01-03
3009,CO-TF-175-62,LL HL Mountain Front Wheel - Blue- 62,,T ,2014-05-19,
4113,CO-WH-496-42,LL LL Headset - Red- 42,208.0,S ,2016-01-30,2018-02-15
4285,AC-CL-653-52,HL LL Mountain Frame - Blue- 52,1983.0,T ,2019-10-11,2022-08-22
6857,AC-LO-136-44,LL LL Mountain Frame - Black- 44,1108.0,,2023-10-24,2024-08-19
671,AC-TT-503-44,ML ML Mountain Tire - White- 44,2462.0,R ,2023-11-13,2027-12-12
4976,CL-SO-798-38,HL HL Touring Handlebars - Black- 38,3150.0,M ,2019-07-18,
3341,AC-BS-140-38,ML ML Mountain Tire - White- 38,1170.0,S ,2016-12-12,2019-01-29
6263,CL-BS-454-38,LL Sport - White- 38,1096.0,M ,2017-12-14,2021-05-02
924,CL-SO-219-52,LL HL Mountain Pedal - Yellow- 52,2681.0,R ,2014-10-06,
5656,CO-PD-402-42,HL All - Red- 42,2050.0,S ,2023-04-01,
4730,AC-PU-426-48,HL Touring Pedal - White- 48,3226.0,S ,2011-01-30,2012-02-28
6397,AC-PU-993-62,HL ML Road Tire - Blue- 62,1536.0,,2016-10-23,2020-07-05
845,CO-BR-300-42,LL Road - Silver- 42,,S ,2015-11-11,
4295,CO-SA-562-42,ML ML Road Rear Wheel - Yellow- 42,,S ,2011-10-21,2015-03-18
4834,AC-HP-815-38,HL Mountain Bike Socks - White- 38,312.0,,2012-08-04,2014-04-24
2476,CO-PD-294-62,HL LL Mountain Tire - Red- 62,1601.0,M ,2016-05-20,
4250,CO-HB-590-38,LL HL Mountain Tire - White- 38,1967.0,R ,2017-04-09,
4252,CO-BR-941-48,HL ML Road Pedal - Red- 48,3279.0,M ,2015-05-20,2018-10-29
1975,BI-TB-596-42,ML Mountain Bike Socks - Blue- 42,1966.0,S ,2018-09-05,2020-12-05
2557,AC-CL-144-38,ML LL Bottom Bracket - Red- 38,2180.0,T ,2020-01-23,2021-11-24
5224,AC-CL-613-38,HL LL Road Frame - Black- 38,739.0,R ,2022-07-18,2024-07-30
3113,AC-LI-623-62,HL LL Road Handlebars - Silver- 62,1701.0,T ,2022-11-17,2024-11-30
5804,CO-MF-723-52,ML Women's Tights - Red- 52,1945.0,S ,2021-08-22,2025-08-08
819,CO-SA-860-52,HL Touring Tire Tube - White- 52,366.0,M ,2020-07-07,2022-10-31
695,CO-WH-427-62,ML LL Road Pedal - White- 62,1969.0,T ,2018-07-10,2022-07-09
5784,AC-BR-116-48,HL Touring Pedal - Yellow- 48,2119.0,T ,2015-01-19,
1295,CO-DE-938-60,LL LL Road Rear Wheel - Silver- 60,-1451.0,M ,2016-02-08,2020-10-16
2339,CO-BR-387-58,HL Chain - White- 58,1444.0,S ,2016-05-30,
6010,CO-CH-634-58,ML HL Touring Handlebars - Blue- 58,1744.0,S ,2017-07-11,
4630,CO-RF-668-60,ML LL Road Pedal - Black- 60,,R ,2017-04-23,2018-11-08
3748,CL-VE-735-48,HL ML Mountain Rear Wheel - Black- 48,2130.0,M ,2019-05-06,
3338,AC-CL-446-52,ML Minipump - Yellow- 52,2554.0,T ,2019-09-12,2022-01-04
229,BI-MB-247-38,ML Classic Vest - Blue- 38,1852.0,R ,2016-11-07,2017-10-03
6808,AC-BC-434-44,ML Mountain Pump - Silver- 44,53.0,T ,2017-09-17,
5144,AC-CL-392-58,HL ML Road Tire - Red- 58,2786.0,M ,2015-05-24,
6327,AC-BC-346-42,LL Road - Yellow- 42,,R ,2025-02-23,
1883,BI-MB-996-52,ML LL Road Handlebars - Blue- 52,2184.0,T ,2021-02-22,2021-10-07
5646,CO-DE-873-38,LL Full - Blue- 38,2270.0,S ,2019-08-03,
6388,CL-VE-124-42,ML ML Mountain Tire - Black- 42,883.0,T ,2011-05-21,
3066,CL-TI-623-60,LL Full - Blue- 60,2329.0,M ,2013-04-08,
2000,AC-HP-969-42,LL Water Bottle - White- 42,1225.0,S ,2012-08-28,
5918,CO-FO-193-58,LL ML Road Seat/Saddle - White- 58,2043.0,T ,2012-07-04,2017-04-17
5828,AC-PA-724-44,LL LL Mountain Tire - White- 44,2106.0,S ,2012-10-31,2014-06-01
5106,CO-SA-880-62,ML Cable Lock - Blue- 62,1089.0,T ,2019-01-02,
5885,CL-GL-846-58,LL Chain - White- 58,1966.0,S ,2017-11-20,
306,AC-LO-837-58,LL HL Crankset - Black- 58,2403.0,,2023-05-07,2024-08-10
3365,CO-BB-895-48,ML ML Bottom Bracket - Silver- 48,,S ,2025-01-23,
2704,CO-MF-260-60,HL LL Road Seat/Saddle - White- 60,1373.0,S ,2013-08-27,2013-03-28
4780,AC-CL-912-44,LL Front Brakes - Blue- 44,539.0,S ,2011-08-31,
6094,BI-TB-326-52,HL LL Touring Frame - Black- 52,,S ,2019-11-23,2024-10-25
576,AC-CL-951-62,HL LL Road Tire - Red- 62,1625.0,R ,2018-10-12,2021-09-16
6203,CO-RF-975-60,ML Mountain Bottle Cage - Silver- 60,1644.0,,2020-09-15,
1931,CL-VE-234-58,ML LL Mountain Rear Wheel - Silver- 58,1474.0,S ,2020-05-29,2022-05-12
3867,CO-TF-971-58,ML ML Mountain Handlebars - White- 58,547.0,S ,2015-02-02,2019-09-03
2119,AC-BS-511-52,ML HL Touring Handlebars - Black- 52,2821.0,R ,2012-05-06,
5066,CO-MF-527-48,LL HL Mountain Front Wheel - Red- 48,677.0,S ,2015-05-26,2017-01-21
1128,CL-CA-969-62,ML Full - White- 62,2090.0,S ,2014-09-07,
1635,AC-PA-615-58,HL LL Mountain Handlebars - White- 58,308.0,M ,2013-10-22,
3017,CO-BR-186-48,HL Full - Yellow- 48,378.0,S ,2018-12-06,2020-02-05
4698,CO-BR-260-62,ML ML Mountain Front Wheel - Blue- 62,,R ,2023-12-25,
3775,CO-WH-510-44,ML Racing Socks - White- 44,1311.0,S ,2024-02-13,2025-12-06
6075,AC-PU-507-44,ML ML Road Seat/Saddle - Silver- 44,2395.0,R ,2019-08-07,
4812,BI-RB-130-42,LL Classic Vest - Red- 42,1167.0,R ,2014-07-15,
4740,BI-TB-720-44,ML HL Mountain Frame - White- 44,2450.0,R ,2014-12-11,
3200,CL-BS-955-44,HL Front Brakes - Blue- 44,1399.0,R ,2017-11-13,
6353,BI-RB-311-62,LL ML Road Front Wheel - White- 62,2871.0,M ,2017-02-22,2021-12-07
6137,AC-HE-202-44,LL HL Road Seat/Saddle - Red- 44,494.0,S ,2013-01-02,
5891,AC-PA-432-48,LL Mountain Bike Socks - Blue- 48,2150.0,S ,2022-07-09,2025-04-27
3601,AC-BC-915-52,ML ML Mountain Pedal - White- 52,,S ,2023-05-13,
6889,CL-TI-976-42,ML ML Mountain Tire - Black- 42,1367.0,T ,2018-04-28,
4438,CL-GL-330-48,LL Hitch Rack - Black- 48,2962.0,M ,2012-12-18,2016-06-14
3332,CO-BB-870-58,LL Touring Pedal - Blue- 58,59.0,T ,2022-05-26,
3520,CO-DE-172-44,HL HL Road Seat/Saddle - Yellow- 44,2629.0,S ,2014-01-01,
1798,CO-SA-340-60,LL Mountain Bottle Cage - Silver- 60,2256.0,S ,2022-06-23,
3874,CO-RF-130-58,HL HL Mountain Front Wheel - Yellow- 58,1012.0,T ,2017-11-14,
2708,CL-BS-489-62,ML Headlights - Silver- 62,,,2019-07-28,
241,AC-BS-684-44,HL HL Mountain Frame - Black- 44,1993.0,M ,2015-02-16,
6475,AC-BS-708-44,LL AWC Logo Cap - Silver- 44,2953.0,T ,2018-12-19,
3493,CO-CH-568-52,HL LL Road Front Wheel - Blue- 52,1565.0,T ,2015-01-26,
1585,AC-HP-911-42,HL Mountain Tire Tube - Black- 42,2096.0,T ,2013-04-02,
1536,AC-FE-957-42,ML LL Road Seat/Saddle - Red- 42,776.0,T ,2019-04-11,
3990,AC-HP-735-38,ML LL Mountain Seat/Saddle - White- 38,2182.0,R ,2018-11-11,2020-11-28
5418,AC-BR-600-60,ML ML Mountain Tire - Black- 60,,R ,2014-03-11,2016-04-10
1559,AC-HP-741-38,ML Front Derailleur - Yellow- 38,,T ,2012-07-23,2013-10-10
465,CO-TF-511-60,HL Mountain - White- 60,,S ,2012-03-27,
5198,CL-GL-211-62,HL HL Road Seat/Saddle - Yellow- 62,349.0,S ,2019-03-02,2020-02-10
3852,CO-RF-352-62,LL Full - Yellow- 62,733.0,S ,2015-07-15,
3832,CL-VE-611-44,ML ML Road Front Wheel - Blue- 44,3456.0,S ,2021-10-28,2026-09-16
6713,CL-JE-257-48,LL HL Fork - Silver- 48,366.0,M ,2021-09-08,
4357,CL-TI-135-60,ML Racing Socks - Black- 60,548.0,R ,2012-01-07,
5181,CO-HB-607-44,LL Mountain Bottle Cage - White- 44,3473.0,S ,2020-03-02,
5244,CL-SO-893-38,HL HL Mountain Rear Wheel - Yellow- 38,575.0,S ,2013-03-13,
5432,AC-TT-669-58,ML LL Touring Frame - Yellow- 58,422.0,,2016-06-26,
5525,AC-CL-870-44,ML Women's Mountain Shorts - Silver- 44,347.0,R ,2013-05-29,2016-08-18
2937,AC-CL-130-60,ML ML Crankset - Silver- 60,618.0,T ,2012-03-19,2015-07-13
3910,CO-TF-913-52,HL ML Headset - Black- 52,676.0,T ,2013-06-03,2013-12-28
334,CO-MF-943-52,HL HL Mountain Front Wheel - White- 52,873.0,M ,2022-10-18,
6758,CL-TI-504-58,ML ML Road Rear Wheel - Silver- 58,1658.0,S ,2012-09-06,
2988,CO-HS-656-42,LL HL Road Handlebars - Yellow- 42,1464.0,S ,2019-07-26,
3089,CO-PD-267-44,HL Cable Lock - White- 44,1989.0,R ,2011-09-07,
5377,AC-HP-966-38,LL Front Brakes - Yellow- 38,355.0,R ,2017-11-16,
2983,AC-BS-655-62,LL LL Touring Seat/Saddle - White- 62,925.0,T ,2011-03-09,2013-11-11
2845,AC-BC-818-60,ML LL Mountain Rear Wheel - Blue- 60,2836.0,R ,2014-03-30,
643,CL-SH-304-42,HL ML Road Handlebars - Blue- 42,2974.0,R ,2012-08-12,
4980,CO-TF-716-60,ML Half - Blue- 60,2767.0,S ,2015-03-21,
3545,CO-HS-732-52,ML HL Mountain Rear Wheel - Blue- 52,3397.0,T ,2021-12-19,
6714,CL-VE-290-62,HL LL Mountain Rear Wheel - Silver- 62,,M ,2011-10-28,2013-02-03
1309,CO-TF-940-38,LL LL Road Pedal - Blue- 38,535.0,S ,2012-11-29,2016-04-10
2724,CO-PD-477-58,ML Front Derailleur - Black- 58,2.0,R ,2015-09-25,
6653,AC-BC-152-58,ML HL Road Pedal - Yellow- 58,710.0,T ,2023-08-10,
3816,CO-CH-703-58,ML LL Touring Frame - Black- 58,1636.0,T ,2020-02-16,2024-07-21
5914,CL-SO-602-44,HL HL Touring Frame - Black- 44,2716.0,R ,2022-06-22,
6847,CO-SA-322-60,LL LL Road Handlebars - Yellow- 60,655.0,,2019-08-17,
2785,CO-BB-854-62,LL HL Mountain Seat/Saddle - Black- 62,1541.0,R ,2016-10-09,
